EastWest	Quantum Leap Rare Instruments	Europe	Alpenhorn C6-G6	
EastWest	Quantum Leap Rare Instruments	Europe	Alpenhorn Stac	
EastWest	Quantum Leap Rare Instruments	Europe	Gadulka C1-A#1	
EastWest	Quantum Leap Rare Instruments	Europe	Gadulka Resonance	
EastWest	Quantum Leap Rare Instruments	Europe	Highland Pipes VS	
EastWest	Quantum Leap Rare Instruments	Europe	Hurdy Gurdy Drones C6-G6	
EastWest	Quantum Leap Rare Instruments	Europe	Hurdy Gurdy Grooves C5-A5	
EastWest	Quantum Leap Rare Instruments	Europe	Hurdy Gurdy Melody C2-F2	
EastWest	Quantum Leap Rare Instruments	Europe	Irish Low Whistle C2-D3	
EastWest	Quantum Leap Rare Instruments	Europe	Launeddas C1-D#1	
EastWest	Quantum Leap Rare Instruments	Europe	Uilleann Drone and Regulators	
EastWest	Quantum Leap Rare Instruments	Europe	Uilleann Pipes C2-D2 VS	
EastWest	Quantum Leap Rare Instruments	Far East	Chinese Gong 34 inches	
EastWest	Quantum Leap Rare Instruments	Far East	Chinese Gong VS	
EastWest	Quantum Leap Rare Instruments	Far East	Dragon Taiko 1	
EastWest	Quantum Leap Rare Instruments	Far East	Dragon Taiko 2	
EastWest	Quantum Leap Rare Instruments	Far East	Erhu C1-E2	
EastWest	Quantum Leap Rare Instruments	Far East	Rag Dung C1-G1	
EastWest	Quantum Leap Rare Instruments	Far East	Rare Instruments Demo	
EastWest	Quantum Leap Rare Instruments	Far East	Taiko  Punchy	
EastWest	Quantum Leap Rare Instruments	Far East	Taiko Bass Drum	
EastWest	Quantum Leap Rare Instruments	Far East	Taiko Big and Bassy	
EastWest	Quantum Leap Rare Instruments	Far East	Taiko Big Punch	
EastWest	Quantum Leap Rare Instruments	Far East	Taiko Big Resonance	
EastWest	Quantum Leap Rare Instruments	Far East	Taiko Deep and Woody	
EastWest	Quantum Leap Rare Instruments	Far East	Taiko Earthquake	
EastWest	Quantum Leap Rare Instruments	Far East	Taiko Ensemble Mod fltr	
EastWest	Quantum Leap Rare Instruments	Far East	Taiko Hands	
EastWest	Quantum Leap Rare Instruments	Far East	Taiko Light and Bassy	
EastWest	Quantum Leap Rare Instruments	Far East	Taiko Light Sticks	
EastWest	Quantum Leap Rare Instruments	Far East	Taiko Med. Sticks	
EastWest	Quantum Leap Rare Instruments	Far East	Taiko Medium Room	
EastWest	Quantum Leap Rare Instruments	Far East	Taiko Punchy 2	
EastWest	Quantum Leap Rare Instruments	Far East	Taiko Room Amb	
EastWest	Quantum Leap Rare Instruments	Far East	Taiko Soft 2X Hits	
EastWest	Quantum Leap Rare Instruments	Far East	Taiko Thunder	
EastWest	Quantum Leap Rare Instruments	Far East	Thai Gong 23 inches	
EastWest	Quantum Leap Rare Instruments	Far East	Thai Gong VS	
EastWest	Quantum Leap Rare Instruments	Middle East and India	Duduk Drones C1-D#1 Mod fltr	
EastWest	Quantum Leap Rare Instruments	Middle East and India	Duduk Licks 2 C1-D#2 Mod fltr	
EastWest	Quantum Leap Rare Instruments	Middle East and India	Duduk Licks 3 C1-G1 Mod fltr	
EastWest	Quantum Leap Rare Instruments	Middle East and India	Duduk Sus C1-D#2 Mod fltr	
EastWest	Quantum Leap Rare Instruments	Middle East and India	M. Eastern Fiddle C1-B1	
EastWest	Quantum Leap Rare Instruments	Middle East and India	QL Tablas 1	
EastWest	Quantum Leap Rare Instruments	Middle East and India	Sarangi C1-D#2	
EastWest	Quantum Leap Rare Instruments	Middle East and India	Sarangi Extra C1-F#1	
EastWest	Quantum Leap Rare Instruments	Middle East and India	Sarangi Resonance Trails	