Roland	JV-2080	Patch -> USER	001 2 0 8 0	
Roland	JV-2080	Patch -> USER	002 Keep :-)	
Roland	JV-2080	Patch -> USER	003 Temple of JV	
Roland	JV-2080	Patch -> USER	004 Adrenaline	
Roland	JV-2080	Patch -> USER	005 Rich Dynapad	
Roland	JV-2080	Patch -> USER	006 Morning Lite	
Roland	JV-2080	Patch -> USER	007 Rain Forest	
Roland	JV-2080	Patch -> USER	008 Str + Winds	
Roland	JV-2080	Patch -> USER	009 Booster Bips	
Roland	JV-2080	Patch -> USER	010 Jupiterings	
Roland	JV-2080	Patch -> USER	011 Sm.Brass Grp	
Roland	JV-2080	Patch -> USER	012 Techno Dream	
Roland	JV-2080	Patch -> USER	013 Trancing Pad	
Roland	JV-2080	Patch -> USER	014 Mental Chord	
Roland	JV-2080	Patch -> USER	015 Feed Me!	
Roland	JV-2080	Patch -> USER	016 3 Osc Brass	
Roland	JV-2080	Patch -> USER	017 Planet Asia	
Roland	JV-2080	Patch -> USER	018 PieceOfCheez	
Roland	JV-2080	Patch -> USER	019 December Sky	
Roland	JV-2080	Patch -> USER	020 East Europe	
Roland	JV-2080	Patch -> USER	021 RiversOfTime	
Roland	JV-2080	Patch -> USER	022 RD-1000	
Roland	JV-2080	Patch -> USER	023 Civilization	
Roland	JV-2080	Patch -> USER	024 Pulsatronic	
Roland	JV-2080	Patch -> USER	025 Ring E.Piano	
Roland	JV-2080	Patch -> USER	026 Creamy	
Roland	JV-2080	Patch -> USER	027 Echo Rhodes	
Roland	JV-2080	Patch -> USER	028 202 Rude Bs	
Roland	JV-2080	Patch -> USER	029 HolidayCheer	
Roland	JV-2080	Patch -> USER	030 Glider	
Roland	JV-2080	Patch -> USER	031 Atmos Harp	
Roland	JV-2080	Patch -> USER	032 Phobos	
Roland	JV-2080	Patch -> USER	033 VintagePlunk	
Roland	JV-2080	Patch -> USER	034 Dirty Organ	
Roland	JV-2080	Patch -> USER	035 X..? Whistle	
Roland	JV-2080	Patch -> USER	036 Acid TB	
Roland	JV-2080	Patch -> USER	037 Rotodreams	
Roland	JV-2080	Patch -> USER	038 Analog Drama	
Roland	JV-2080	Patch -> USER	039 Cyber Dreams	
Roland	JV-2080	Patch -> USER	040 P5 Polymod	
Roland	JV-2080	Patch -> USER	041 Clear Guitar	
Roland	JV-2080	Patch -> USER	042 Progresso Ld	
Roland	JV-2080	Patch -> USER	043 pp Harmonium	
Roland	JV-2080	Patch -> USER	044 Blue Notes	
Roland	JV-2080	Patch -> USER	045 RingSequence	
Roland	JV-2080	Patch -> USER	046 Enlighten	
Roland	JV-2080	Patch -> USER	047 Brass Mutes	
Roland	JV-2080	Patch -> USER	048 FM BellPiano	
Roland	JV-2080	Patch -> USER	049 SH-2000	
Roland	JV-2080	Patch -> USER	050 Shadows	
Roland	JV-2080	Patch -> USER	051 Far East	
Roland	JV-2080	Patch -> USER	052 Tube Smoke	
Roland	JV-2080	Patch -> USER	053 Organizer	
Roland	JV-2080	Patch -> USER	054 Full Orchest	
Roland	JV-2080	Patch -> USER	055 B'on d'moov!	
Roland	JV-2080	Patch -> USER	056 Prefab Chime	
Roland	JV-2080	Patch -> USER	057 Player's EP	
Roland	JV-2080	Patch -> USER	058 BandPass Mod	
Roland	JV-2080	Patch -> USER	059 4pole Bass	
Roland	JV-2080	Patch -> USER	060 Octapad	
Roland	JV-2080	Patch -> USER	061 Wire Pad	
Roland	JV-2080	Patch -> USER	062 Warm Pipe	
Roland	JV-2080	Patch -> USER	063 Spectrum Mod	
Roland	JV-2080	Patch -> USER	064 D-50 Rhodes	
Roland	JV-2080	Patch -> USER	065 Solo Strat	
Roland	JV-2080	Patch -> USER	066 Dist TB-303	
Roland	JV-2080	Patch -> USER	067 Soap Opera	
Roland	JV-2080	Patch -> USER	068 Pilgrimage	
Roland	JV-2080	Patch -> USER	069 Sax Choir	
Roland	JV-2080	Patch -> USER	070 Dimensional	
Roland	JV-2080	Patch -> USER	071 Stacc.Heaven	
Roland	JV-2080	Patch -> USER	072 PhaseBlipper	
Roland	JV-2080	Patch -> USER	073 Pure Pipe	
Roland	JV-2080	Patch -> USER	074 Afterlife	
Roland	JV-2080	Patch -> USER	075 JUNO Power!	
Roland	JV-2080	Patch -> USER	076 See-Thru EP	
Roland	JV-2080	Patch -> USER	077 JX SqrCarpet	
Roland	JV-2080	Patch -> USER	078 Phaser MC	
Roland	JV-2080	Patch -> USER	079 Harpsy Clav	
Roland	JV-2080	Patch -> USER	080 Blusey OD	
Roland	JV-2080	Patch -> USER	081 Belfry Chime	
Roland	JV-2080	Patch -> USER	082 Scat Flute	
Roland	JV-2080	Patch -> USER	083 Soundtraque	
Roland	JV-2080	Patch -> USER	084 House Chord	
Roland	JV-2080	Patch -> USER	085 Glass Blower	
Roland	JV-2080	Patch -> USER	086 DesertCrystl	
Roland	JV-2080	Patch -> USER	087 Breathy Brs	
Roland	JV-2080	Patch -> USER	088 Jay Vee Solo	
Roland	JV-2080	Patch -> USER	089 Upright Pno	
Roland	JV-2080	Patch -> USER	090 Darkshine	
Roland	JV-2080	Patch -> USER	091 Exotic Velo	
Roland	JV-2080	Patch -> USER	092 Surf's Up!	
Roland	JV-2080	Patch -> USER	093 Grindstone	
Roland	JV-2080	Patch -> USER	094 Stringsheen	
Roland	JV-2080	Patch -> USER	095 2pole Bass	
Roland	JV-2080	Patch -> USER	096 D50FantaPerc	
Roland	JV-2080	Patch -> USER	097 Resojuice	
Roland	JV-2080	Patch -> USER	098 Silicon Str	
Roland	JV-2080	Patch -> USER	099 Cyber Swing	
Roland	JV-2080	Patch -> USER	100 Royale	
Roland	JV-2080	Patch -> USER	101 Echo Piano	
Roland	JV-2080	Patch -> USER	102 Sequalog	
Roland	JV-2080	Patch -> USER	103 Translucence	
Roland	JV-2080	Patch -> USER	104 Organesque	
Roland	JV-2080	Patch -> USER	105 Solo Steel	
Roland	JV-2080	Patch -> USER	106 Ballad Trump	
Roland	JV-2080	Patch -> USER	107 Dulcitar	
Roland	JV-2080	Patch -> USER	108 2.2 Bell Pad	
Roland	JV-2080	Patch -> USER	109 Flute 2080	
Roland	JV-2080	Patch -> USER	110 Plik-Plok	
Roland	JV-2080	Patch -> USER	111 Triumph Brs	
Roland	JV-2080	Patch -> USER	112 Sweep Clav	
Roland	JV-2080	Patch -> USER	113 GR500 TmpDly	
Roland	JV-2080	Patch -> USER	114 Unearthly	
Roland	JV-2080	Patch -> USER	115 Gluey Pad	
Roland	JV-2080	Patch -> USER	116 Innocent EP	
Roland	JV-2080	Patch -> USER	117 Earth Blow	
Roland	JV-2080	Patch -> USER	118 D'light	
Roland	JV-2080	Patch -> USER	119 Perky Noize	
Roland	JV-2080	Patch -> USER	120 Mod DirtyWav	
Roland	JV-2080	Patch -> USER	121 Miniphaser	
Roland	JV-2080	Patch -> USER	122 Sci-Fi Str	
Roland	JV-2080	Patch -> USER	123 OD 5ths	
Roland	JV-2080	Patch -> USER	124 Glistening	
Roland	JV-2080	Patch -> USER	125 Droplet	
Roland	JV-2080	Patch -> USER	126 Silky Way	
Roland	JV-2080	Patch -> USER	127 Helium Queen	
Roland	JV-2080	Patch -> USER	128 Sci-Fi FX x4	
Roland	JV-2080	Patch -> PR-A	001 64voicePiano	Renamed to "128voicePno" in the VST
Roland	JV-2080	Patch -> PR-A	002 Bright Piano	
Roland	JV-2080	Patch -> PR-A	003 Classique	
Roland	JV-2080	Patch -> PR-A	004 Nice Piano	
Roland	JV-2080	Patch -> PR-A	005 Piano Thang	
Roland	JV-2080	Patch -> PR-A	006 Power Grand	
Roland	JV-2080	Patch -> PR-A	007 House Piano	
Roland	JV-2080	Patch -> PR-A	008 E.Grand	
Roland	JV-2080	Patch -> PR-A	009 MIDIed Grand	
Roland	JV-2080	Patch -> PR-A	010 Piano Blend	
Roland	JV-2080	Patch -> PR-A	011 West Coast	
Roland	JV-2080	Patch -> PR-A	012 PianoStrings	
Roland	JV-2080	Patch -> PR-A	013 Bs/Pno+Brs	
Roland	JV-2080	Patch -> PR-A	014 Waterhodes	Renamed to "Water EP" in the VST
Roland	JV-2080	Patch -> PR-A	015 S.A.E.P.	
Roland	JV-2080	Patch -> PR-A	016 SA Rhodes 1	Renamed to "SA EP 1" in the VST
Roland	JV-2080	Patch -> PR-A	017 SA Rhodes 2	Renamed to "SA EP 2" in the VST
Roland	JV-2080	Patch -> PR-A	018 Stiky Rhodes	Renamed to "Stiky EP" in the VST
Roland	JV-2080	Patch -> PR-A	019 Dig Rhodes	Renamed to "Dig EP" in the VST
Roland	JV-2080	Patch -> PR-A	020 Nylon EPiano	
Roland	JV-2080	Patch -> PR-A	021 Nylon Rhodes	Renamed to "Nylon EP" in the VST
Roland	JV-2080	Patch -> PR-A	022 Rhodes Mix	Renamed to "EP Mix" in the VST
Roland	JV-2080	Patch -> PR-A	023 PsychoRhodes	Renamed to "Psycho EP" in the VST
Roland	JV-2080	Patch -> PR-A	024 Tremo Rhodes	Renamed to "Tremo EP" in the VST
Roland	JV-2080	Patch -> PR-A	025 MK-80 Rhodes	Renamed to "MK-80 EP" in the VST
Roland	JV-2080	Patch -> PR-A	026 MK-80 Phaser	
Roland	JV-2080	Patch -> PR-A	027 Delicate EP	
Roland	JV-2080	Patch -> PR-A	028 Octa Rhodes1	Renamed to "Octa EP 1" in the VST
Roland	JV-2080	Patch -> PR-A	029 Octa Rhodes2	Renamed to "Octa EP 2" in the VST
Roland	JV-2080	Patch -> PR-A	030 JV Rhodes+	Renamed to "JV EP+" in the VST
Roland	JV-2080	Patch -> PR-A	031 EP+Mod Pad	
Roland	JV-2080	Patch -> PR-A	032 Mr.Mellow	
Roland	JV-2080	Patch -> PR-A	033 Comp Clav	
Roland	JV-2080	Patch -> PR-A	034 Klavinet	
Roland	JV-2080	Patch -> PR-A	035 Winger Clav	
Roland	JV-2080	Patch -> PR-A	036 Phaze Clav 1	
Roland	JV-2080	Patch -> PR-A	037 Phaze Clav 2	
Roland	JV-2080	Patch -> PR-A	038 Phuzz Clav	
Roland	JV-2080	Patch -> PR-A	039 Chorus Clav	
Roland	JV-2080	Patch -> PR-A	040 Claviduck	
Roland	JV-2080	Patch -> PR-A	041 Velo-Rez Clv	
Roland	JV-2080	Patch -> PR-A	042 Clavicembalo	
Roland	JV-2080	Patch -> PR-A	043 Analog Clav1	
Roland	JV-2080	Patch -> PR-A	044 Analog Clav2	
Roland	JV-2080	Patch -> PR-A	045 Metal Clav	
Roland	JV-2080	Patch -> PR-A	046 Full Stops	
Roland	JV-2080	Patch -> PR-A	047 Ballad B	
Roland	JV-2080	Patch -> PR-A	048 Mellow Bars	
Roland	JV-2080	Patch -> PR-A	049 AugerMentive	
Roland	JV-2080	Patch -> PR-A	050 Perky B	
Roland	JV-2080	Patch -> PR-A	051 The Big Spin	
Roland	JV-2080	Patch -> PR-A	052 Gospel Spin	
Roland	JV-2080	Patch -> PR-A	053 Roller Spin	
Roland	JV-2080	Patch -> PR-A	054 Rocker Spin	
Roland	JV-2080	Patch -> PR-A	055 Tone Wh.Solo	
Roland	JV-2080	Patch -> PR-A	056 Purple Spin	
Roland	JV-2080	Patch -> PR-A	057 60's LeadORG	
Roland	JV-2080	Patch -> PR-A	058 Assalt Organ	
Roland	JV-2080	Patch -> PR-A	059 D-50 Organ	
Roland	JV-2080	Patch -> PR-A	060 Cathedral	
Roland	JV-2080	Patch -> PR-A	061 Church Pipes	
Roland	JV-2080	Patch -> PR-A	062 Poly Key	
Roland	JV-2080	Patch -> PR-A	063 Poly Saws	
Roland	JV-2080	Patch -> PR-A	064 Poly Pulse	
Roland	JV-2080	Patch -> PR-A	065 Dual Profs	
Roland	JV-2080	Patch -> PR-A	066 Saw Mass	
Roland	JV-2080	Patch -> PR-A	067 Poly Split	
Roland	JV-2080	Patch -> PR-A	068 Poly Brass	
Roland	JV-2080	Patch -> PR-A	069 Stackoid	
Roland	JV-2080	Patch -> PR-A	070 Poly Rock	
Roland	JV-2080	Patch -> PR-A	071 D-50 Stack	
Roland	JV-2080	Patch -> PR-A	072 Fantasia JV	
Roland	JV-2080	Patch -> PR-A	073 Jimmee Dee	
Roland	JV-2080	Patch -> PR-A	074 Heavenals	
Roland	JV-2080	Patch -> PR-A	075 Mallet Pad	
Roland	JV-2080	Patch -> PR-A	076 Huff N Stuff	
Roland	JV-2080	Patch -> PR-A	077 Puff 1080	
Roland	JV-2080	Patch -> PR-A	078 BellVox 1080	
Roland	JV-2080	Patch -> PR-A	079 Fantasy Vox	
Roland	JV-2080	Patch -> PR-A	080 Square Keys	
Roland	JV-2080	Patch -> PR-A	081 Childlike	
Roland	JV-2080	Patch -> PR-A	082 Music Box	
Roland	JV-2080	Patch -> PR-A	083 Toy Box	
Roland	JV-2080	Patch -> PR-A	084 Wave Bells	
Roland	JV-2080	Patch -> PR-A	085 Tria Bells	
Roland	JV-2080	Patch -> PR-A	086 Beauty Bells	
Roland	JV-2080	Patch -> PR-A	087 Music Bells	
Roland	JV-2080	Patch -> PR-A	088 Pretty Bells	
Roland	JV-2080	Patch -> PR-A	089 Pulse Key	
Roland	JV-2080	Patch -> PR-A	090 Wide Tubular	
Roland	JV-2080	Patch -> PR-A	091 AmbienceVibe	
Roland	JV-2080	Patch -> PR-A	092 Warm Vibes	
Roland	JV-2080	Patch -> PR-A	093 Dyna Marimba	
Roland	JV-2080	Patch -> PR-A	094 Bass Marimba	
Roland	JV-2080	Patch -> PR-A	095 Nomad Perc	
Roland	JV-2080	Patch -> PR-A	096 Ethno Metals	
Roland	JV-2080	Patch -> PR-A	097 Islands Mlt	
Roland	JV-2080	Patch -> PR-A	098 Steelin Keys	
Roland	JV-2080	Patch -> PR-A	099 Steel Drums	
Roland	JV-2080	Patch -> PR-A	100 Voicey Pizz	
Roland	JV-2080	Patch -> PR-A	101 Sitar	
Roland	JV-2080	Patch -> PR-A	102 Drone Split	
Roland	JV-2080	Patch -> PR-A	103 Ethnopluck	
Roland	JV-2080	Patch -> PR-A	104 Jamisen	
Roland	JV-2080	Patch -> PR-A	105 Dulcimer	
Roland	JV-2080	Patch -> PR-A	106 East Melody	
Roland	JV-2080	Patch -> PR-A	107 MandolinTrem	
Roland	JV-2080	Patch -> PR-A	108 Nylon Gtr	
Roland	JV-2080	Patch -> PR-A	109 Gtr Strings	
Roland	JV-2080	Patch -> PR-A	110 Steel Away	
Roland	JV-2080	Patch -> PR-A	111 Heavenly Gtr	
Roland	JV-2080	Patch -> PR-A	112 12str Gtr 1	
Roland	JV-2080	Patch -> PR-A	113 12str Gtr 2	
Roland	JV-2080	Patch -> PR-A	114 Jz Gtr Hall	
Roland	JV-2080	Patch -> PR-A	115 LetterFrmPat	
Roland	JV-2080	Patch -> PR-A	116 Jazz Scat	
Roland	JV-2080	Patch -> PR-A	117 Lounge Gig	
Roland	JV-2080	Patch -> PR-A	118 JC Strat	
Roland	JV-2080	Patch -> PR-A	119 Twin Strats	
Roland	JV-2080	Patch -> PR-A	120 JV Strat	
Roland	JV-2080	Patch -> PR-A	121 Syn Strat	
Roland	JV-2080	Patch -> PR-A	122 Rotary Gtr	
Roland	JV-2080	Patch -> PR-A	123 Muted Gtr	
Roland	JV-2080	Patch -> PR-A	124 SwitchOnMute	
Roland	JV-2080	Patch -> PR-A	125 Power Trip	
Roland	JV-2080	Patch -> PR-A	126 Crunch Split	
Roland	JV-2080	Patch -> PR-A	127 Rezodrive	
Roland	JV-2080	Patch -> PR-A	128 RockYurSocks	
Roland	JV-2080	Patch -> PR-B	001 Dist Gtr 1	
Roland	JV-2080	Patch -> PR-B	002 Dist Gtr 2	
Roland	JV-2080	Patch -> PR-B	003 R&R Chunk	
Roland	JV-2080	Patch -> PR-B	004 Phripphuzz	
Roland	JV-2080	Patch -> PR-B	005 Grungeroni	
Roland	JV-2080	Patch -> PR-B	006 Black Widow	
Roland	JV-2080	Patch -> PR-B	007 Velo-Wah Gtr	
Roland	JV-2080	Patch -> PR-B	008 Mod-Wah Gtr	
Roland	JV-2080	Patch -> PR-B	009 Pick Bass	
Roland	JV-2080	Patch -> PR-B	010 Hip Bass	
Roland	JV-2080	Patch -> PR-B	011 Perc.Bass	
Roland	JV-2080	Patch -> PR-B	012 Homey Bass	
Roland	JV-2080	Patch -> PR-B	013 Finger Bass	
Roland	JV-2080	Patch -> PR-B	014 Nylon Bass	
Roland	JV-2080	Patch -> PR-B	015 Ac.Upright	
Roland	JV-2080	Patch -> PR-B	016 Wet Fretls	
Roland	JV-2080	Patch -> PR-B	017 Fretls Dry	
Roland	JV-2080	Patch -> PR-B	018 Slap Bass 1	
Roland	JV-2080	Patch -> PR-B	019 Slap Bass 2	
Roland	JV-2080	Patch -> PR-B	020 Slap Bass 3	
Roland	JV-2080	Patch -> PR-B	021 Slap Bass 4	
Roland	JV-2080	Patch -> PR-B	022 4 Pole Bass	
Roland	JV-2080	Patch -> PR-B	023 Tick Bass	
Roland	JV-2080	Patch -> PR-B	024 House Bass	
Roland	JV-2080	Patch -> PR-B	025 Mondo Bass	
Roland	JV-2080	Patch -> PR-B	026 Clk AnalogBs	
Roland	JV-2080	Patch -> PR-B	027 Bass In Face	
Roland	JV-2080	Patch -> PR-B	028 101 Bass	
Roland	JV-2080	Patch -> PR-B	029 Noiz Bass	
Roland	JV-2080	Patch -> PR-B	030 Super Jup Bs	
Roland	JV-2080	Patch -> PR-B	031 Occitan Bass	
Roland	JV-2080	Patch -> PR-B	032 Hugo Bass	
Roland	JV-2080	Patch -> PR-B	033 Multi Bass	
Roland	JV-2080	Patch -> PR-B	034 Moist Bass	
Roland	JV-2080	Patch -> PR-B	035 BritelowBass	
Roland	JV-2080	Patch -> PR-B	036 Untamed Bass	
Roland	JV-2080	Patch -> PR-B	037 Rubber Bass	
Roland	JV-2080	Patch -> PR-B	038 Stereoww Bs	
Roland	JV-2080	Patch -> PR-B	039 Wonder Bass	
Roland	JV-2080	Patch -> PR-B	040 Deep Bass	
Roland	JV-2080	Patch -> PR-B	041 Super JX Bs	
Roland	JV-2080	Patch -> PR-B	042 W<RED>-Bass	
Roland	JV-2080	Patch -> PR-B	043 HI-Ring Bass	
Roland	JV-2080	Patch -> PR-B	044 Euro Bass	
Roland	JV-2080	Patch -> PR-B	045 SinusoidRave	
Roland	JV-2080	Patch -> PR-B	046 Alternative	
Roland	JV-2080	Patch -> PR-B	047 Acid Line	
Roland	JV-2080	Patch -> PR-B	048 Auto TB-303	
Roland	JV-2080	Patch -> PR-B	049 Hihat Tekno	
Roland	JV-2080	Patch -> PR-B	050 Velo Tekno 1	
Roland	JV-2080	Patch -> PR-B	051 Raggatronic	
Roland	JV-2080	Patch -> PR-B	052 Blade Racer	
Roland	JV-2080	Patch -> PR-B	053 S&H Pad	
Roland	JV-2080	Patch -> PR-B	054 Syncrosonix	
Roland	JV-2080	Patch -> PR-B	055 Fooled Again	
Roland	JV-2080	Patch -> PR-B	056 Alive	
Roland	JV-2080	Patch -> PR-B	057 Velo Tekno 2	
Roland	JV-2080	Patch -> PR-B	058 Rezoid	
Roland	JV-2080	Patch -> PR-B	059 Raverborg	
Roland	JV-2080	Patch -> PR-B	060 Blow Hit	
Roland	JV-2080	Patch -> PR-B	061 Hammer Bell	
Roland	JV-2080	Patch -> PR-B	062 Seq Mallet	
Roland	JV-2080	Patch -> PR-B	063 Intentions	
Roland	JV-2080	Patch -> PR-B	064 Pick It	
Roland	JV-2080	Patch -> PR-B	065 Analog Seq	
Roland	JV-2080	Patch -> PR-B	066 Impact Vox	
Roland	JV-2080	Patch -> PR-B	067 TeknoSoloVox	
Roland	JV-2080	Patch -> PR-B	068 X-Mod Man	
Roland	JV-2080	Patch -> PR-B	069 Paz <==> Zap	
Roland	JV-2080	Patch -> PR-B	070 4 Hits 4 You	
Roland	JV-2080	Patch -> PR-B	071 Impact	
Roland	JV-2080	Patch -> PR-B	072 Phase Hit	
Roland	JV-2080	Patch -> PR-B	073 Tekno Hit 1	
Roland	JV-2080	Patch -> PR-B	074 Tekno Hit 2	
Roland	JV-2080	Patch -> PR-B	075 Tekno Hit 3	
Roland	JV-2080	Patch -> PR-B	076 Reverse Hit	
Roland	JV-2080	Patch -> PR-B	077 SquareLead 1	
Roland	JV-2080	Patch -> PR-B	078 SquareLead 2	
Roland	JV-2080	Patch -> PR-B	079 You and Luck	
Roland	JV-2080	Patch -> PR-B	080 Belly Lead	
Roland	JV-2080	Patch -> PR-B	081 WhistlinAtom	
Roland	JV-2080	Patch -> PR-B	082 Edye Boost	
Roland	JV-2080	Patch -> PR-B	083 MG Solo	
Roland	JV-2080	Patch -> PR-B	084 FXM Saw Lead	
Roland	JV-2080	Patch -> PR-B	085 Sawteeth	
Roland	JV-2080	Patch -> PR-B	086 Smoothe	
Roland	JV-2080	Patch -> PR-B	087 MG Lead	
Roland	JV-2080	Patch -> PR-B	088 MG Interval	
Roland	JV-2080	Patch -> PR-B	089 Pulse Lead 1	
Roland	JV-2080	Patch -> PR-B	090 Pulse Lead 2	
Roland	JV-2080	Patch -> PR-B	091 Little Devil	
Roland	JV-2080	Patch -> PR-B	092 Loud SynLead	
Roland	JV-2080	Patch -> PR-B	093 Analog Lead	
Roland	JV-2080	Patch -> PR-B	094 5th Lead	
Roland	JV-2080	Patch -> PR-B	095 Flute	
Roland	JV-2080	Patch -> PR-B	096 Piccolo	
Roland	JV-2080	Patch -> PR-B	097 VOX Flute	
Roland	JV-2080	Patch -> PR-B	098 Air Lead	
Roland	JV-2080	Patch -> PR-B	099 Pan Pipes	
Roland	JV-2080	Patch -> PR-B	100 Airplaaane	
Roland	JV-2080	Patch -> PR-B	101 Taj Mahal	
Roland	JV-2080	Patch -> PR-B	102 Raya Shaku	
Roland	JV-2080	Patch -> PR-B	103 Oboe mf	
Roland	JV-2080	Patch -> PR-B	104 Oboe Express	
Roland	JV-2080	Patch -> PR-B	105 Clarinet mp	
Roland	JV-2080	Patch -> PR-B	106 ClariExpress	
Roland	JV-2080	Patch -> PR-B	107 Mitzva Split	
Roland	JV-2080	Patch -> PR-B	108 ChamberWinds	
Roland	JV-2080	Patch -> PR-B	109 ChamberWoods	
Roland	JV-2080	Patch -> PR-B	110 Film Orch	
Roland	JV-2080	Patch -> PR-B	111 Sop.Sax mf	
Roland	JV-2080	Patch -> PR-B	112 Alto Sax	
Roland	JV-2080	Patch -> PR-B	113 AltoLead Sax	
Roland	JV-2080	Patch -> PR-B	114 Tenor Sax	
Roland	JV-2080	Patch -> PR-B	115 Baritone Sax	
Roland	JV-2080	Patch -> PR-B	116 Take A Tenor	
Roland	JV-2080	Patch -> PR-B	117 Sax Section	
Roland	JV-2080	Patch -> PR-B	118 Bigband Sax	
Roland	JV-2080	Patch -> PR-B	119 Harmonica	
Roland	JV-2080	Patch -> PR-B	120 Harmo Blues	
Roland	JV-2080	Patch -> PR-B	121 BluesHarp	
Roland	JV-2080	Patch -> PR-B	122 Hillbillys	
Roland	JV-2080	Patch -> PR-B	123 French Bags	
Roland	JV-2080	Patch -> PR-B	124 Majestic Tpt	
Roland	JV-2080	Patch -> PR-B	125 Voluntare	
Roland	JV-2080	Patch -> PR-B	126 2Trumpets	
Roland	JV-2080	Patch -> PR-B	127 Tpt Sect	
Roland	JV-2080	Patch -> PR-B	128 Mute TP mod	
Roland	JV-2080	Patch -> PR-C	001 Harmon Mute	
Roland	JV-2080	Patch -> PR-C	002 Tp&Sax Sect	
Roland	JV-2080	Patch -> PR-C	003 Sax+Tp+Tb	
Roland	JV-2080	Patch -> PR-C	004 Brass Sect	
Roland	JV-2080	Patch -> PR-C	005 Trombone	
Roland	JV-2080	Patch -> PR-C	006 Hybrid Bones	
Roland	JV-2080	Patch -> PR-C	007 Noble Horns	
Roland	JV-2080	Patch -> PR-C	008 Massed Horns	
Roland	JV-2080	Patch -> PR-C	009 Horn Swell	
Roland	JV-2080	Patch -> PR-C	010 Brass It!	
Roland	JV-2080	Patch -> PR-C	011 Brass Attack	
Roland	JV-2080	Patch -> PR-C	012 Archimede	
Roland	JV-2080	Patch -> PR-C	013 Rugby Horn	
Roland	JV-2080	Patch -> PR-C	014 MKS-80 Brass	
Roland	JV-2080	Patch -> PR-C	015 True ANALOG	
Roland	JV-2080	Patch -> PR-C	016 Dark Vox	
Roland	JV-2080	Patch -> PR-C	017 RandomVowels	
Roland	JV-2080	Patch -> PR-C	018 Angels Sing	
Roland	JV-2080	Patch -> PR-C	019 Pvox Oooze	
Roland	JV-2080	Patch -> PR-C	020 Longing...	
Roland	JV-2080	Patch -> PR-C	021 Arasian Morn	
Roland	JV-2080	Patch -> PR-C	022 Beauty Vox	
Roland	JV-2080	Patch -> PR-C	023 Mary-AnneVox	
Roland	JV-2080	Patch -> PR-C	024 Belltree Vox	
Roland	JV-2080	Patch -> PR-C	025 Vox Panner	
Roland	JV-2080	Patch -> PR-C	026 Spaced Voxx	
Roland	JV-2080	Patch -> PR-C	027 Glass Voices	
Roland	JV-2080	Patch -> PR-C	028 Tubular Vox	
Roland	JV-2080	Patch -> PR-C	029 Velo Voxx	
Roland	JV-2080	Patch -> PR-C	030 Wavox	
Roland	JV-2080	Patch -> PR-C	031 Doos	
Roland	JV-2080	Patch -> PR-C	032 Synvox Comps	
Roland	JV-2080	Patch -> PR-C	033 Vocal Oohz	
Roland	JV-2080	Patch -> PR-C	034 LFO Vox	
Roland	JV-2080	Patch -> PR-C	035 St.Strings	
Roland	JV-2080	Patch -> PR-C	036 Warm Strings	
Roland	JV-2080	Patch -> PR-C	037 Somber Str	
Roland	JV-2080	Patch -> PR-C	038 Marcato	
Roland	JV-2080	Patch -> PR-C	039 Bright Str	
Roland	JV-2080	Patch -> PR-C	040 String Ens	
Roland	JV-2080	Patch -> PR-C	041 TremoloStrng	
Roland	JV-2080	Patch -> PR-C	042 Chambers	
Roland	JV-2080	Patch -> PR-C	043 ViolinCello	
Roland	JV-2080	Patch -> PR-C	044 Symphonique	
Roland	JV-2080	Patch -> PR-C	045 Film Octaves	
Roland	JV-2080	Patch -> PR-C	046 Film Layers	
Roland	JV-2080	Patch -> PR-C	047 Bass Pizz	
Roland	JV-2080	Patch -> PR-C	048 Real Pizz	
Roland	JV-2080	Patch -> PR-C	049 Harp On It	
Roland	JV-2080	Patch -> PR-C	050 Harp	
Roland	JV-2080	Patch -> PR-C	051 JP-8 Str 1	
Roland	JV-2080	Patch -> PR-C	052 JP-8 Str 2	
Roland	JV-2080	Patch -> PR-C	053 E-Motion Pad	
Roland	JV-2080	Patch -> PR-C	054 JP-8 Str 3	
Roland	JV-2080	Patch -> PR-C	055 Vintage Orch	
Roland	JV-2080	Patch -> PR-C	056 JUNO Strings	
Roland	JV-2080	Patch -> PR-C	057 Gigantalog	
Roland	JV-2080	Patch -> PR-C	058 PWM Strings	
Roland	JV-2080	Patch -> PR-C	059 Warmth	
Roland	JV-2080	Patch -> PR-C	060 ORBit Pad	
Roland	JV-2080	Patch -> PR-C	061 Deep Strings	
Roland	JV-2080	Patch -> PR-C	062 Pulsify	
Roland	JV-2080	Patch -> PR-C	063 Pulse Pad	
Roland	JV-2080	Patch -> PR-C	064 Greek Power	
Roland	JV-2080	Patch -> PR-C	065 Harmonicum	
Roland	JV-2080	Patch -> PR-C	066 D-50 Heaven	
Roland	JV-2080	Patch -> PR-C	067 Afro Horns	
Roland	JV-2080	Patch -> PR-C	068 Pop Pad	
Roland	JV-2080	Patch -> PR-C	069 Dreamesque	
Roland	JV-2080	Patch -> PR-C	070 Square Pad	
Roland	JV-2080	Patch -> PR-C	071 JP-8 Hollow	
Roland	JV-2080	Patch -> PR-C	072 JP-8Haunting	
Roland	JV-2080	Patch -> PR-C	073 Heirborne	
Roland	JV-2080	Patch -> PR-C	074 Hush Pad	
Roland	JV-2080	Patch -> PR-C	075 Jet Pad 1	
Roland	JV-2080	Patch -> PR-C	076 Jet Pad 2	
Roland	JV-2080	Patch -> PR-C	077 Phaze Pad	
Roland	JV-2080	Patch -> PR-C	078 Phaze Str	
Roland	JV-2080	Patch -> PR-C	079 Jet Str Ens	
Roland	JV-2080	Patch -> PR-C	080 Pivotal Pad	
Roland	JV-2080	Patch -> PR-C	081 3D Flanged	
Roland	JV-2080	Patch -> PR-C	082 Fantawine	
Roland	JV-2080	Patch -> PR-C	083 Glassy Pad	
Roland	JV-2080	Patch -> PR-C	084 Moving Glass	
Roland	JV-2080	Patch -> PR-C	085 Glasswaves	
Roland	JV-2080	Patch -> PR-C	086 Shiny Pad	
Roland	JV-2080	Patch -> PR-C	087 ShiftedGlass	
Roland	JV-2080	Patch -> PR-C	088 Chime Pad	
Roland	JV-2080	Patch -> PR-C	089 Spin Pad	
Roland	JV-2080	Patch -> PR-C	090 Rotary Pad	
Roland	JV-2080	Patch -> PR-C	091 Dawn 2 Dusk	
Roland	JV-2080	Patch -> PR-C	092 Aurora	
Roland	JV-2080	Patch -> PR-C	093 Strobe Mode	
Roland	JV-2080	Patch -> PR-C	094 Albion	
Roland	JV-2080	Patch -> PR-C	095 Running Pad	
Roland	JV-2080	Patch -> PR-C	096 Stepped Pad	
Roland	JV-2080	Patch -> PR-C	097 Random Pad	
Roland	JV-2080	Patch -> PR-C	098 SoundtrkDANC	
Roland	JV-2080	Patch -> PR-C	099 Flying Waltz	
Roland	JV-2080	Patch -> PR-C	100 Vanishing	
Roland	JV-2080	Patch -> PR-C	101 5th Sweep	
Roland	JV-2080	Patch -> PR-C	102 Phazweep	
Roland	JV-2080	Patch -> PR-C	103 Big BPF	
Roland	JV-2080	Patch -> PR-C	104 MG Sweep	
Roland	JV-2080	Patch -> PR-C	105 CeremonyTimp	
Roland	JV-2080	Patch -> PR-C	106 Dyno Toms	
Roland	JV-2080	Patch -> PR-C	107 Sands ofTime	
Roland	JV-2080	Patch -> PR-C	108 Inertia	
Roland	JV-2080	Patch -> PR-C	109 Vektogram	
Roland	JV-2080	Patch -> PR-C	110 Crash Pad	
Roland	JV-2080	Patch -> PR-C	111 Feedback VOX	
Roland	JV-2080	Patch -> PR-C	112 Cascade	
Roland	JV-2080	Patch -> PR-C	113 Shattered	
Roland	JV-2080	Patch -> PR-C	114 NextFrontier	
Roland	JV-2080	Patch -> PR-C	115 Pure Tibet	
Roland	JV-2080	Patch -> PR-C	116 Chime Wash	
Roland	JV-2080	Patch -> PR-C	117 Night Shade	
Roland	JV-2080	Patch -> PR-C	118 Tortured	
Roland	JV-2080	Patch -> PR-C	119 Dissimilate	
Roland	JV-2080	Patch -> PR-C	120 Dunes	
Roland	JV-2080	Patch -> PR-C	121 Ocean Floor	
Roland	JV-2080	Patch -> PR-C	122 Cyber Space	
Roland	JV-2080	Patch -> PR-C	123 Biosphere	
Roland	JV-2080	Patch -> PR-C	124 Variable Run	
Roland	JV-2080	Patch -> PR-C	125 Ice Hall	
Roland	JV-2080	Patch -> PR-C	126 ComputerRoom	
Roland	JV-2080	Patch -> PR-C	127 Inverted	
Roland	JV-2080	Patch -> PR-C	128 Terminate	
Roland	JV-2080	Patch -> PR-D (GM)	001 Piano 1	
Roland	JV-2080	Patch -> PR-D (GM)	002 Piano 2	
Roland	JV-2080	Patch -> PR-D (GM)	003 Piano 3	
Roland	JV-2080	Patch -> PR-D (GM)	004 Honky-tonk	
Roland	JV-2080	Patch -> PR-D (GM)	005 E.Piano 1	
Roland	JV-2080	Patch -> PR-D (GM)	006 E.Piano 2	
Roland	JV-2080	Patch -> PR-D (GM)	007 Harpsichord	
Roland	JV-2080	Patch -> PR-D (GM)	008 Clav.	
Roland	JV-2080	Patch -> PR-D (GM)	009 Celesta	
Roland	JV-2080	Patch -> PR-D (GM)	010 Glockenspiel	
Roland	JV-2080	Patch -> PR-D (GM)	011 Music Box	
Roland	JV-2080	Patch -> PR-D (GM)	012 Vibraphone	
Roland	JV-2080	Patch -> PR-D (GM)	013 Marimba	
Roland	JV-2080	Patch -> PR-D (GM)	014 Xylophone	
Roland	JV-2080	Patch -> PR-D (GM)	015 Tubular-bell	
Roland	JV-2080	Patch -> PR-D (GM)	016 Santur	
Roland	JV-2080	Patch -> PR-D (GM)	017 Organ 1	
Roland	JV-2080	Patch -> PR-D (GM)	018 Organ 2	
Roland	JV-2080	Patch -> PR-D (GM)	019 Organ 3	
Roland	JV-2080	Patch -> PR-D (GM)	020 Church Org.1	
Roland	JV-2080	Patch -> PR-D (GM)	021 Reed Organ	
Roland	JV-2080	Patch -> PR-D (GM)	022 Accordion Fr	
Roland	JV-2080	Patch -> PR-D (GM)	023 Harmonica	
Roland	JV-2080	Patch -> PR-D (GM)	024 Bandneon	
Roland	JV-2080	Patch -> PR-D (GM)	025 Nylon-str.Gt	
Roland	JV-2080	Patch -> PR-D (GM)	026 Steel-str.Gt	
Roland	JV-2080	Patch -> PR-D (GM)	027 Jazz Gt.	
Roland	JV-2080	Patch -> PR-D (GM)	028 Clean Gt.	
Roland	JV-2080	Patch -> PR-D (GM)	029 Muted Gt.	
Roland	JV-2080	Patch -> PR-D (GM)	030 Overdrive Gt	
Roland	JV-2080	Patch -> PR-D (GM)	031 DistortionGt	
Roland	JV-2080	Patch -> PR-D (GM)	032 Gt.Harmonics	
Roland	JV-2080	Patch -> PR-D (GM)	033 Acoustic Bs.	
Roland	JV-2080	Patch -> PR-D (GM)	034 Fingered Bs.	
Roland	JV-2080	Patch -> PR-D (GM)	035 Picked Bs.	
Roland	JV-2080	Patch -> PR-D (GM)	036 Fretless Bs.	
Roland	JV-2080	Patch -> PR-D (GM)	037 Slap Bass 1	
Roland	JV-2080	Patch -> PR-D (GM)	038 Slap Bass 2	
Roland	JV-2080	Patch -> PR-D (GM)	039 Synth Bass 1	
Roland	JV-2080	Patch -> PR-D (GM)	040 Synth Bass 2	
Roland	JV-2080	Patch -> PR-D (GM)	041 Violin	
Roland	JV-2080	Patch -> PR-D (GM)	042 Viola	
Roland	JV-2080	Patch -> PR-D (GM)	043 Cello	
Roland	JV-2080	Patch -> PR-D (GM)	044 Contrabass	
Roland	JV-2080	Patch -> PR-D (GM)	045 Tremolo Str	
Roland	JV-2080	Patch -> PR-D (GM)	046 PizzicatoStr	
Roland	JV-2080	Patch -> PR-D (GM)	047 Harp	
Roland	JV-2080	Patch -> PR-D (GM)	048 Timpani	
Roland	JV-2080	Patch -> PR-D (GM)	049 Strings	
Roland	JV-2080	Patch -> PR-D (GM)	050 Slow Strings	
Roland	JV-2080	Patch -> PR-D (GM)	051 Syn.Strings1	
Roland	JV-2080	Patch -> PR-D (GM)	052 Syn.Strings2	
Roland	JV-2080	Patch -> PR-D (GM)	053 Choir Aahs	
Roland	JV-2080	Patch -> PR-D (GM)	054 Voice Oohs	
Roland	JV-2080	Patch -> PR-D (GM)	055 SynVox	
Roland	JV-2080	Patch -> PR-D (GM)	056 OrchestraHit	
Roland	JV-2080	Patch -> PR-D (GM)	057 Trumpet	
Roland	JV-2080	Patch -> PR-D (GM)	058 Trombone	
Roland	JV-2080	Patch -> PR-D (GM)	059 Tuba	
Roland	JV-2080	Patch -> PR-D (GM)	060 MutedTrumpet	
Roland	JV-2080	Patch -> PR-D (GM)	061 French Hom	
Roland	JV-2080	Patch -> PR-D (GM)	062 Brass 1	
Roland	JV-2080	Patch -> PR-D (GM)	063 Synth Brass1	
Roland	JV-2080	Patch -> PR-D (GM)	064 Synth Brass2	
Roland	JV-2080	Patch -> PR-D (GM)	065 Soprano Sax	
Roland	JV-2080	Patch -> PR-D (GM)	066 Alto Sax	
Roland	JV-2080	Patch -> PR-D (GM)	067 Tenor Sax	
Roland	JV-2080	Patch -> PR-D (GM)	068 Baritone Sax	
Roland	JV-2080	Patch -> PR-D (GM)	069 Oboe	
Roland	JV-2080	Patch -> PR-D (GM)	070 English Horn	
Roland	JV-2080	Patch -> PR-D (GM)	071 Bassoon	
Roland	JV-2080	Patch -> PR-D (GM)	072 Clarinet	
Roland	JV-2080	Patch -> PR-D (GM)	073 Piccolo	
Roland	JV-2080	Patch -> PR-D (GM)	074 Flute	
Roland	JV-2080	Patch -> PR-D (GM)	075 Recorder	
Roland	JV-2080	Patch -> PR-D (GM)	076 Pan Flute	
Roland	JV-2080	Patch -> PR-D (GM)	077 Bottle Blow	
Roland	JV-2080	Patch -> PR-D (GM)	078 Shakuhachi	
Roland	JV-2080	Patch -> PR-D (GM)	079 Whistle	
Roland	JV-2080	Patch -> PR-D (GM)	080 Ocarina	
Roland	JV-2080	Patch -> PR-D (GM)	081 Square Wave	
Roland	JV-2080	Patch -> PR-D (GM)	082 Saw Wave	
Roland	JV-2080	Patch -> PR-D (GM)	083 Syn.Calliope	
Roland	JV-2080	Patch -> PR-D (GM)	084 Chiffer Lead	
Roland	JV-2080	Patch -> PR-D (GM)	085 Charang	
Roland	JV-2080	Patch -> PR-D (GM)	086 Solo Vox	
Roland	JV-2080	Patch -> PR-D (GM)	087 5th Saw Wave	
Roland	JV-2080	Patch -> PR-D (GM)	088 Bass & Lead	
Roland	JV-2080	Patch -> PR-D (GM)	089 Fantasia	
Roland	JV-2080	Patch -> PR-D (GM)	090 Warm Pad	
Roland	JV-2080	Patch -> PR-D (GM)	091 Polysynth	
Roland	JV-2080	Patch -> PR-D (GM)	092 Space Voice	
Roland	JV-2080	Patch -> PR-D (GM)	093 Bowed Glass	
Roland	JV-2080	Patch -> PR-D (GM)	094 Metal Pad	
Roland	JV-2080	Patch -> PR-D (GM)	095 Halo Pad	
Roland	JV-2080	Patch -> PR-D (GM)	096 Sweep Pad	
Roland	JV-2080	Patch -> PR-D (GM)	097 Ice Rain	
Roland	JV-2080	Patch -> PR-D (GM)	098 Soundtrack	
Roland	JV-2080	Patch -> PR-D (GM)	099 Crystal	
Roland	JV-2080	Patch -> PR-D (GM)	100 Atmosphere	
Roland	JV-2080	Patch -> PR-D (GM)	101 Brightness	
Roland	JV-2080	Patch -> PR-D (GM)	102 Goblin	
Roland	JV-2080	Patch -> PR-D (GM)	103 Echo Drops	
Roland	JV-2080	Patch -> PR-D (GM)	104 Star Theme	
Roland	JV-2080	Patch -> PR-D (GM)	105 Sitar	
Roland	JV-2080	Patch -> PR-D (GM)	106 Banjo	
Roland	JV-2080	Patch -> PR-D (GM)	107 Shamisen	
Roland	JV-2080	Patch -> PR-D (GM)	108 Koto	
Roland	JV-2080	Patch -> PR-D (GM)	109 Kalimba	
Roland	JV-2080	Patch -> PR-D (GM)	110 Bag Pipe	
Roland	JV-2080	Patch -> PR-D (GM)	111 Fiddle	
Roland	JV-2080	Patch -> PR-D (GM)	112 Shanai	
Roland	JV-2080	Patch -> PR-D (GM)	113 Tinkle Bell	
Roland	JV-2080	Patch -> PR-D (GM)	114 Agogo	
Roland	JV-2080	Patch -> PR-D (GM)	115 Steel Drums	
Roland	JV-2080	Patch -> PR-D (GM)	116 Woodblock	
Roland	JV-2080	Patch -> PR-D (GM)	117 Taiko	
Roland	JV-2080	Patch -> PR-D (GM)	118 Melo. Tom 1	
Roland	JV-2080	Patch -> PR-D (GM)	119 Synth Drum	
Roland	JV-2080	Patch -> PR-D (GM)	120 Reverse Cym.	
Roland	JV-2080	Patch -> PR-D (GM)	121 Gt.FretNoise	
Roland	JV-2080	Patch -> PR-D (GM)	122 Breath Noise	
Roland	JV-2080	Patch -> PR-D (GM)	123 Seashore	
Roland	JV-2080	Patch -> PR-D (GM)	124 Bird	
Roland	JV-2080	Patch -> PR-D (GM)	125 Telephone 1	
Roland	JV-2080	Patch -> PR-D (GM)	126 Helicopter	
Roland	JV-2080	Patch -> PR-D (GM)	127 Applause	
Roland	JV-2080	Patch -> PR-D (GM)	128 Gun Shot	
Roland	JV-2080	Patch -> PR-E	001 Echo Piano	
Roland	JV-2080	Patch -> PR-E	002 Upright Pno	
Roland	JV-2080	Patch -> PR-E	003 RD-1000	
Roland	JV-2080	Patch -> PR-E	004 Player's EP	
Roland	JV-2080	Patch -> PR-E	005 D-50 Rhodes	Renamed to "D-50 EP" in the JV-1080 VST
Roland	JV-2080	Patch -> PR-E	006 Innocent EP	
Roland	JV-2080	Patch -> PR-E	007 Echo Rhodes	Renamed to "Echo EP" in the JV-1080 VST
Roland	JV-2080	Patch -> PR-E	008 See-Thru EP	
Roland	JV-2080	Patch -> PR-E	009 FM BellPiano	
Roland	JV-2080	Patch -> PR-E	010 Ring E.Piano	
Roland	JV-2080	Patch -> PR-E	011 Soap Opera	
Roland	JV-2080	Patch -> PR-E	012 Dirty Organ	
Roland	JV-2080	Patch -> PR-E	013 Surf's Up!	
Roland	JV-2080	Patch -> PR-E	014 Organesque	
Roland	JV-2080	Patch -> PR-E	015 pp Harmonium	
Roland	JV-2080	Patch -> PR-E	016 PieceOfCheez	
Roland	JV-2080	Patch -> PR-E	017 Harpsy Clav	
Roland	JV-2080	Patch -> PR-E	018 Exotic Velo	
Roland	JV-2080	Patch -> PR-E	019 HolidayCheer	
Roland	JV-2080	Patch -> PR-E	020 Morning Lite	
Roland	JV-2080	Patch -> PR-E	021 Prefab Chime	
Roland	JV-2080	Patch -> PR-E	022 Belfry Chime	
Roland	JV-2080	Patch -> PR-E	023 Stacc.Heaven	
Roland	JV-2080	Patch -> PR-E	024 2.2 Bell Pad	
Roland	JV-2080	Patch -> PR-E	025 Far East	
Roland	JV-2080	Patch -> PR-E	026 Wire Pad	
Roland	JV-2080	Patch -> PR-E	027 PhaseBlipper	
Roland	JV-2080	Patch -> PR-E	028 Sweep Clav	
Roland	JV-2080	Patch -> PR-E	029 Glider	
Roland	JV-2080	Patch -> PR-E	030 Solo Steel	
Roland	JV-2080	Patch -> PR-E	031 DesertCrystl	
Roland	JV-2080	Patch -> PR-E	032 Clear Guitar	
Roland	JV-2080	Patch -> PR-E	033 Solo Strat	
Roland	JV-2080	Patch -> PR-E	034 Feed Me!	
Roland	JV-2080	Patch -> PR-E	035 Tube Smoke	
Roland	JV-2080	Patch -> PR-E	036 Creamy	
Roland	JV-2080	Patch -> PR-E	037 Blusey OD	
Roland	JV-2080	Patch -> PR-E	038 Grindstone	
Roland	JV-2080	Patch -> PR-E	039 OD 5ths	
Roland	JV-2080	Patch -> PR-E	040 East Europe	
Roland	JV-2080	Patch -> PR-E	041 Dulcitar	
Roland	JV-2080	Patch -> PR-E	042 Atmos Harp	
Roland	JV-2080	Patch -> PR-E	043 Pilgrimage	
Roland	JV-2080	Patch -> PR-E	044 202 Rude Bs	
Roland	JV-2080	Patch -> PR-E	045 2pole Bass	
Roland	JV-2080	Patch -> PR-E	046 4pole Bass	
Roland	JV-2080	Patch -> PR-E	047 Phaser MC	
Roland	JV-2080	Patch -> PR-E	048 Miniphaser	
Roland	JV-2080	Patch -> PR-E	049 Acid TB	
Roland	JV-2080	Patch -> PR-E	050 Full Orchest	
Roland	JV-2080	Patch -> PR-E	051 Str + Winds	
Roland	JV-2080	Patch -> PR-E	052 Flute 2080	
Roland	JV-2080	Patch -> PR-E	053 Scat Flute	
Roland	JV-2080	Patch -> PR-E	054 Sax Choir	
Roland	JV-2080	Patch -> PR-E	055 Ballad Trump	
Roland	JV-2080	Patch -> PR-E	056 Sm.Brass Grp	
Roland	JV-2080	Patch -> PR-E	057 Royale	
Roland	JV-2080	Patch -> PR-E	058 Brass Mutes	
Roland	JV-2080	Patch -> PR-E	059 Breathy Brs	
Roland	JV-2080	Patch -> PR-E	060 3 Osc Brass	
Roland	JV-2080	Patch -> PR-E	061 P5 Polymod	
Roland	JV-2080	Patch -> PR-E	062 Triumph Brs	
Roland	JV-2080	Patch -> PR-E	063 Techno Dream	
Roland	JV-2080	Patch -> PR-E	064 Organizer	
Roland	JV-2080	Patch -> PR-E	065 Civilization	
Roland	JV-2080	Patch -> PR-E	066 Mental Chord	
Roland	JV-2080	Patch -> PR-E	067 House Chord	
Roland	JV-2080	Patch -> PR-E	068 Sequalog	
Roland	JV-2080	Patch -> PR-E	069 Booster Bips	
Roland	JV-2080	Patch -> PR-E	070 VintagePlunk	
Roland	JV-2080	Patch -> PR-E	071 Plik-Plok	
Roland	JV-2080	Patch -> PR-E	072 RingSequence	
Roland	JV-2080	Patch -> PR-E	073 Cyber Swing	
Roland	JV-2080	Patch -> PR-E	074 Keep :-)	
Roland	JV-2080	Patch -> PR-E	075 Resojuice	
Roland	JV-2080	Patch -> PR-E	076 B'on d'moov!	
Roland	JV-2080	Patch -> PR-E	077 Dist TB-303	
Roland	JV-2080	Patch -> PR-E	078 Temple of JV	
Roland	JV-2080	Patch -> PR-E	079 Planet Asia	
Roland	JV-2080	Patch -> PR-E	080 Afterlife	
Roland	JV-2080	Patch -> PR-E	081 Trancing Pad	
Roland	JV-2080	Patch -> PR-E	082 Pulsatronic	
Roland	JV-2080	Patch -> PR-E	083 Cyber Dreams	
Roland	JV-2080	Patch -> PR-E	084 Warm Pipe	
Roland	JV-2080	Patch -> PR-E	085 Pure Pipe	
Roland	JV-2080	Patch -> PR-E	086 SH-2000	
Roland	JV-2080	Patch -> PR-E	087 X..? Whistle	
Roland	JV-2080	Patch -> PR-E	088 Jay Vee Solo	
Roland	JV-2080	Patch -> PR-E	089 Progresso Ld	
Roland	JV-2080	Patch -> PR-E	090 Adrenaline	
Roland	JV-2080	Patch -> PR-E	091 Enlighten	
Roland	JV-2080	Patch -> PR-E	092 Glass Blower	
Roland	JV-2080	Patch -> PR-E	093 Earth Blow	
Roland	JV-2080	Patch -> PR-E	094 JX SqrCarpet	
Roland	JV-2080	Patch -> PR-E	095 Dimensional	
Roland	JV-2080	Patch -> PR-E	096 Jupiterings	
Roland	JV-2080	Patch -> PR-E	097 Analog Drama	
Roland	JV-2080	Patch -> PR-E	098 Rich Dynapad	
Roland	JV-2080	Patch -> PR-E	099 Silky Way	
Roland	JV-2080	Patch -> PR-E	100 Gluey Pad	
Roland	JV-2080	Patch -> PR-E	101 BandPass Mod	
Roland	JV-2080	Patch -> PR-E	102 Soundtraque	
Roland	JV-2080	Patch -> PR-E	103 Translucence	
Roland	JV-2080	Patch -> PR-E	104 Darkshine	
Roland	JV-2080	Patch -> PR-E	105 D'light	
Roland	JV-2080	Patch -> PR-E	106 December Sky	
Roland	JV-2080	Patch -> PR-E	107 Octapad	
Roland	JV-2080	Patch -> PR-E	108 JUNO Power!	
Roland	JV-2080	Patch -> PR-E	109 Spectrum Mod	
Roland	JV-2080	Patch -> PR-E	110 Stringsheen	
Roland	JV-2080	Patch -> PR-E	111 GR500 TmpDly	
Roland	JV-2080	Patch -> PR-E	112 Mod DirtyWav	
Roland	JV-2080	Patch -> PR-E	113 Silicon Str	
Roland	JV-2080	Patch -> PR-E	114 D50FantaPerc	
Roland	JV-2080	Patch -> PR-E	115 Rotodreams	
Roland	JV-2080	Patch -> PR-E	116 Blue Notes	
Roland	JV-2080	Patch -> PR-E	117 RiversOfTime	
Roland	JV-2080	Patch -> PR-E	118 Phobos	
Roland	JV-2080	Patch -> PR-E	119 2 0 8 0	
Roland	JV-2080	Patch -> PR-E	120 Unearthly	
Roland	JV-2080	Patch -> PR-E	121 Glistening	
Roland	JV-2080	Patch -> PR-E	122 Sci-Fi Str	
Roland	JV-2080	Patch -> PR-E	123 Shadows	
Roland	JV-2080	Patch -> PR-E	124 Helium Queen	
Roland	JV-2080	Patch -> PR-E	125 Sci-Fi FX x4	
Roland	JV-2080	Patch -> PR-E	126 Perky Noize	
Roland	JV-2080	Patch -> PR-E	127 Droplet	
Roland	JV-2080	Patch -> PR-E	128 Rain Forest	
Roland	JV-2080	Rhythm -> USER	001 HouseDrumSet	
Roland	JV-2080	Rhythm -> USER	002 JazzDrumSet1	
Roland	JV-2080	Rhythm -> PR-A	001 PopDrumSet1	
Roland	JV-2080	Rhythm -> PR-A	002 PopDrumSet2	
Roland	JV-2080	Rhythm -> PR-B	001 PowerDrumSet	
Roland	JV-2080	Rhythm -> PR-B	002 RaveDrumSet	
Roland	JV-2080	Rhythm -> PR-C	001 JazzDrumSet2	
Roland	JV-2080	Rhythm -> PR-C	002 OrchDrumSet	
Roland	JV-2080	Rhythm -> PR-D (GM)	001 GMDrumSet	
Roland	JV-2080	Rhythm -> PR-D (GM)	002 BrushDrumSet	
Roland	JV-2080	Rhythm -> PR-E	001 PowerDrmSet2	
Roland	JV-2080	Rhythm -> PR-E	002 PowerRaveSet	
Roland	JV-2080	Performance -> USER	01 Strobe Pad 1	
Roland	JV-2080	Performance -> USER	02 HardRock Uni	
Roland	JV-2080	Performance -> USER	03 Aggressive	
Roland	JV-2080	Performance -> USER	04 Opening Orch	
Roland	JV-2080	Performance -> USER	05 Cyber Sweep	
Roland	JV-2080	Performance -> USER	06 TempleOf2080	
Roland	JV-2080	Performance -> USER	07 Humming Pno	
Roland	JV-2080	Performance -> USER	08 Horror Movie	
Roland	JV-2080	Performance -> USER	09 Tekno Loop 1	
Roland	JV-2080	Performance -> USER	10 FarEast Stak	
Roland	JV-2080	Performance -> USER	11 Progresso	
Roland	JV-2080	Performance -> USER	12 SH Split	
Roland	JV-2080	Performance -> USER	13 Fr.Horn Sect	
Roland	JV-2080	Performance -> USER	14 Sweep Pad	
Roland	JV-2080	Performance -> USER	15 Reso Clav	
Roland	JV-2080	Performance -> USER	16 LateAutumnSP	
Roland	JV-2080	Performance -> USER	17 Orchestral	
Roland	JV-2080	Performance -> USER	18 Rave Split	
Roland	JV-2080	Performance -> USER	19 Flying Jazz	
Roland	JV-2080	Performance -> USER	20 CeremonialFX	
Roland	JV-2080	Performance -> USER	21 AcPiano+Pad	
Roland	JV-2080	Performance -> USER	22 AcPiano+Pad2	
Roland	JV-2080	Performance -> USER	23 EchoPianoStk	
Roland	JV-2080	Performance -> USER	24 Pop Ballad	
Roland	JV-2080	Performance -> USER	25 E.Pno Split	
Roland	JV-2080	Performance -> USER	26 2080 Fantasy	
Roland	JV-2080	Performance -> USER	27 FX Bell Pad	
Roland	JV-2080	Performance -> USER	28 Chime FX	
Roland	JV-2080	Performance -> USER	29 Multi Sax	
Roland	JV-2080	Performance -> USER	30 Big Band	
Roland	JV-2080	Performance -> USER	31 Pizz Brass	
Roland	JV-2080	Performance -> USER	32 Step Brass	
Roland	JV-2080	Performance -> PR-A	01 Seq:Template	
Roland	JV-2080	Performance -> PR-A	02 Seq:Pop	
Roland	JV-2080	Performance -> PR-A	03 Seq:LABallad	
Roland	JV-2080	Performance -> PR-A	04 Seq:Fusion	
Roland	JV-2080	Performance -> PR-A	05 Seq:FunkRock	
Roland	JV-2080	Performance -> PR-A	06 Seq:HardRock	
Roland	JV-2080	Performance -> PR-A	07 Seq:H.Metal	
Roland	JV-2080	Performance -> PR-A	08 Seq:Blues	
Roland	JV-2080	Performance -> PR-A	09 Seq:Cont.Jz	
Roland	JV-2080	Performance -> PR-A	10 Seq:Ac.Jazz	
Roland	JV-2080	Performance -> PR-A	11 Seq:Country	
Roland	JV-2080	Performance -> PR-A	12 Seq:Folk	
Roland	JV-2080	Performance -> PR-A	13 Seq:Dixie	
Roland	JV-2080	Performance -> PR-A	14 Seq:BigBand	
Roland	JV-2080	Performance -> PR-A	15 Seq:Latin	
Roland	JV-2080	Performance -> PR-A	16 Seq:Africa	
Roland	JV-2080	Performance -> PR-A	17 Seq:World	
Roland	JV-2080	Performance -> PR-A	18 Seq:Zydeco	
Roland	JV-2080	Performance -> PR-A	19 Seq:60's	
Roland	JV-2080	Performance -> PR-A	20 Seq:Gospel	
Roland	JV-2080	Performance -> PR-A	21 Seq:PopDance	
Roland	JV-2080	Performance -> PR-A	22 Seq:TeknoPop	
Roland	JV-2080	Performance -> PR-A	23 Seq:House	
Roland	JV-2080	Performance -> PR-A	24 Seq:Hip Hop	
Roland	JV-2080	Performance -> PR-A	25 Seq:HardCore	
Roland	JV-2080	Performance -> PR-A	26 Seq:Acid	
Roland	JV-2080	Performance -> PR-A	27 Seq:Ambient	
Roland	JV-2080	Performance -> PR-A	28 Seq:New Age	
Roland	JV-2080	Performance -> PR-A	29 Seq:Orch	
Roland	JV-2080	Performance -> PR-A	30 Seq:Film	
Roland	JV-2080	Performance -> PR-A	31 Seq:Chamber	
Roland	JV-2080	Performance -> PR-A	32 Seq:Baroque	
Roland	JV-2080	Performance -> PR-B	01 Dulcimar&Gtr	
Roland	JV-2080	Performance -> PR-B	02 DulcitarStk	
Roland	JV-2080	Performance -> PR-B	03 Tekno Loop 2	
Roland	JV-2080	Performance -> PR-B	04 Rave Attack	
Roland	JV-2080	Performance -> PR-B	05 SpaceCarrier	
Roland	JV-2080	Performance -> PR-B	06 Terminator	
Roland	JV-2080	Performance -> PR-B	07 Symphony JV	
Roland	JV-2080	Performance -> PR-B	08 Nebular Vox	
Roland	JV-2080	Performance -> PR-B	09 Humming Vox	
Roland	JV-2080	Performance -> PR-B	10 Cosmic Dawn	
Roland	JV-2080	Performance -> PR-B	11 Labyrinth	
Roland	JV-2080	Performance -> PR-B	12 Sweeper	
Roland	JV-2080	Performance -> PR-B	13 Stack Pad	
Roland	JV-2080	Performance -> PR-B	14 Strobe Pad 2	
Roland	JV-2080	Performance -> PR-B	15 Rhythmatic	
Roland	JV-2080	Performance -> PR-B	16 Voyage	
Roland	JV-2080	Performance -> PR-B	17 S&H Pad	
Roland	JV-2080	Performance -> PR-B	18 Cyclic Pad	
Roland	JV-2080	Performance -> PR-B	19 White Hole	
Roland	JV-2080	Performance -> PR-B	20 EasternSplit	
Roland	JV-2080	Performance -> PR-B	21 Tekno Asia	
Roland	JV-2080	Performance -> PR-B	22 TeknoSplit 1	
Roland	JV-2080	Performance -> PR-B	23 TeknoSplit 2	
Roland	JV-2080	Performance -> PR-B	24 TknoPopSplit	
Roland	JV-2080	Performance -> PR-B	25 ChildrenSplt	
Roland	JV-2080	Performance -> PR-B	26 Purple Split	
Roland	JV-2080	Performance -> PR-B	27 PulsingSplit	
Roland	JV-2080	Performance -> PR-B	28 Pad / Lead	
Roland	JV-2080	Performance -> PR-B	29 Organ / Lead	
Roland	JV-2080	Performance -> PR-B	30 Bass / Lead	
Roland	JV-2080	Performance -> PR-B	31 S&H / Pad	
Roland	JV-2080	Performance -> PR-B	32 Drone / Pipe	
Roland	JV-2080	Waveform -> INT-A	001 Ac Piano1 A	
Roland	JV-2080	Waveform -> INT-A	002 Ac Piano1 B	
Roland	JV-2080	Waveform -> INT-A	003 Ac Piano1 C	
Roland	JV-2080	Waveform -> INT-A	004 Ac Piano2 pA	
Roland	JV-2080	Waveform -> INT-A	005 Ac Piano2 pB	
Roland	JV-2080	Waveform -> INT-A	006 Ac Piano2 pC	
Roland	JV-2080	Waveform -> INT-A	007 Ac Piano2 fA	
Roland	JV-2080	Waveform -> INT-A	008 Ac Piano2 fB	
Roland	JV-2080	Waveform -> INT-A	009 Ac Piano2 fC	
Roland	JV-2080	Waveform -> INT-A	010 Piano Thump	
Roland	JV-2080	Waveform -> INT-A	011 Piano Up TH	
Roland	JV-2080	Waveform -> INT-A	012 MKS-20 P3 A	
Roland	JV-2080	Waveform -> INT-A	013 MKS-20 P3 B	
Roland	JV-2080	Waveform -> INT-A	014 MKS-20 P3 C	
Roland	JV-2080	Waveform -> INT-A	015 SA Rhodes 1A	Renamed to "SA EP 1A" in the VST
Roland	JV-2080	Waveform -> INT-A	016 SA Rhodes 1B	Renamed to "SA EP 1B" in the VST
Roland	JV-2080	Waveform -> INT-A	017 SA Rhodes 1C	Renamed to "SA EP 1C" in the VST
Roland	JV-2080	Waveform -> INT-A	018 SA Rhodes 2A	Renamed to "SA EP 2A" in the VST
Roland	JV-2080	Waveform -> INT-A	019 SA Rhodes 2B	Renamed to "SA EP 2B" in the VST
Roland	JV-2080	Waveform -> INT-A	020 SA Rhodes 2C	Renamed to "SA EP 2C" in the VST
Roland	JV-2080	Waveform -> INT-A	021 E.Piano 1A	
Roland	JV-2080	Waveform -> INT-A	022 E.Piano 1B	
Roland	JV-2080	Waveform -> INT-A	023 E.Piano 1C	
Roland	JV-2080	Waveform -> INT-A	024 E.Piano 2A	
Roland	JV-2080	Waveform -> INT-A	025 E.Piano 2B	
Roland	JV-2080	Waveform -> INT-A	026 E.Piano 2C	
Roland	JV-2080	Waveform -> INT-A	027 E.Piano 3A	
Roland	JV-2080	Waveform -> INT-A	028 E.Piano 3B	
Roland	JV-2080	Waveform -> INT-A	029 E.Piano 3C	
Roland	JV-2080	Waveform -> INT-A	030 MK-80 EP A	
Roland	JV-2080	Waveform -> INT-A	031 MK-80 EP B	
Roland	JV-2080	Waveform -> INT-A	032 MK-80 EP C	
Roland	JV-2080	Waveform -> INT-A	033 D-50 EP A	
Roland	JV-2080	Waveform -> INT-A	034 D-50 EP B	
Roland	JV-2080	Waveform -> INT-A	035 D-50 EP C	
Roland	JV-2080	Waveform -> INT-A	036 Celesta	
Roland	JV-2080	Waveform -> INT-A	037 Music Box	
Roland	JV-2080	Waveform -> INT-A	038 Clav 1A	
Roland	JV-2080	Waveform -> INT-A	039 Clav 1B	
Roland	JV-2080	Waveform -> INT-A	040 Clav 1C	
Roland	JV-2080	Waveform -> INT-A	041 Organ 1	
Roland	JV-2080	Waveform -> INT-A	042 Jazz Organ 1	
Roland	JV-2080	Waveform -> INT-A	043 Jazz Organ 2	
Roland	JV-2080	Waveform -> INT-A	044 Organ 2	
Roland	JV-2080	Waveform -> INT-A	045 Organ 3	
Roland	JV-2080	Waveform -> INT-A	046 Organ 4	
Roland	JV-2080	Waveform -> INT-A	047 Rock Organ	
Roland	JV-2080	Waveform -> INT-A	048 Dist. Organ	
Roland	JV-2080	Waveform -> INT-A	049 Rot.Org Slw	
Roland	JV-2080	Waveform -> INT-A	050 Rot.Org Fst	
Roland	JV-2080	Waveform -> INT-A	051 Pipe Organ	
Roland	JV-2080	Waveform -> INT-A	052 Nylon Gtr A	
Roland	JV-2080	Waveform -> INT-A	053 Nylon Gtr B	
Roland	JV-2080	Waveform -> INT-A	054 Nylon Gtr C	
Roland	JV-2080	Waveform -> INT-A	055 6-Str Gtr A	
Roland	JV-2080	Waveform -> INT-A	056 6-Str Gtr B	
Roland	JV-2080	Waveform -> INT-A	057 6-Str Gtr C	
Roland	JV-2080	Waveform -> INT-A	058 Gtr Harm A	
Roland	JV-2080	Waveform -> INT-A	059 Gtr Harm B	
Roland	JV-2080	Waveform -> INT-A	060 Gtr Harm C	
Roland	JV-2080	Waveform -> INT-A	061 Comp Gtr A	
Roland	JV-2080	Waveform -> INT-A	062 Comp Gtr B	
Roland	JV-2080	Waveform -> INT-A	063 Comp Gtr C	
Roland	JV-2080	Waveform -> INT-A	064 Comp Gtr A+	
Roland	JV-2080	Waveform -> INT-A	065 Mute Gtr 1	
Roland	JV-2080	Waveform -> INT-A	066 Mute Gtr 2A	
Roland	JV-2080	Waveform -> INT-A	067 Mute Gtr 2B	
Roland	JV-2080	Waveform -> INT-A	068 Mute Gtr 2C	
Roland	JV-2080	Waveform -> INT-A	069 Pop Strat A	Renamed to "Pop ST Gtr A" in the VST
Roland	JV-2080	Waveform -> INT-A	070 Pop Strat B	Renamed to "Pop ST Gtr B" in the VST
Roland	JV-2080	Waveform -> INT-A	071 Pop Strat C	Renamed to "Pop ST Gtr C" in the VST
Roland	JV-2080	Waveform -> INT-A	072 Jazz Gtr A	
Roland	JV-2080	Waveform -> INT-A	073 Jazz Gtr B	
Roland	JV-2080	Waveform -> INT-A	074 Jazz Gtr C	
Roland	JV-2080	Waveform -> INT-A	075 JC Strat A	Renamed to "JC ST Gtr A" in the VST
Roland	JV-2080	Waveform -> INT-A	076 JC Strat B	Renamed to "JC ST Gtr B" in the VST
Roland	JV-2080	Waveform -> INT-A	077 JC Strat C	Renamed to "JC ST Gtr C" in the VST
Roland	JV-2080	Waveform -> INT-A	078 JC Strat A+	Renamed to "JC ST Gtr A+" in the VST
Roland	JV-2080	Waveform -> INT-A	079 JC Strat B+	Renamed to "JC ST Gtr B+" in the VST
Roland	JV-2080	Waveform -> INT-A	080 JC Strat C+	Renamed to "JC ST Gtr C+" in the VST
Roland	JV-2080	Waveform -> INT-A	081 Clean Gtr A	
Roland	JV-2080	Waveform -> INT-A	082 Clean Gtr B	
Roland	JV-2080	Waveform -> INT-A	083 Clean Gtr C	
Roland	JV-2080	Waveform -> INT-A	084 Stratus A	Renamed to "ST Guitar A" in the VST
Roland	JV-2080	Waveform -> INT-A	085 Stratus B	Renamed to "ST Guitar B" in the VST
Roland	JV-2080	Waveform -> INT-A	086 Stratus C	Renamed to "ST Guitar C" in the VST
Roland	JV-2080	Waveform -> INT-A	087 OD Gtr A	
Roland	JV-2080	Waveform -> INT-A	088 OD Gtr B	
Roland	JV-2080	Waveform -> INT-A	089 OD Gtr C	
Roland	JV-2080	Waveform -> INT-A	090 OD Gtr A+	
Roland	JV-2080	Waveform -> INT-A	091 Heavy Gtr A	
Roland	JV-2080	Waveform -> INT-A	092 Heavy Gtr B	
Roland	JV-2080	Waveform -> INT-A	093 Heavy Gtr C	
Roland	JV-2080	Waveform -> INT-A	094 Heavy Gtr A+	
Roland	JV-2080	Waveform -> INT-A	095 Heavy Gtr B+	
Roland	JV-2080	Waveform -> INT-A	096 Heavy Gtr C+	
Roland	JV-2080	Waveform -> INT-A	097 PowerChord A	
Roland	JV-2080	Waveform -> INT-A	098 PowerChord B	
Roland	JV-2080	Waveform -> INT-A	099 PowerChord C	
Roland	JV-2080	Waveform -> INT-A	100 EG Harm	
Roland	JV-2080	Waveform -> INT-A	101 Gt.FretNoise	
Roland	JV-2080	Waveform -> INT-A	102 Syn Gtr A	
Roland	JV-2080	Waveform -> INT-A	103 Syn Gtr B	
Roland	JV-2080	Waveform -> INT-A	104 Syn Gtr C	
Roland	JV-2080	Waveform -> INT-A	105 Harp 1A	
Roland	JV-2080	Waveform -> INT-A	106 Harp 1B	
Roland	JV-2080	Waveform -> INT-A	107 Harp 1C	
Roland	JV-2080	Waveform -> INT-A	108 Banjo A	
Roland	JV-2080	Waveform -> INT-A	109 Banjo B	
Roland	JV-2080	Waveform -> INT-A	110 Banjo C	
Roland	JV-2080	Waveform -> INT-A	111 Sitar A	
Roland	JV-2080	Waveform -> INT-A	112 Sitar B	
Roland	JV-2080	Waveform -> INT-A	113 Sitar C	
Roland	JV-2080	Waveform -> INT-A	114 Dulcimer A	
Roland	JV-2080	Waveform -> INT-A	115 Dulcimer B	
Roland	JV-2080	Waveform -> INT-A	116 Dulcimer C	
Roland	JV-2080	Waveform -> INT-A	117 Shamisen A	
Roland	JV-2080	Waveform -> INT-A	118 Shamisen B	
Roland	JV-2080	Waveform -> INT-A	119 Shamisen C	
Roland	JV-2080	Waveform -> INT-A	120 Koto A	
Roland	JV-2080	Waveform -> INT-A	121 Koto B	
Roland	JV-2080	Waveform -> INT-A	122 Koto C	
Roland	JV-2080	Waveform -> INT-A	123 Pick Bass A	
Roland	JV-2080	Waveform -> INT-A	124 Pick Bass B	
Roland	JV-2080	Waveform -> INT-A	125 Pick Bass C	
Roland	JV-2080	Waveform -> INT-A	126 Fingerd Bs A	
Roland	JV-2080	Waveform -> INT-A	127 Fingerd Bs B	
Roland	JV-2080	Waveform -> INT-A	128 Fingerd Bs C	
Roland	JV-2080	Waveform -> INT-A	129 E.Bass	
Roland	JV-2080	Waveform -> INT-A	130 Fretless A	
Roland	JV-2080	Waveform -> INT-A	131 Fretless B	
Roland	JV-2080	Waveform -> INT-A	132 Fretless C	
Roland	JV-2080	Waveform -> INT-A	133 UprightBs 1	
Roland	JV-2080	Waveform -> INT-A	134 UprightBs 2A	
Roland	JV-2080	Waveform -> INT-A	135 UprightBs 2B	
Roland	JV-2080	Waveform -> INT-A	136 UprightBs 2C	
Roland	JV-2080	Waveform -> INT-A	137 Slap Bass 1	
Roland	JV-2080	Waveform -> INT-A	138 Slap & Pop	
Roland	JV-2080	Waveform -> INT-A	139 Slap Bass 2	
Roland	JV-2080	Waveform -> INT-A	140 Slap Bass 3	
Roland	JV-2080	Waveform -> INT-A	141 Jz.Bs Thumb	
Roland	JV-2080	Waveform -> INT-A	142 Jz.Bs Slap 1	
Roland	JV-2080	Waveform -> INT-A	143 Jz.Bs Slap 2	
Roland	JV-2080	Waveform -> INT-A	144 Jz.Bs Slap 3	
Roland	JV-2080	Waveform -> INT-A	145 Jz.Bs Pop	
Roland	JV-2080	Waveform -> INT-A	146 Syn Bass A	
Roland	JV-2080	Waveform -> INT-A	147 Syn Bass C	
Roland	JV-2080	Waveform -> INT-A	148 Mini Bs 1A	
Roland	JV-2080	Waveform -> INT-A	149 Mini Bs 1B	
Roland	JV-2080	Waveform -> INT-A	150 Mini Bs 1C	
Roland	JV-2080	Waveform -> INT-A	151 Mini Bs 2	
Roland	JV-2080	Waveform -> INT-A	152 Mini Bs 2+	
Roland	JV-2080	Waveform -> INT-A	153 MC-202 Bs A	
Roland	JV-2080	Waveform -> INT-A	154 MC-202 Bs B	
Roland	JV-2080	Waveform -> INT-A	155 MC-202 Bs C	
Roland	JV-2080	Waveform -> INT-A	156 Flute 1A	
Roland	JV-2080	Waveform -> INT-A	157 Flute 1B	
Roland	JV-2080	Waveform -> INT-A	158 Flute 1C	
Roland	JV-2080	Waveform -> INT-A	159 Blow Pipe	
Roland	JV-2080	Waveform -> INT-A	160 Bottle	
Roland	JV-2080	Waveform -> INT-A	161 Shakuhachi	
Roland	JV-2080	Waveform -> INT-A	162 Clarinet A	
Roland	JV-2080	Waveform -> INT-A	163 Clarinet B	
Roland	JV-2080	Waveform -> INT-A	164 Clarinet C	
Roland	JV-2080	Waveform -> INT-A	165 Oboe mf A	
Roland	JV-2080	Waveform -> INT-A	166 Oboe mf B	
Roland	JV-2080	Waveform -> INT-A	167 Oboe mf C	
Roland	JV-2080	Waveform -> INT-A	168 Sop.Sax mf A	
Roland	JV-2080	Waveform -> INT-A	169 Sop.Sax mf B	
Roland	JV-2080	Waveform -> INT-A	170 Sop.Sax mf C	
Roland	JV-2080	Waveform -> INT-A	171 Alto Sax 1A	
Roland	JV-2080	Waveform -> INT-A	172 Alto Sax 1B	
Roland	JV-2080	Waveform -> INT-A	173 Alto Sax 1C	
Roland	JV-2080	Waveform -> INT-A	174 Tenor Sax A	
Roland	JV-2080	Waveform -> INT-A	175 Tenor Sax B	
Roland	JV-2080	Waveform -> INT-A	176 Tenor Sax C	
Roland	JV-2080	Waveform -> INT-A	177 Bari.Sax f A	
Roland	JV-2080	Waveform -> INT-A	178 Bari.Sax f B	
Roland	JV-2080	Waveform -> INT-A	179 Bari.Sax f C	
Roland	JV-2080	Waveform -> INT-A	180 Harmonica A	
Roland	JV-2080	Waveform -> INT-A	181 Harmonica B	
Roland	JV-2080	Waveform -> INT-A	182 Harmonica C	
Roland	JV-2080	Waveform -> INT-A	183 Chanter	
Roland	JV-2080	Waveform -> INT-A	184 Tpt Sect. A	
Roland	JV-2080	Waveform -> INT-A	185 Tpt Sect. B	
Roland	JV-2080	Waveform -> INT-A	186 Tpt Sect. C	
Roland	JV-2080	Waveform -> INT-A	187 Trumpet 1A	
Roland	JV-2080	Waveform -> INT-A	188 Trumpet 1B	
Roland	JV-2080	Waveform -> INT-A	189 Trumpet 1C	
Roland	JV-2080	Waveform -> INT-A	190 Trumpet 2A	
Roland	JV-2080	Waveform -> INT-A	191 Trumpet 2B	
Roland	JV-2080	Waveform -> INT-A	192 Trumpet 2C	
Roland	JV-2080	Waveform -> INT-A	193 HarmonMute1A	
Roland	JV-2080	Waveform -> INT-A	194 HarmonMute1B	
Roland	JV-2080	Waveform -> INT-A	195 HarmonMute1C	
Roland	JV-2080	Waveform -> INT-A	196 Trombone 1	
Roland	JV-2080	Waveform -> INT-A	197 French 1A	
Roland	JV-2080	Waveform -> INT-A	198 French 1C	
Roland	JV-2080	Waveform -> INT-A	199 F.Horns A	
Roland	JV-2080	Waveform -> INT-A	200 F.Homs B	
Roland	JV-2080	Waveform -> INT-A	201 F.Horns C	
Roland	JV-2080	Waveform -> INT-A	202 Violin A	
Roland	JV-2080	Waveform -> INT-A	203 Violin B	
Roland	JV-2080	Waveform -> INT-A	204 Violin C	
Roland	JV-2080	Waveform -> INT-A	205 Cello A	
Roland	JV-2080	Waveform -> INT-A	206 Cello B	
Roland	JV-2080	Waveform -> INT-A	207 Cello C	
Roland	JV-2080	Waveform -> INT-A	208 ST.Strings-R	
Roland	JV-2080	Waveform -> INT-A	209 ST.Strings-L	
Roland	JV-2080	Waveform -> INT-A	210 MonoStringsA	
Roland	JV-2080	Waveform -> INT-A	211 MonoStringsC	
Roland	JV-2080	Waveform -> INT-A	212 Pizz	
Roland	JV-2080	Waveform -> INT-A	213 JP Strings1A	
Roland	JV-2080	Waveform -> INT-A	214 JP Strings1B	
Roland	JV-2080	Waveform -> INT-A	215 JP Strings1C	
Roland	JV-2080	Waveform -> INT-A	216 JP Strings2A	
Roland	JV-2080	Waveform -> INT-A	217 JP Strings2B	
Roland	JV-2080	Waveform -> INT-A	218 JP Strings2C	
Roland	JV-2080	Waveform -> INT-A	219 Soft Pad A	
Roland	JV-2080	Waveform -> INT-A	220 Soft Pad B	
Roland	JV-2080	Waveform -> INT-A	221 Soft Pad C	
Roland	JV-2080	Waveform -> INT-A	222 Fantasynth A	
Roland	JV-2080	Waveform -> INT-A	223 Fantasynth B	
Roland	JV-2080	Waveform -> INT-A	224 Fantasynth C	
Roland	JV-2080	Waveform -> INT-A	225 D-50 HeavenA	
Roland	JV-2080	Waveform -> INT-A	226 D-50 HeavenB	
Roland	JV-2080	Waveform -> INT-A	227 D-50 HeavenC	
Roland	JV-2080	Waveform -> INT-A	228 Fine Wine	
Roland	JV-2080	Waveform -> INT-A	229 D-50 Brass A	
Roland	JV-2080	Waveform -> INT-A	230 D-50 Brass B	
Roland	JV-2080	Waveform -> INT-A	231 D-50 Brass C	
Roland	JV-2080	Waveform -> INT-A	232 D-50 BrassA+	
Roland	JV-2080	Waveform -> INT-A	233 DualSquare A	
Roland	JV-2080	Waveform -> INT-A	234 DualSquare C	
Roland	JV-2080	Waveform -> INT-A	235 DualSquareA+	
Roland	JV-2080	Waveform -> INT-A	236 Pop Voice	
Roland	JV-2080	Waveform -> INT-A	237 Syn Vox 1	
Roland	JV-2080	Waveform -> INT-A	238 Syn Vox 2	
Roland	JV-2080	Waveform -> INT-A	239 Voice Aahs A	
Roland	JV-2080	Waveform -> INT-A	240 Voice Aahs B	
Roland	JV-2080	Waveform -> INT-A	241 Voice Aahs C	
Roland	JV-2080	Waveform -> INT-A	242 Voice Oohs1A	
Roland	JV-2080	Waveform -> INT-A	243 Voice Oohs1B	
Roland	JV-2080	Waveform -> INT-A	244 Voice Oohs1C	
Roland	JV-2080	Waveform -> INT-A	245 Voice Oohs2A	
Roland	JV-2080	Waveform -> INT-A	246 Voice Oohs2B	
Roland	JV-2080	Waveform -> INT-A	247 Voice Oohs2C	
Roland	JV-2080	Waveform -> INT-A	248 Voice Breath	
Roland	JV-2080	Waveform -> INT-A	249 Male Ooh A	
Roland	JV-2080	Waveform -> INT-A	250 Male Ooh B	
Roland	JV-2080	Waveform -> INT-A	251 Male Ooh C	
Roland	JV-2080	Waveform -> INT-A	252 Org Vox A	
Roland	JV-2080	Waveform -> INT-A	253 Org Vox B	
Roland	JV-2080	Waveform -> INT-A	254 Org Vox C	
Roland	JV-2080	Waveform -> INT-A	255 Vox Noise	
Roland	JV-2080	Waveform -> INT-B	001 Kalimba	
Roland	JV-2080	Waveform -> INT-B	002 Marimba Wave	
Roland	JV-2080	Waveform -> INT-B	003 Log Drum	
Roland	JV-2080	Waveform -> INT-B	004 Vibes	
Roland	JV-2080	Waveform -> INT-B	005 Bottle Hit	
Roland	JV-2080	Waveform -> INT-B	006 Glockenspiel	
Roland	JV-2080	Waveform -> INT-B	007 Tubular	
Roland	JV-2080	Waveform -> INT-B	008 Steel Drums	
Roland	JV-2080	Waveform -> INT-B	009 Fanta Bell A	
Roland	JV-2080	Waveform -> INT-B	010 Fanta Bell B	
Roland	JV-2080	Waveform -> INT-B	011 Fanta Bell C	
Roland	JV-2080	Waveform -> INT-B	012 FantaBell A+	
Roland	JV-2080	Waveform -> INT-B	013 Org Bell	
Roland	JV-2080	Waveform -> INT-B	014 Agogo	
Roland	JV-2080	Waveform -> INT-B	015 DIGI Bell 1	
Roland	JV-2080	Waveform -> INT-B	016 DIGI Bell 1+	
Roland	JV-2080	Waveform -> INT-B	017 DIGI Chime	
Roland	JV-2080	Waveform -> INT-B	018 Wave Scan	
Roland	JV-2080	Waveform -> INT-B	019 Wire String	
Roland	JV-2080	Waveform -> INT-B	020 2.2 Bellwave	
Roland	JV-2080	Waveform -> INT-B	021 2.2 Vibwave	
Roland	JV-2080	Waveform -> INT-B	022 Spark VOX	
Roland	JV-2080	Waveform -> INT-B	023 MMM VOX	
Roland	JV-2080	Waveform -> INT-B	024 Lead Wave	
Roland	JV-2080	Waveform -> INT-B	025 Synth Reed	
Roland	JV-2080	Waveform -> INT-B	026 Synth Saw 1	
Roland	JV-2080	Waveform -> INT-B	027 Synth Saw 2	
Roland	JV-2080	Waveform -> INT-B	028 Syn Saw 2inv	
Roland	JV-2080	Waveform -> INT-B	029 Synth Saw 3	
Roland	JV-2080	Waveform -> INT-B	030 JP-8 Saw A	
Roland	JV-2080	Waveform -> INT-B	031 JP-8 Saw B	
Roland	JV-2080	Waveform -> INT-B	032 JP-8 Saw C	
Roland	JV-2080	Waveform -> INT-B	033 P5 Saw A	
Roland	JV-2080	Waveform -> INT-B	034 P5 Saw B	
Roland	JV-2080	Waveform -> INT-B	035 P5 Saw C	
Roland	JV-2080	Waveform -> INT-B	036 D-50 Saw A	
Roland	JV-2080	Waveform -> INT-B	037 D-50 Saw B	
Roland	JV-2080	Waveform -> INT-B	038 D-50 Saw C	
Roland	JV-2080	Waveform -> INT-B	039 Synth Square	
Roland	JV-2080	Waveform -> INT-B	040 JP-8 SquareA	
Roland	JV-2080	Waveform -> INT-B	041 JP-8 SquareB	
Roland	JV-2080	Waveform -> INT-B	042 JP-8 SquareC	
Roland	JV-2080	Waveform -> INT-B	043 Synth Pulse1	
Roland	JV-2080	Waveform -> INT-B	044 Synth Pulse2	
Roland	JV-2080	Waveform -> INT-B	045 Triangle	
Roland	JV-2080	Waveform -> INT-B	046 Sine	
Roland	JV-2080	Waveform -> INT-B	047 Org Click	
Roland	JV-2080	Waveform -> INT-B	048 White Noise	
Roland	JV-2080	Waveform -> INT-B	049 Pink Noise	
Roland	JV-2080	Waveform -> INT-B	050 Metal Wind	
Roland	JV-2080	Waveform -> INT-B	051 Wind Agogo	
Roland	JV-2080	Waveform -> INT-B	052 Feedbackwave	
Roland	JV-2080	Waveform -> INT-B	053 Spectrum	
Roland	JV-2080	Waveform -> INT-B	054 BreathNoise	
Roland	JV-2080	Waveform -> INT-B	055 Rattles	
Roland	JV-2080	Waveform -> INT-B	056 Ice Rain	
Roland	JV-2080	Waveform -> INT-B	057 Tin Wave	
Roland	JV-2080	Waveform -> INT-B	058 Anklungs	
Roland	JV-2080	Waveform -> INT-B	059 Wind Chimes	
Roland	JV-2080	Waveform -> INT-B	060 Orch. Hit	
Roland	JV-2080	Waveform -> INT-B	061 Tekno Hit	
Roland	JV-2080	Waveform -> INT-B	062 Back Hit	
Roland	JV-2080	Waveform -> INT-B	063 Philly Hit	
Roland	JV-2080	Waveform -> INT-B	064 Scratch 1	
Roland	JV-2080	Waveform -> INT-B	065 Scratch 2	
Roland	JV-2080	Waveform -> INT-B	066 Scratch 3	
Roland	JV-2080	Waveform -> INT-B	067 Natural SN1	
Roland	JV-2080	Waveform -> INT-B	068 Natural SN2	
Roland	JV-2080	Waveform -> INT-B	069 Piccolo SN	
Roland	JV-2080	Waveform -> INT-B	070 Ballad SN	
Roland	JV-2080	Waveform -> INT-B	071 SN Roll	
Roland	JV-2080	Waveform -> INT-B	072 808 SN	
Roland	JV-2080	Waveform -> INT-B	073 Brush Slap	
Roland	JV-2080	Waveform -> INT-B	074 Brush Swish	
Roland	JV-2080	Waveform -> INT-B	075 Brush Roll	
Roland	JV-2080	Waveform -> INT-B	076 Dry Stick	
Roland	JV-2080	Waveform -> INT-B	077 Side Stick	
Roland	JV-2080	Waveform -> INT-B	078 Lite Kick	
Roland	JV-2080	Waveform -> INT-B	079 Hybrid Kick1	
Roland	JV-2080	Waveform -> INT-B	080 Hybrid Kick2	
Roland	JV-2080	Waveform -> INT-B	081 Old Kick	
Roland	JV-2080	Waveform -> INT-B	082 Verb Kick	
Roland	JV-2080	Waveform -> INT-B	083 Round Kick	
Roland	JV-2080	Waveform -> INT-B	084 808 Kick	
Roland	JV-2080	Waveform -> INT-B	085 Verb Tom Hi	
Roland	JV-2080	Waveform -> INT-B	086 Verb Tom Lo	
Roland	JV-2080	Waveform -> INT-B	087 Dry Tom Hi	
Roland	JV-2080	Waveform -> INT-B	088 Dry Tom Lo	
Roland	JV-2080	Waveform -> INT-B	089 Cl HiHat 1	
Roland	JV-2080	Waveform -> INT-B	090 Cl HiHat 2	
Roland	JV-2080	Waveform -> INT-B	091 Op HiHat	
Roland	JV-2080	Waveform -> INT-B	092 Pedal HiHat	
Roland	JV-2080	Waveform -> INT-B	093 606 HiHat Cl	
Roland	JV-2080	Waveform -> INT-B	094 606 HiHat Op	
Roland	JV-2080	Waveform -> INT-B	095 808 Claps	
Roland	JV-2080	Waveform -> INT-B	096 Hand Claps	
Roland	JV-2080	Waveform -> INT-B	097 Finger Snaps	
Roland	JV-2080	Waveform -> INT-B	098 Ride 1	
Roland	JV-2080	Waveform -> INT-B	099 Ride 2	
Roland	JV-2080	Waveform -> INT-B	100 Ride Bell 1	
Roland	JV-2080	Waveform -> INT-B	101 Crash 1	
Roland	JV-2080	Waveform -> INT-B	102 China Cym	
Roland	JV-2080	Waveform -> INT-B	103 Cowbell 1	
Roland	JV-2080	Waveform -> INT-B	104 Wood Block	
Roland	JV-2080	Waveform -> INT-B	105 Claves	
Roland	JV-2080	Waveform -> INT-B	106 Bongo Hi	
Roland	JV-2080	Waveform -> INT-B	107 Bongo Lo	
Roland	JV-2080	Waveform -> INT-B	108 Cga Open Hi	
Roland	JV-2080	Waveform -> INT-B	109 Cga Open Lo	
Roland	JV-2080	Waveform -> INT-B	110 Cga Mute Hi	
Roland	JV-2080	Waveform -> INT-B	111 Cga Mute Lo	
Roland	JV-2080	Waveform -> INT-B	112 Cga Slap	
Roland	JV-2080	Waveform -> INT-B	113 Timbale	
Roland	JV-2080	Waveform -> INT-B	114 Cabasa Up	
Roland	JV-2080	Waveform -> INT-B	115 Cabasa Down	
Roland	JV-2080	Waveform -> INT-B	116 Cabasa Cut	
Roland	JV-2080	Waveform -> INT-B	117 Maracas	
Roland	JV-2080	Waveform -> INT-B	118 Long Guiro	
Roland	JV-2080	Waveform -> INT-B	119 Tambourine	
Roland	JV-2080	Waveform -> INT-B	120 Open Triangl	
Roland	JV-2080	Waveform -> INT-B	121 Cuica	
Roland	JV-2080	Waveform -> INT-B	122 Vibraslap	
Roland	JV-2080	Waveform -> INT-B	123 Timpani	
Roland	JV-2080	Waveform -> INT-B	124 Applause	
Roland	JV-2080	Waveform -> INT-B	125 REV Orch.Hit	
Roland	JV-2080	Waveform -> INT-B	126 REV TeknoHit	
Roland	JV-2080	Waveform -> INT-B	127 REV Back Hit	
Roland	JV-2080	Waveform -> INT-B	128 REV PhillHit	
Roland	JV-2080	Waveform -> INT-B	129 REV Steel DR	
Roland	JV-2080	Waveform -> INT-B	130 REV Tin Wave	
Roland	JV-2080	Waveform -> INT-B	131 REV NatrlSN1	
Roland	JV-2080	Waveform -> INT-B	132 REV NatrlSN2	
Roland	JV-2080	Waveform -> INT-B	133 REV PiccloSN	
Roland	JV-2080	Waveform -> INT-B	134 REV BalladSN	
Roland	JV-2080	Waveform -> INT-B	135 REV Side Stk	
Roland	JV-2080	Waveform -> INT-B	136 REV SN Roll	
Roland	JV-2080	Waveform -> INT-B	137 REV Brush 1	
Roland	JV-2080	Waveform -> INT-B	138 REV Brush 2	
Roland	JV-2080	Waveform -> INT-B	139 REV Brush 3	
Roland	JV-2080	Waveform -> INT-B	140 REV LiteKick	
Roland	JV-2080	Waveform -> INT-B	141 REV HybridK1	
Roland	JV-2080	Waveform -> INT-B	142 REV HybridK2	
Roland	JV-2080	Waveform -> INT-B	143 REV Old Kick	
Roland	JV-2080	Waveform -> INT-B	144 REV Timpani	
Roland	JV-2080	Waveform -> INT-B	145 REV VerbTomH	
Roland	JV-2080	Waveform -> INT-B	146 REV VerbTomL	
Roland	JV-2080	Waveform -> INT-B	147 REV DryTom H	
Roland	JV-2080	Waveform -> INT-B	148 REV DryTom M	
Roland	JV-2080	Waveform -> INT-B	149 REV ClHiHat1	
Roland	JV-2080	Waveform -> INT-B	150 REV ClHiHat2	
Roland	JV-2080	Waveform -> INT-B	151 REV Op HiHat	
Roland	JV-2080	Waveform -> INT-B	152 REV Pedal HH	
Roland	JV-2080	Waveform -> INT-B	153 REV 606HH Cl	
Roland	JV-2080	Waveform -> INT-B	154 REV 606HH Op	
Roland	JV-2080	Waveform -> INT-B	155 REV Ride	
Roland	JV-2080	Waveform -> INT-B	156 REV Cup	
Roland	JV-2080	Waveform -> INT-B	157 REV Crash 1	
Roland	JV-2080	Waveform -> INT-B	158 REV China	
Roland	JV-2080	Waveform -> INT-B	159 REV DrySick	
Roland	JV-2080	Waveform -> INT-B	160 REV RealCLP	
Roland	JV-2080	Waveform -> INT-B	161 REV FingSnap	
Roland	JV-2080	Waveform -> INT-B	162 REV Cowbell	
Roland	JV-2080	Waveform -> INT-B	163 REV WoodBlck	
Roland	JV-2080	Waveform -> INT-B	164 REV Clve	
Roland	JV-2080	Waveform -> INT-B	165 REV Conga	
Roland	JV-2080	Waveform -> INT-B	166 REV Tamb	
Roland	JV-2080	Waveform -> INT-B	167 REV Maracas	
Roland	JV-2080	Waveform -> INT-B	168 REV Guiro	
Roland	JV-2080	Waveform -> INT-B	169 REV Cuica	
Roland	JV-2080	Waveform -> INT-B	170 REV Metro	
Roland	JV-2080	Waveform -> INT-B	171 Loop 1	
Roland	JV-2080	Waveform -> INT-B	172 Loop 2	
Roland	JV-2080	Waveform -> INT-B	173 Loop 3	
Roland	JV-2080	Waveform -> INT-B	174 Loop 4	
Roland	JV-2080	Waveform -> INT-B	175 Loop 5	
Roland	JV-2080	Waveform -> INT-B	176 Loop 6	
Roland	JV-2080	Waveform -> INT-B	177 Loop 7	
Roland	JV-2080	Waveform -> INT-B	178 R8 Click	
Roland	JV-2080	Waveform -> INT-B	179 Metronome 1	
Roland	JV-2080	Waveform -> INT-B	180 Metronome 2	
Roland	JV-2080	Waveform -> INT-B	181 MC500 Beep 1	
Roland	JV-2080	Waveform -> INT-B	182 MC500 Beep 2	
Roland	JV-2080	Waveform -> INT-B	183 Low Saw	
Roland	JV-2080	Waveform -> INT-B	184 Low Saw inv	
Roland	JV-2080	Waveform -> INT-B	185 Low P5 Saw	
Roland	JV-2080	Waveform -> INT-B	186 Low Pulse 1	
Roland	JV-2080	Waveform -> INT-B	187 Low Pulse 2	
Roland	JV-2080	Waveform -> INT-B	188 Low Square	
Roland	JV-2080	Waveform -> INT-B	189 Low Sine	
Roland	JV-2080	Waveform -> INT-B	190 Low Triangle	
Roland	JV-2080	Waveform -> INT-B	191 Low White NZ	
Roland	JV-2080	Waveform -> INT-B	192 Low Pink NZ	
Roland	JV-2080	Waveform -> INT-B	193 DC	