Clavia	Nord Lead 3	Prg 1	1 Welcome	
Clavia	Nord Lead 3	Prg 1	2 Blade run ZON	
Clavia	Nord Lead 3	Prg 1	3 ElekTro PG	
Clavia	Nord Lead 3	Prg 1	4 Tenu OB1 HN	
Clavia	Nord Lead 3	Prg 1	5 Shivers HN	
Clavia	Nord Lead 3	Prg 1	6 SyntBrass HN	
Clavia	Nord Lead 3	Prg 1	7 MellowBrass HN	
Clavia	Nord Lead 3	Prg 1	8 SensitivOB HN	
Clavia	Nord Lead 3	Prg 1	9 BrightStrings HN	
Clavia	Nord Lead 3	Prg 1	10 Prophet HN	
Clavia	Nord Lead 3	Prg 1	11 Big Lush ZON	
Clavia	Nord Lead 3	Prg 1	12 Goa Head Bass TB	
Clavia	Nord Lead 3	Prg 1	13 PhaserPad HN	
Clavia	Nord Lead 3	Prg 1	14 Mix famalog	
Clavia	Nord Lead 3	Prg 1	15 Open Air HN	
Clavia	Nord Lead 3	Prg 1	16 HomeTown HN	
Clavia	Nord Lead 3	Prg 1	17 Matrix 6 HN	
Clavia	Nord Lead 3	Prg 1	18 BasicSync HN	
Clavia	Nord Lead 3	Prg 1	19 ChimeOrch TB	
Clavia	Nord Lead 3	Prg 1	20 Slow bow 8va ZON	
Clavia	Nord Lead 3	Prg 1	21 Chops Bass TB	
Clavia	Nord Lead 3	Prg 1	22 FMorgan2 HN	
Clavia	Nord Lead 3	Prg 1	23 Pleiades HN	
Clavia	Nord Lead 3	Prg 1	24 Thickened ZON	
Clavia	Nord Lead 3	Prg 1	25 MilkyWay HN	
Clavia	Nord Lead 3	Prg 1	26 HeliOB HN	
Clavia	Nord Lead 3	Prg 1	27 New Vox HN	
Clavia	Nord Lead 3	Prg 1	28 DXexpress HN	
Clavia	Nord Lead 3	Prg 1	29 Angeles HN	
Clavia	Nord Lead 3	Prg 1	30 Jaco Bass HN	
Clavia	Nord Lead 3	Prg 1	31 ElecGit HN	
Clavia	Nord Lead 3	Prg 1	32 TB Bass HN	
Clavia	Nord Lead 3	Prg 1	33 ElectroPiano HN	
Clavia	Nord Lead 3	Prg 1	34 60s Organ HN	
Clavia	Nord Lead 3	Prg 1	35 Tonewheel HN	
Clavia	Nord Lead 3	Prg 1	36 Flie HN	
Clavia	Nord Lead 3	Prg 1	37 IonoSPHERE PG	
Clavia	Nord Lead 3	Prg 1	38 SpaceCompany HN	
Clavia	Nord Lead 3	Prg 1	39 Xpanbass HN	
Clavia	Nord Lead 3	Prg 1	40 VoiceSound HN	
Clavia	Nord Lead 3	Prg 1	41 WelcomePad	
Clavia	Nord Lead 3	Prg 1	42 P5 puls HN	
Clavia	Nord Lead 3	Prg 1	43 King B3 HN	
Clavia	Nord Lead 3	Prg 1	44 Saturnus HN	
Clavia	Nord Lead 3	Prg 1	45 Singy ZON	
Clavia	Nord Lead 3	Prg 1	46 Fonky lead	
Clavia	Nord Lead 3	Prg 1	47 Free Wheely PG	
Clavia	Nord Lead 3	Prg 1	48 SuperSync HN	
Clavia	Nord Lead 3	Prg 1	49 Funkytron ZON	
Clavia	Nord Lead 3	Prg 1	50 Cat Lead TB	
Clavia	Nord Lead 3	Prg 1	51 GlassFM HN	
Clavia	Nord Lead 3	Prg 1	52 Iceland Pad TB	
Clavia	Nord Lead 3	Prg 1	53 BowBoy PG	
Clavia	Nord Lead 3	Prg 1	54 AmbientSync HN	
Clavia	Nord Lead 3	Prg 1	55 GrandExpand HN	
Clavia	Nord Lead 3	Prg 1	56 FlangeOrgan2 HN	
Clavia	Nord Lead 3	Prg 1	57 E Bass HN	
Clavia	Nord Lead 3	Prg 1	58 Hard synch	
Clavia	Nord Lead 3	Prg 1	59 Pro5 clic HN	
Clavia	Nord Lead 3	Prg 1	60 DXmonica HN	
Clavia	Nord Lead 3	Prg 1	61 FullTines HN	
Clavia	Nord Lead 3	Prg 1	62 AccGitar HN	
Clavia	Nord Lead 3	Prg 1	63 FifthPad HN	
Clavia	Nord Lead 3	Prg 1	64 Horner PG	
Clavia	Nord Lead 3	Prg 1	65 Hybrid DLX	
Clavia	Nord Lead 3	Prg 1	66 Moog Bass HN	
Clavia	Nord Lead 3	Prg 1	67 PowerStrynx PG	
Clavia	Nord Lead 3	Prg 1	68 SyntOrgan HN	
Clavia	Nord Lead 3	Prg 1	69 ADsynthesis HN	
Clavia	Nord Lead 3	Prg 1	70 Juno1 DLX	
Clavia	Nord Lead 3	Prg 1	71 KnitterBass HN	
Clavia	Nord Lead 3	Prg 1	72 Legato Str ZON	
Clavia	Nord Lead 3	Prg 1	73 Low sea	
Clavia	Nord Lead 3	Prg 1	74 SynOrgan HN	
Clavia	Nord Lead 3	Prg 1	75 NewHybrid HN	
Clavia	Nord Lead 3	Prg 1	76 AtmoPan DLX	
Clavia	Nord Lead 3	Prg 1	77 Melodicon ZON	
Clavia	Nord Lead 3	Prg 1	78 MorphBells HN	
Clavia	Nord Lead 3	Prg 1	79 OctaPad HN	
Clavia	Nord Lead 3	Prg 1	80 Mysterius HN	
Clavia	Nord Lead 3	Prg 1	81 NordLead 2 HN	
Clavia	Nord Lead 3	Prg 1	82 FunkyPiano	
Clavia	Nord Lead 3	Prg 1	83 FastLead HN	
Clavia	Nord Lead 3	Prg 1	84 Deep Blue TB	
Clavia	Nord Lead 3	Prg 1	85 Pado MK	
Clavia	Nord Lead 3	Prg 1	86 Padsong	
Clavia	Nord Lead 3	Prg 1	87 FMcello HN	
Clavia	Nord Lead 3	Prg 1	88 FilterFM2 HN	
Clavia	Nord Lead 3	Prg 1	89 Phazz PG	
Clavia	Nord Lead 3	Prg 1	90 Pop Pad 2 TB	
Clavia	Nord Lead 3	Prg 1	91 Powerchord TB	
Clavia	Nord Lead 3	Prg 1	92 FMclavinet HN	
Clavia	Nord Lead 3	Prg 1	93 PowwoW PG	
Clavia	Nord Lead 3	Prg 1	94 HeartOpener PG	
Clavia	Nord Lead 3	Prg 1	95 Steps TB	
Clavia	Nord Lead 3	Prg 1	96 RandomChimes HN	
Clavia	Nord Lead 3	Prg 1	97 Resonace Sweep	
Clavia	Nord Lead 3	Prg 1	98 Scary HN	
Clavia	Nord Lead 3	Prg 1	99 SharpFM HN	
Clavia	Nord Lead 3	Prg 1	100 Sky High PG	
Clavia	Nord Lead 3	Prg 1	101 Snow	
Clavia	Nord Lead 3	Prg 1	102 SoftPad1 HN	
Clavia	Nord Lead 3	Prg 1	103 Spectrasonic TB	
Clavia	Nord Lead 3	Prg 1	104 SpitFire PG	
Clavia	Nord Lead 3	Prg 1	105 StageMagnet PG	
Clavia	Nord Lead 3	Prg 1	106 Stringo	
Clavia	Nord Lead 3	Prg 1	107 FMsyncAMD FH	
Clavia	Nord Lead 3	Prg 1	108 TranceChord PG	
Clavia	Nord Lead 3	Prg 1	109 MaleVoice	
Clavia	Nord Lead 3	Prg 1	110 SyncBaz PG	
Clavia	Nord Lead 3	Prg 1	111 Funky Pedal TB	
Clavia	Nord Lead 3	Prg 1	112 Synclavier HN	
Clavia	Nord Lead 3	Prg 1	113 Syncro DLX	
Clavia	Nord Lead 3	Prg 1	114 Mellow EP ZON	
Clavia	Nord Lead 3	Prg 1	115 Ambience TB	
Clavia	Nord Lead 3	Prg 1	116 Sytar HN	
Clavia	Nord Lead 3	Prg 1	117 Fonky	
Clavia	Nord Lead 3	Prg 1	118 Chick2 HN	
Clavia	Nord Lead 3	Prg 1	119 UltiTramp PG	
Clavia	Nord Lead 3	Prg 1	120 WarmPad DLX	
Clavia	Nord Lead 3	Prg 1	121 Water Nymph ZON	
Clavia	Nord Lead 3	Prg 1	122 ArpHarp HN	
Clavia	Nord Lead 3	Prg 1	123 Box Strings	
Clavia	Nord Lead 3	Prg 1	124 WinterMoon HN	
Clavia	Nord Lead 3	Prg 1	125 WireStrung1 HN	
Clavia	Nord Lead 3	Prg 1	126 VoiceOrgan HN	
Clavia	Nord Lead 3	Prg 1	127 Xtream G PG	
Clavia	Nord Lead 3	Prg 1	128 Yarem 	
Clavia	Nord Lead 3	Prg 2	1 80s Syn DLX	
Clavia	Nord Lead 3	Prg 2	2 Celebratory ZON	
Clavia	Nord Lead 3	Prg 2	3 Hollowed ZON	
Clavia	Nord Lead 3	Prg 2	4 Hot glass ZON	
Clavia	Nord Lead 3	Prg 2	5 Litely ZON	
Clavia	Nord Lead 3	Prg 2	6 Motiontrack ZON	
Clavia	Nord Lead 3	Prg 2	7 Nashville ZON	
Clavia	Nord Lead 3	Prg 2	8 Orbiter ZON	
Clavia	Nord Lead 3	Prg 2	9 Slow bow ZON	
Clavia	Nord Lead 3	Prg 2	10 Synclavvy ZON	
Clavia	Nord Lead 3	Prg 2	11 Daruude DLX	
Clavia	Nord Lead 3	Prg 2	12 Ambisound DLX	
Clavia	Nord Lead 3	Prg 2	13 Ascender ZON	
Clavia	Nord Lead 3	Prg 2	14 Ascender2 ZON	
Clavia	Nord Lead 3	Prg 2	15 BasicBass1 DLX	
Clavia	Nord Lead 3	Prg 2	16 Bass to pad ZON	
Clavia	Nord Lead 3	Prg 2	17 BigPad DLX	
Clavia	Nord Lead 3	Prg 2	18 Blippin DLX	
Clavia	Nord Lead 3	Prg 2	19 BowBoys	
Clavia	Nord Lead 3	Prg 2	20 Brachiator PG	
Clavia	Nord Lead 3	Prg 2	21 Brassness ZON	
Clavia	Nord Lead 3	Prg 2	22 Brassy ZON	
Clavia	Nord Lead 3	Prg 2	23 Bring it on ZON	
Clavia	Nord Lead 3	Prg 2	24 Caped solo ZON	
Clavia	Nord Lead 3	Prg 2	25 Ceremony ZON	
Clavia	Nord Lead 3	Prg 2	26 Chiffer ZON	
Clavia	Nord Lead 3	Prg 2	27 Classic Bass ZON	
Clavia	Nord Lead 3	Prg 2	28 Comper ZON	
Clavia	Nord Lead 3	Prg 2	29 CrystalBells DLX	
Clavia	Nord Lead 3	Prg 2	30 DaftLead DLX	
Clavia	Nord Lead 3	Prg 2	31 DatchlerBassDLX	
Clavia	Nord Lead 3	Prg 2	32 DeTunePad DLX	
Clavia	Nord Lead 3	Prg 2	33 Digiorg ZON	
Clavia	Nord Lead 3	Prg 2	34 DistBrass DLX	
Clavia	Nord Lead 3	Prg 2	35 DiveSyn DLX	
Clavia	Nord Lead 3	Prg 2	36 Downward ZON	
Clavia	Nord Lead 3	Prg 2	37 DXBass1 DLX	
Clavia	Nord Lead 3	Prg 2	38 DynoRhodz PG	
Clavia	Nord Lead 3	Prg 2	39 Echoey ZON	
Clavia	Nord Lead 3	Prg 2	40 eLeFoO DLX	
Clavia	Nord Lead 3	Prg 2	41 Ensembler ZON	
Clavia	Nord Lead 3	Prg 2	42 EPad ZON	
Clavia	Nord Lead 3	Prg 2	43 Ethereality ZON	
Clavia	Nord Lead 3	Prg 2	44 FilterPad1 DLX	
Clavia	Nord Lead 3	Prg 2	45 FlirtsBass DLX	
Clavia	Nord Lead 3	Prg 2	46 FMwave DLX	
Clavia	Nord Lead 3	Prg 2	47 Fretless DLX	
Clavia	Nord Lead 3	Prg 2	48 FunKeys DLX	
Clavia	Nord Lead 3	Prg 2	49 FunkyClav DLX	
Clavia	Nord Lead 3	Prg 2	50 Fusionist ZON	
Clavia	Nord Lead 3	Prg 2	51 Geodesic ZON	
Clavia	Nord Lead 3	Prg 2	52 Get Funkey PG	
Clavia	Nord Lead 3	Prg 2	53 Get wet ZON	
Clavia	Nord Lead 3	Prg 2	54 GiantStep DLX	
Clavia	Nord Lead 3	Prg 2	55 Goin to town ZON	
Clavia	Nord Lead 3	Prg 2	56 Gutsiness ZON	
Clavia	Nord Lead 3	Prg 2	57 Happy kid ZON	
Clavia	Nord Lead 3	Prg 2	58 HarchBass DLX	
Clavia	Nord Lead 3	Prg 2	59 Harpy ZON	
Clavia	Nord Lead 3	Prg 2	60 Hells bells ZON	
Clavia	Nord Lead 3	Prg 2	61 Hollocomper ZON	
Clavia	Nord Lead 3	Prg 2	62 IntroSynth DLX	
Clavia	Nord Lead 3	Prg 2	63 JXsoftbrass DLX	
Clavia	Nord Lead 3	Prg 2	64 KnockEp DLX	
Clavia	Nord Lead 3	Prg 2	65 LateBass DLX	
Clavia	Nord Lead 3	Prg 2	66 Lead Guitar ZON	
Clavia	Nord Lead 3	Prg 2	67 Lovely 1 ZON	
Clavia	Nord Lead 3	Prg 2	68 Lyra horn ZON	
Clavia	Nord Lead 3	Prg 2	69 Maffioso DLX	
Clavia	Nord Lead 3	Prg 2	70 MelloStr DLX	
Clavia	Nord Lead 3	Prg 2	71 Mellow EP2 HN	
Clavia	Nord Lead 3	Prg 2	72 Metallia ZON	
Clavia	Nord Lead 3	Prg 2	73 MoogBas1 DLX	
Clavia	Nord Lead 3	Prg 2	74 MoogBas2 DLX	
Clavia	Nord Lead 3	Prg 2	75 MoogMorph DLX	
Clavia	Nord Lead 3	Prg 2	76 Mountaineer ZON	
Clavia	Nord Lead 3	Prg 2	77 MovingPad DLX	
Clavia	Nord Lead 3	Prg 2	78 NiceBass DLX	
Clavia	Nord Lead 3	Prg 2	79 OrganPad DLX	
Clavia	Nord Lead 3	Prg 2	80 PhaseEp DLX	
Clavia	Nord Lead 3	Prg 2	81 PhasePad DLX	
Clavia	Nord Lead 3	Prg 2	82 Phasic DLX	
Clavia	Nord Lead 3	Prg 2	83 Piano dreams ZON	
Clavia	Nord Lead 3	Prg 2	84 Polysyn1 DLX	
Clavia	Nord Lead 3	Prg 2	85 PortaLead DLX	
Clavia	Nord Lead 3	Prg 2	86 PowerLead PG	
Clavia	Nord Lead 3	Prg 2	87 Precizion PG	
Clavia	Nord Lead 3	Prg 2	88 ProTech DLX	
Clavia	Nord Lead 3	Prg 2	89 PseudoSynt DLX	
Clavia	Nord Lead 3	Prg 2	90 RandomBass DLX	
Clavia	Nord Lead 3	Prg 2	91 RichiM DLX	
Clavia	Nord Lead 3	Prg 2	92 Sawbass DLX	
Clavia	Nord Lead 3	Prg 2	93 ScamOrgan DLX	
Clavia	Nord Lead 3	Prg 2	94 Seq temp	
Clavia	Nord Lead 3	Prg 2	95 Shiny ZON	
Clavia	Nord Lead 3	Prg 2	96 Skateboard ZON	
Clavia	Nord Lead 3	Prg 2	97 SlushPad DLX	
Clavia	Nord Lead 3	Prg 2	98 SnoopBass DLX	
Clavia	Nord Lead 3	Prg 2	99 FlashoPad	
Clavia	Nord Lead 3	Prg 2	100 SoftPad DLX	
Clavia	Nord Lead 3	Prg 2	101 Starscape ZON	
Clavia	Nord Lead 3	Prg 2	102 StrawberryF DLX	
Clavia	Nord Lead 3	Prg 2	103 StrinchedPad DLX	
Clavia	Nord Lead 3	Prg 2	104 SuperBS1 DLX	
Clavia	Nord Lead 3	Prg 2	105 Swept away ZON	
Clavia	Nord Lead 3	Prg 2	106 Switched On ZON	
Clavia	Nord Lead 3	Prg 2	107 SyntPop DLX	
Clavia	Nord Lead 3	Prg 2	108 Take a solo ZON	
Clavia	Nord Lead 3	Prg 2	109 TalkDirty DLX	
Clavia	Nord Lead 3	Prg 2	110 TechnoBas1 DLX	
Clavia	Nord Lead 3	Prg 2	111 Technox DLX	
Clavia	Nord Lead 3	Prg 2	112 ThyneEp DLX	
Clavia	Nord Lead 3	Prg 2	113 TiteBass DLX	
Clavia	Nord Lead 3	Prg 2	114 Tobago ZON	
Clavia	Nord Lead 3	Prg 2	115 TracTor DLX	
Clavia	Nord Lead 3	Prg 2	116 Troll scat ZON	
Clavia	Nord Lead 3	Prg 2	117 Twacker DLX	
Clavia	Nord Lead 3	Prg 2	118 TypicalSaw DLX	
Clavia	Nord Lead 3	Prg 2	119 Underbelly ZON	
Clavia	Nord Lead 3	Prg 2	120 Waspy DLX	
Clavia	Nord Lead 3	Prg 2	121 VeloClav DLX	
Clavia	Nord Lead 3	Prg 2	122 WetLead DLX	
Clavia	Nord Lead 3	Prg 2	123 WhaT DLX	
Clavia	Nord Lead 3	Prg 2	124 Wheel Pad ZON	
Clavia	Nord Lead 3	Prg 2	125 WheelPad DLX	
Clavia	Nord Lead 3	Prg 2	126 VinceCBass DLX	
Clavia	Nord Lead 3	Prg 2	127 Voxomorph	
Clavia	Nord Lead 3	Prg 2	128 Voxpad ZON	
Clavia	Nord Lead 3	Prg 3	1 Agitato HN	
Clavia	Nord Lead 3	Prg 3	2 AnaDiqital HN	
Clavia	Nord Lead 3	Prg 3	3 Bad Road HN	
Clavia	Nord Lead 3	Prg 3	4 Bad Synth HN	
Clavia	Nord Lead 3	Prg 3	5 Bali HN	
Clavia	Nord Lead 3	Prg 3	6 Bar HN	
Clavia	Nord Lead 3	Prg 3	7 BasClav HN	
Clavia	Nord Lead 3	Prg 3	8 BellVoice HN	
Clavia	Nord Lead 3	Prg 3	9 BoxOrgan HN	
Clavia	Nord Lead 3	Prg 3	10 Chicago HN	
Clavia	Nord Lead 3	Prg 3	11 Chick HN	
Clavia	Nord Lead 3	Prg 3	12 ClaviPluck HN	
Clavia	Nord Lead 3	Prg 3	13 ClicDrum HN	
Clavia	Nord Lead 3	Prg 3	14 Dajm HN	
Clavia	Nord Lead 3	Prg 3	15 DigiStrings HN	
Clavia	Nord Lead 3	Prg 3	16 Digitar1 HN	
Clavia	Nord Lead 3	Prg 3	17 Digitar2 HN	
Clavia	Nord Lead 3	Prg 3	18 Digitone HN	
Clavia	Nord Lead 3	Prg 3	19 Dirty Road HN	
Clavia	Nord Lead 3	Prg 3	20 aDistLeadGit HN	
Clavia	Nord Lead 3	Prg 3	21 DistMorph2 HN	
Clavia	Nord Lead 3	Prg 3	22 Dragspel HN	
Clavia	Nord Lead 3	Prg 3	23 DriveRhodes HN	
Clavia	Nord Lead 3	Prg 3	24 DX Chorus HN	
Clavia	Nord Lead 3	Prg 3	25 DX1 HN	
Clavia	Nord Lead 3	Prg 3	26 DXrude HN	
Clavia	Nord Lead 3	Prg 3	27 E Flute HN	
Clavia	Nord Lead 3	Prg 3	28 ElectPiano1 HN	
Clavia	Nord Lead 3	Prg 3	29 Electric HN	
Clavia	Nord Lead 3	Prg 3	30 ElectricChick HN	
Clavia	Nord Lead 3	Prg 3	31 EP Organ HN	
Clavia	Nord Lead 3	Prg 3	32 Epiano 1 HN	
Clavia	Nord Lead 3	Prg 3	33 Epiano 2 HN	
Clavia	Nord Lead 3	Prg 3	34 EtnoPiano HN	
Clavia	Nord Lead 3	Prg 3	35 Everest HN	
Clavia	Nord Lead 3	Prg 3	36 Expansion HN	
Clavia	Nord Lead 3	Prg 3	37 Fantasie HN	
Clavia	Nord Lead 3	Prg 3	38 Flutich HN	
Clavia	Nord Lead 3	Prg 3	39 Flutich2 HN	
Clavia	Nord Lead 3	Prg 3	40 FM Lead HN	
Clavia	Nord Lead 3	Prg 3	41 FM warmpad HN	
Clavia	Nord Lead 3	Prg 3	42 FMbells HN	
Clavia	Nord Lead 3	Prg 3	43 FMmorph HN	
Clavia	Nord Lead 3	Prg 3	44 FMorgan HN	
Clavia	Nord Lead 3	Prg 3	45 FMstring HN	
Clavia	Nord Lead 3	Prg 3	46 FMtrumpet1 HN	
Clavia	Nord Lead 3	Prg 3	47 Harmonium 1 HN	
Clavia	Nord Lead 3	Prg 3	48 Harmonium 2 HN	
Clavia	Nord Lead 3	Prg 3	49 Koto HN	
Clavia	Nord Lead 3	Prg 3	50 Mallet HN	
Clavia	Nord Lead 3	Prg 3	51 Mallet 2 HN	
Clavia	Nord Lead 3	Prg 3	52 MetalDrum HN	
Clavia	Nord Lead 3	Prg 3	53 Muted Cello HN	
Clavia	Nord Lead 3	Prg 3	54 NewGitar HN	
Clavia	Nord Lead 3	Prg 3	55 NewOrchest HN	
Clavia	Nord Lead 3	Prg 3	56 Nice FM 1 HN	
Clavia	Nord Lead 3	Prg 3	57 Nice FM 2 HN	
Clavia	Nord Lead 3	Prg 3	58 Ballad HN	
Clavia	Nord Lead 3	Prg 3	59 Pulsar2 HN	
Clavia	Nord Lead 3	Prg 3	60 Synthesis2 HN	
Clavia	Nord Lead 3	Prg 3	61 Pwr Guitar HN	
Clavia	Nord Lead 3	Prg 3	62 Quena 2 HN	
Clavia	Nord Lead 3	Prg 3	63 Quena 3 HN	
Clavia	Nord Lead 3	Prg 3	64 ReedPiano HN	
Clavia	Nord Lead 3	Prg 3	65 RiksVoice HN	
Clavia	Nord Lead 3	Prg 3	66 Rough Lead HN	
Clavia	Nord Lead 3	Prg 3	67 MetalPiano HN	
Clavia	Nord Lead 3	Prg 3	68 SilverMoon HN	
Clavia	Nord Lead 3	Prg 3	69 Sitar HN	
Clavia	Nord Lead 3	Prg 3	70 Snyth 3 HN	
Clavia	Nord Lead 3	Prg 3	71 Soft EP HN	
Clavia	Nord Lead 3	Prg 3	72 SoftFM HN	
Clavia	Nord Lead 3	Prg 3	73 Spiro HN	
Clavia	Nord Lead 3	Prg 3	74 Squzime HN	
Clavia	Nord Lead 3	Prg 3	75 Steel String HN	
Clavia	Nord Lead 3	Prg 3	76 SteelOrgan HN	
Clavia	Nord Lead 3	Prg 3	77 Sympani HN	
Clavia	Nord Lead 3	Prg 3	78 Sync FM HN	
Clavia	Nord Lead 3	Prg 3	79 SyncVoice HN	
Clavia	Nord Lead 3	Prg 3	80 SyntEP HN	
Clavia	Nord Lead 3	Prg 3	81 SynthHarpsi HN	
Clavia	Nord Lead 3	Prg 3	82 SyntSax HN	
Clavia	Nord Lead 3	Prg 3	83 SyntTax HN	
Clavia	Nord Lead 3	Prg 3	84 Tap Organ HN	
Clavia	Nord Lead 3	Prg 3	85 Tirthqua HN	
Clavia	Nord Lead 3	Prg 3	86 Tub Bells HN	
Clavia	Nord Lead 3	Prg 3	87 Vibes HN	
Clavia	Nord Lead 3	Prg 3	88 WindChimes HN	
Clavia	Nord Lead 3	Prg 3	89 WoodFlute HN	
Clavia	Nord Lead 3	Prg 3	90 Xanu 1 HN	
Clavia	Nord Lead 3	Prg 3	91 New Star HN	
Clavia	Nord Lead 3	Prg 3	92 SlapBassPhase HN	
Clavia	Nord Lead 3	Prg 3	93 BarkBass HN	
Clavia	Nord Lead 3	Prg 3	94 DigiBass HN	
Clavia	Nord Lead 3	Prg 3	95 DontFret HN	
Clavia	Nord Lead 3	Prg 3	96 FretlBass HN	
Clavia	Nord Lead 3	Prg 3	97 FretlBass 3 HN	
Clavia	Nord Lead 3	Prg 3	98 Fretless 2 HN	
Clavia	Nord Lead 3	Prg 3	99 JazzBass HN	
Clavia	Nord Lead 3	Prg 3	100 MamboJive HN	
Clavia	Nord Lead 3	Prg 3	101 MetallBass HN	
Clavia	Nord Lead 3	Prg 3	102 Nice Bass HN	
Clavia	Nord Lead 3	Prg 3	103 PlexBass HN	
Clavia	Nord Lead 3	Prg 3	104 PluckBass HN	
Clavia	Nord Lead 3	Prg 3	105 PolyBass 1 HN	
Clavia	Nord Lead 3	Prg 3	106 PolyBass 2 HN	
Clavia	Nord Lead 3	Prg 3	107 PoppngBass HN	
Clavia	Nord Lead 3	Prg 3	108 SlapBass 1 HN	
Clavia	Nord Lead 3	Prg 3	109 SlapBass 3 HN	
Clavia	Nord Lead 3	Prg 3	110 SoftBass HN	
Clavia	Nord Lead 3	Prg 3	111 Stand Up B2 HN	
Clavia	Nord Lead 3	Prg 3	112 Stand up B3 HN	
Clavia	Nord Lead 3	Prg 3	113 Abass HN	
Clavia	Nord Lead 3	Prg 3	114 ClicBass HN	
Clavia	Nord Lead 3	Prg 3	115 DigiBass2 HN	
Clavia	Nord Lead 3	Prg 3	116 DigiBass3 HN	
Clavia	Nord Lead 3	Prg 3	117 DigiTaurus HN	
Clavia	Nord Lead 3	Prg 3	118 DriveBass HN	
Clavia	Nord Lead 3	Prg 3	119 DXbass HN	
Clavia	Nord Lead 3	Prg 3	120 FMbass1 HN	
Clavia	Nord Lead 3	Prg 3	121 SeinBass HN	
Clavia	Nord Lead 3	Prg 3	122 WoodBass HN	
Clavia	Nord Lead 3	Prg 3	123 AckBass 1 HN	
Clavia	Nord Lead 3	Prg 3	124 BrutalBass HN	
Clavia	Nord Lead 3	Prg 3	125 Bassad HN	
Clavia	Nord Lead 3	Prg 3	126 SinusBass HN	
Clavia	Nord Lead 3	Prg 3	127 RotorPiano HN	
Clavia	Nord Lead 3	Prg 3	128 Steelpan HNTB	
Clavia	Nord Lead 3	Prg 4	1 60s Organ 1 HN	
Clavia	Nord Lead 3	Prg 4	2 60s Organ 2 HN	
Clavia	Nord Lead 3	Prg 4	3 Acordion 1 HN	
Clavia	Nord Lead 3	Prg 4	4 Acordion 2 HN	
Clavia	Nord Lead 3	Prg 4	5 Acordion 3 HN	
Clavia	Nord Lead 3	Prg 4	6 Agent003 HN	
Clavia	Nord Lead 3	Prg 4	7 Basic Pad HN	
Clavia	Nord Lead 3	Prg 4	8 Bass sound HN	
Clavia	Nord Lead 3	Prg 4	9 BassSpike HN	
Clavia	Nord Lead 3	Prg 4	10 BellArpeggio HN	
Clavia	Nord Lead 3	Prg 4	11 BendFlute HN	
Clavia	Nord Lead 3	Prg 4	12 BigLFO HN	
Clavia	Nord Lead 3	Prg 4	13 BrightPlucked HN	
Clavia	Nord Lead 3	Prg 4	14 BuzzVoice HN	
Clavia	Nord Lead 3	Prg 4	15 Carpet HN	
Clavia	Nord Lead 3	Prg 4	16 Cat Lead2 HN	
Clavia	Nord Lead 3	Prg 4	17 ChoirPad HN	
Clavia	Nord Lead 3	Prg 4	18 ChurchPad HN	
Clavia	Nord Lead 3	Prg 4	19 ClassicAnalog HN	
Clavia	Nord Lead 3	Prg 4	20 CrayzyOrgan HN	
Clavia	Nord Lead 3	Prg 4	21 Deep Bass HN	
Clavia	Nord Lead 3	Prg 4	22 DistOrgan HN	
Clavia	Nord Lead 3	Prg 4	23 Eagle Nebula HN	
Clavia	Nord Lead 3	Prg 4	24 East sound HN	
Clavia	Nord Lead 3	Prg 4	25 ElectroChord HN	
Clavia	Nord Lead 3	Prg 4	26 ElecViolin HN	
Clavia	Nord Lead 3	Prg 4	27 EtmoPan HN	
Clavia	Nord Lead 3	Prg 4	28 FilterFM 1 HN	
Clavia	Nord Lead 3	Prg 4	29 FilterFM3 HN	
Clavia	Nord Lead 3	Prg 4	30 FilterFM4 HN	
Clavia	Nord Lead 3	Prg 4	31 FlangeOrgan HN	
Clavia	Nord Lead 3	Prg 4	32 Flute HN	
Clavia	Nord Lead 3	Prg 4	33 FluteLead HN	
Clavia	Nord Lead 3	Prg 4	34 Horgan 1 HN	
Clavia	Nord Lead 3	Prg 4	35 Horgan 2 HN	
Clavia	Nord Lead 3	Prg 4	36 Hydra HN	
Clavia	Nord Lead 3	Prg 4	37 India HN	
Clavia	Nord Lead 3	Prg 4	38 IndianDrum HN	
Clavia	Nord Lead 3	Prg 4	39 KindaScary HN	
Clavia	Nord Lead 3	Prg 4	40 LeadGitar HN	
Clavia	Nord Lead 3	Prg 4	41 Majestic HN	
Clavia	Nord Lead 3	Prg 4	42 Marimba HN	
Clavia	Nord Lead 3	Prg 4	43 Moog Bass 2 HN	
Clavia	Nord Lead 3	Prg 4	44 MorningPad HN	
Clavia	Nord Lead 3	Prg 4	45 MovingPad HN	
Clavia	Nord Lead 3	Prg 4	46 NiceSynth HN	
Clavia	Nord Lead 3	Prg 4	47 NL24 HN	
Clavia	Nord Lead 3	Prg 4	48 NL64Bass HN	
Clavia	Nord Lead 3	Prg 4	49 NL65 HN	
Clavia	Nord Lead 3	Prg 4	50 NL93 HN	
Clavia	Nord Lead 3	Prg 4	51 Nonlinear HN	
Clavia	Nord Lead 3	Prg 4	52 Nord5 HN	
Clavia	Nord Lead 3	Prg 4	53 NordLead HN	
Clavia	Nord Lead 3	Prg 4	54 ObMod HN	
Clavia	Nord Lead 3	Prg 4	55 PadMaker HN	
Clavia	Nord Lead 3	Prg 4	56 PanPad HN	
Clavia	Nord Lead 3	Prg 4	57 Pipe sound	
Clavia	Nord Lead 3	Prg 4	58 PowerSweep HN	
Clavia	Nord Lead 3	Prg 4	59 Prophet 6 HN	
Clavia	Nord Lead 3	Prg 4	60 ProSynth HN	
Clavia	Nord Lead 3	Prg 4	61 PulsModPad HN	
Clavia	Nord Lead 3	Prg 4	62 PunchBass HN	
Clavia	Nord Lead 3	Prg 4	63 Rising HN	
Clavia	Nord Lead 3	Prg 4	64 Robot1 HN	
Clavia	Nord Lead 3	Prg 4	65 RythmPad HN	
Clavia	Nord Lead 3	Prg 4	66 Sing sound HN	
Clavia	Nord Lead 3	Prg 4	67 SlowWater HN	
Clavia	Nord Lead 3	Prg 4	68 SoftOrgan HN	
Clavia	Nord Lead 3	Prg 4	69 SoftPad2 HN	
Clavia	Nord Lead 3	Prg 4	70 Speach HN	
Clavia	Nord Lead 3	Prg 4	71 StringMachine HN	
Clavia	Nord Lead 3	Prg 4	72 Strings HN	
Clavia	Nord Lead 3	Prg 4	73 SyncBass HN	
Clavia	Nord Lead 3	Prg 4	74 Synced1 HN	
Clavia	Nord Lead 3	Prg 4	75 Synced2 HN	
Clavia	Nord Lead 3	Prg 4	76 SyncLead HN	
Clavia	Nord Lead 3	Prg 4	77 Syncorama HN	
Clavia	Nord Lead 3	Prg 4	78 Syntax 1 HN	
Clavia	Nord Lead 3	Prg 4	79 Syntax 2 HN	
Clavia	Nord Lead 3	Prg 4	80 SyntBrass2 HN	
Clavia	Nord Lead 3	Prg 4	81 SyntEnsemble HN	
Clavia	Nord Lead 3	Prg 4	82 Synthesis HN	
Clavia	Nord Lead 3	Prg 4	83 TrauChord HN	
Clavia	Nord Lead 3	Prg 4	84 Trumpet HN	
Clavia	Nord Lead 3	Prg 4	85 WahClav HN	
Clavia	Nord Lead 3	Prg 4	86 WheelExpand HN	
Clavia	Nord Lead 3	Prg 4	87 WheelVoice HN	
Clavia	Nord Lead 3	Prg 4	88 WindOrgan HN	
Clavia	Nord Lead 3	Prg 4	89 Voices2 HN	
Clavia	Nord Lead 3	Prg 4	90 Running HN	
Clavia	Nord Lead 3	Prg 4	91 ArpStrings HN	
Clavia	Nord Lead 3	Prg 4	92 ClicBass2 HN	
Clavia	Nord Lead 3	Prg 4	93 OctaBass HN	
Clavia	Nord Lead 3	Prg 4	94 Pulsar3 HN	
Clavia	Nord Lead 3	Prg 4	95 AnalogFM HN	
Clavia	Nord Lead 3	Prg 4	96 AnalogFM2 HN	
Clavia	Nord Lead 3	Prg 4	97 Hm0L9990P0000 HN	
Clavia	Nord Lead 3	Prg 4	98 Hm1 909999090 HN	
Clavia	Nord Lead 3	Prg 4	99 Hm1L909999090 HN	
Clavia	Nord Lead 3	Prg 4	100 Hm2 999999000 HN	
Clavia	Nord Lead 3	Prg 4	101 Hm2L999999000 HN	
Clavia	Nord Lead 3	Prg 4	102 Hm3 999990090 HN	
Clavia	Nord Lead 3	Prg 4	103 Hm3L999990090 HN	
Clavia	Nord Lead 3	Prg 4	104 Hm4 999999009 HN	
Clavia	Nord Lead 3	Prg 4	105 Hm4L999999009 HN	
Clavia	Nord Lead 3	Prg 4	106 Hm5 999909099 HN	
Clavia	Nord Lead 3	Prg 4	107 Hm5L999909099 HN	
Clavia	Nord Lead 3	Prg 4	108 Hm6 909909009 HN	
Clavia	Nord Lead 3	Prg 4	109 Hm6L909909009 HN	
Clavia	Nord Lead 3	Prg 4	110 Hm7 999099009 HN	
Clavia	Nord Lead 3	Prg 4	111 Hm7L999099009 HN	
Clavia	Nord Lead 3	Prg 4	112 Hm8 999090090 HN	
Clavia	Nord Lead 3	Prg 4	113 Hm8L999090090 HN	
Clavia	Nord Lead 3	Prg 4	114 Hm9 909099099 HN	
Clavia	Nord Lead 3	Prg 4	115 Hm9L909099099 HN	
Clavia	Nord Lead 3	Prg 4	116 HmA 990900090 HN	
Clavia	Nord Lead 3	Prg 4	117 HmAL990900090 HN	
Clavia	Nord Lead 3	Prg 4	118 ChurchOrgan HN	
Clavia	Nord Lead 3	Prg 4	119 BrightOrgan HN	
Clavia	Nord Lead 3	Prg 4	120 NiceLead HN	
Clavia	Nord Lead 3	Prg 4	121 SinSound HN	
Clavia	Nord Lead 3	Prg 5	1 Oscilators3 TB	
Clavia	Nord Lead 3	Prg 5	2 Pad 5th TB	
Clavia	Nord Lead 3	Prg 5	3 Agression TB	
Clavia	Nord Lead 3	Prg 5	4 Albatross TB	
Clavia	Nord Lead 3	Prg 5	5 More of it	
Clavia	Nord Lead 3	Prg 5	6 ArpBells Whl TB	
Clavia	Nord Lead 3	Prg 5	7 Big Pad TB	
Clavia	Nord Lead 3	Prg 5	8 Big Sweep TB	
Clavia	Nord Lead 3	Prg 5	9 Bomz Bass TB	
Clavia	Nord Lead 3	Prg 5	10 Borealis TB	
Clavia	Nord Lead 3	Prg 5	11 Bottom Bass TB	
Clavia	Nord Lead 3	Prg 5	12 Broken Dreams TB	
Clavia	Nord Lead 3	Prg 5	13 Bugs in Space TB	
Clavia	Nord Lead 3	Prg 5	14 Calcutta Jam TB	
Clavia	Nord Lead 3	Prg 5	15 Cat 2 TB	
Clavia	Nord Lead 3	Prg 5	16 Celeste TB	
Clavia	Nord Lead 3	Prg 5	17 Chines Bass TB	
Clavia	Nord Lead 3	Prg 5	18 Chines sea TB	
Clavia	Nord Lead 3	Prg 5	19 Clarisimo TB	
Clavia	Nord Lead 3	Prg 5	20 Compressed TB	
Clavia	Nord Lead 3	Prg 5	21 Crying Clown TB	
Clavia	Nord Lead 3	Prg 5	22 Deep down TB	
Clavia	Nord Lead 3	Prg 5	23 Deep Floyd TB	
Clavia	Nord Lead 3	Prg 5	24 DipEnd Bazz TB	
Clavia	Nord Lead 3	Prg 5	25 Distbrass TB	
Clavia	Nord Lead 3	Prg 5	26 Disted Bass TB	
Clavia	Nord Lead 3	Prg 5	27 Doom TB	
Clavia	Nord Lead 3	Prg 5	28 Drop Lead TB	
Clavia	Nord Lead 3	Prg 5	29 DuckyLead TB	
Clavia	Nord Lead 3	Prg 5	30 Dust to Dust TB	
Clavia	Nord Lead 3	Prg 5	31 Dusty Pad TB	
Clavia	Nord Lead 3	Prg 5	32 EmersonBrass TB	
Clavia	Nord Lead 3	Prg 5	33 Eric Persing TB	
Clavia	Nord Lead 3	Prg 5	34 EtnoLead TB	
Clavia	Nord Lead 3	Prg 5	35 Falling 1 TB	
Clavia	Nord Lead 3	Prg 5	36 Falling 2	
Clavia	Nord Lead 3	Prg 5	37 Fantasia 2000 TB	
Clavia	Nord Lead 3	Prg 5	38 F-A-T 2 TB	
Clavia	Nord Lead 3	Prg 5	39 Fat 5ths TB	
Clavia	Nord Lead 3	Prg 5	40 F-A-T Lead TB	
Clavia	Nord Lead 3	Prg 5	41 Fat Square TB	
Clavia	Nord Lead 3	Prg 5	42 FeedbackWheel TB	
Clavia	Nord Lead 3	Prg 5	43 Not Bad	
Clavia	Nord Lead 3	Prg 5	44 Frosty TB	
Clavia	Nord Lead 3	Prg 5	45 GroOve TB	
Clavia	Nord Lead 3	Prg 5	46 Hard Wind TB	
Clavia	Nord Lead 3	Prg 5	47 Harder Bass TB	
Clavia	Nord Lead 3	Prg 5	48 Ice Queen TB	
Clavia	Nord Lead 3	Prg 5	49 Kaleidoscop TB	
Clavia	Nord Lead 3	Prg 5	50 Kenya TB	
Clavia	Nord Lead 3	Prg 5	51 Klampen TB	
Clavia	Nord Lead 3	Prg 5	52 Kurr i kistan TB	
Clavia	Nord Lead 3	Prg 5	53 Landing TB	
Clavia	Nord Lead 3	Prg 5	54 LaserGun TB	
Clavia	Nord Lead 3	Prg 5	55 Lowz Bass TB	
Clavia	Nord Lead 3	Prg 5	56 Lush Wheel TB	
Clavia	Nord Lead 3	Prg 5	57 Mach 3 Bass TB	
Clavia	Nord Lead 3	Prg 5	58 Meditation TB	
Clavia	Nord Lead 3	Prg 5	59 Mistery Night TB	
Clavia	Nord Lead 3	Prg 5	60 Modular TB	
Clavia	Nord Lead 3	Prg 5	61 Moses TB	
Clavia	Nord Lead 3	Prg 5	62 Niagara Swirl TB	
Clavia	Nord Lead 3	Prg 5	63 Nice Pad TB	
Clavia	Nord Lead 3	Prg 5	64 Nord Pad TB	
Clavia	Nord Lead 3	Prg 5	65 OctavBass TB	
Clavia	Nord Lead 3	Prg 5	66 Optigan TB	
Clavia	Nord Lead 3	Prg 5	67 Not Bad leg	
Clavia	Nord Lead 3	Prg 5	68 Pan Box TB	
Clavia	Nord Lead 3	Prg 5	69 Noted	
Clavia	Nord Lead 3	Prg 5	70 PedalSoul TB	
Clavia	Nord Lead 3	Prg 5	71 Peking TB	
Clavia	Nord Lead 3	Prg 5	72 Play minor TB	
Clavia	Nord Lead 3	Prg 5	73 Play Wheel TB	
Clavia	Nord Lead 3	Prg 5	74 PlutoSeashore TB	
Clavia	Nord Lead 3	Prg 5	75 Pogs Bass TB	
Clavia	Nord Lead 3	Prg 5	76 Pogs Bass 2 TB	
Clavia	Nord Lead 3	Prg 5	77 Pol Pot Bass TB	
Clavia	Nord Lead 3	Prg 5	78 Polypad 1 TB	
Clavia	Nord Lead 3	Prg 5	79 Polypad 2 TB	
Clavia	Nord Lead 3	Prg 5	80 Pop Pad 1 TB	
Clavia	Nord Lead 3	Prg 5	81 Pop Pad 3 TB	
Clavia	Nord Lead 3	Prg 5	82 PortaLead TB	
Clavia	Nord Lead 3	Prg 5	83 Mixtreme	
Clavia	Nord Lead 3	Prg 5	84 Pusher TB	
Clavia	Nord Lead 3	Prg 5	85 Q Bass TB	
Clavia	Nord Lead 3	Prg 5	86 Random Blibs TB	
Clavia	Nord Lead 3	Prg 5	87 Res Velocity TB	
Clavia	Nord Lead 3	Prg 5	88 SawLead TB	
Clavia	Nord Lead 3	Prg 5	89 Scuba Wheel TB	
Clavia	Nord Lead 3	Prg 5	90 Sinus Lead TB	
Clavia	Nord Lead 3	Prg 5	91 Spectrum TB	
Clavia	Nord Lead 3	Prg 5	92 Spike TB	
Clavia	Nord Lead 3	Prg 5	93 SquareLead TB	
Clavia	Nord Lead 3	Prg 5	94 SteelpanGrove TB	
Clavia	Nord Lead 3	Prg 5	95 Stylophone TB	
Clavia	Nord Lead 3	Prg 5	96 Subreal TB	
Clavia	Nord Lead 3	Prg 5	97 Sweep Bass TB	
Clavia	Nord Lead 3	Prg 5	98 Sweep Wheel TB	
Clavia	Nord Lead 3	Prg 5	99 Swirlpad TB	
Clavia	Nord Lead 3	Prg 5	100 Happy Nature TB	
Clavia	Nord Lead 3	Prg 5	101 Tick-tack TB	
Clavia	Nord Lead 3	Prg 5	102 Tiny Lead TB	
Clavia	Nord Lead 3	Prg 5	103 Tremolo Pad TB	
Clavia	Nord Lead 3	Prg 5	104 TremoloString TB	
Clavia	Nord Lead 3	Prg 5	105 Tritonus TB	
Clavia	Nord Lead 3	Prg 5	106 UranusFreeway TB	
Clavia	Nord Lead 3	Prg 5	107 Weightwatcher TB	
Clavia	Nord Lead 3	Prg 5	108 Wet Wheel Bs TB	
Clavia	Nord Lead 3	Prg 5	109 Wha-Wha TB	
Clavia	Nord Lead 3	Prg 5	110 Wheel Fall TB	
Clavia	Nord Lead 3	Prg 5	111 Vibros TB	
Clavia	Nord Lead 3	Prg 5	112 Vindalo Fart TB	
Clavia	Nord Lead 3	Prg 5	113 Wineyards TB	
Clavia	Nord Lead 3	Prg 5	114 Zapp TB	
Clavia	Nord Lead 3	Prg 5	115 Zapper Wheel TB	
Clavia	Nord Lead 3	Prg 5	116 Pain	
Clavia	Nord Lead 3	Prg 5	117 Painb	
Clavia	Nord Lead 3	Prg 5	118 Pomada	
Clavia	Nord Lead 3	Prg 5	119 Reversing	
Clavia	Nord Lead 3	Prg 5	120 Stockfeedback	
Clavia	Nord Lead 3	Prg 5	121 Stocklead	
Clavia	Nord Lead 3	Prg 5	122 Suttelness	
Clavia	Nord Lead 3	Prg 5	123 Suttle	
Clavia	Nord Lead 3	Prg 5	124 Tradd	
Clavia	Nord Lead 3	Prg 5	125 Twista	
Clavia	Nord Lead 3	Prg 5	126 Zeldome	
Clavia	Nord Lead 3	Prg 5	127 Zmock it	
Clavia	Nord Lead 3	Prg 5	128 Zmock on	
Clavia	Nord Lead 3	Prg 6	1 1B Bass	
Clavia	Nord Lead 3	Prg 6	2 A beaty bit	
Clavia	Nord Lead 3	Prg 6	3 tiny little	
Clavia	Nord Lead 3	Prg 6	4 Bass slow	
Clavia	Nord Lead 3	Prg 6	5 Bass sweep	
Clavia	Nord Lead 3	Prg 6	6 Bassa	
Clavia	Nord Lead 3	Prg 6	7 Bassell	
Clavia	Nord Lead 3	Prg 6	8 Bassilt	
Clavia	Nord Lead 3	Prg 6	9 Bassman	
Clavia	Nord Lead 3	Prg 6	10 Bigge pad	
Clavia	Nord Lead 3	Prg 6	11 Biscu pad	
Clavia	Nord Lead 3	Prg 6	12 Boop	
Clavia	Nord Lead 3	Prg 6	13 Case music	
Clavia	Nord Lead 3	Prg 6	14 Cava	
Clavia	Nord Lead 3	Prg 6	15 Cavatronic	
Clavia	Nord Lead 3	Prg 6	16 Cave music	
Clavia	Nord Lead 3	Prg 6	17 Clockdocks	
Clavia	Nord Lead 3	Prg 6	18 Contemp	
Clavia	Nord Lead 3	Prg 6	19 Cool arp	
Clavia	Nord Lead 3	Prg 6	20 Coopela	
Clavia	Nord Lead 3	Prg 6	21 Dangerous Bas MK	
Clavia	Nord Lead 3	Prg 6	22 Dharr	
Clavia	Nord Lead 3	Prg 6	23 Dirt legato	
Clavia	Nord Lead 3	Prg 6	24 Dirty and hard	
Clavia	Nord Lead 3	Prg 6	25 Distpad	
Clavia	Nord Lead 3	Prg 6	26 Dizzy	
Clavia	Nord Lead 3	Prg 6	27 Engine MK	
Clavia	Nord Lead 3	Prg 6	28 Ethnic flute MK	
Clavia	Nord Lead 3	Prg 6	29 Far fm	
Clavia	Nord Lead 3	Prg 6	30 Farem	
Clavia	Nord Lead 3	Prg 6	31 Feeddist	
Clavia	Nord Lead 3	Prg 6	32 Flashobass	
Clavia	Nord Lead 3	Prg 6	33 Fmesett	
Clavia	Nord Lead 3	Prg 6	34 Fm-overlay	
Clavia	Nord Lead 3	Prg 6	35 Fonky animal	
Clavia	Nord Lead 3	Prg 6	36 Gepynched	
Clavia	Nord Lead 3	Prg 6	37 Geschinked	
Clavia	Nord Lead 3	Prg 6	38 Gesynched	
Clavia	Nord Lead 3	Prg 6	39 Glide arpeggio	
Clavia	Nord Lead 3	Prg 6	40 Glide down	
Clavia	Nord Lead 3	Prg 6	41 Glide pad	
Clavia	Nord Lead 3	Prg 6	42 Heavy solo	
Clavia	Nord Lead 3	Prg 6	43 Hihat	
Clavia	Nord Lead 3	Prg 6	44 Atmos	
Clavia	Nord Lead 3	Prg 6	45 Horro	
Clavia	Nord Lead 3	Prg 6	46 I Lead	
Clavia	Nord Lead 3	Prg 6	47 Ici bella	
Clavia	Nord Lead 3	Prg 6	48 Icisematta	
Clavia	Nord Lead 3	Prg 6	49 Icisidorn	
Clavia	Nord Lead 3	Prg 6	50 Icista	
Clavia	Nord Lead 3	Prg 6	51 Icivawe	
Clavia	Nord Lead 3	Prg 6	52 Icy	
Clavia	Nord Lead 3	Prg 6	53 Industrieorgan	
Clavia	Nord Lead 3	Prg 6	54 Jumping octaves	
Clavia	Nord Lead 3	Prg 6	55 Kaos pad	
Clavia	Nord Lead 3	Prg 6	56 Kaotica	
Clavia	Nord Lead 3	Prg 6	57 Kauster	
Clavia	Nord Lead 3	Prg 6	58 Kick	
Clavia	Nord Lead 3	Prg 6	59 Lead sm	
Clavia	Nord Lead 3	Prg 6	60 Lead Synti	
Clavia	Nord Lead 3	Prg 6	61 Little one	
Clavia	Nord Lead 3	Prg 6	62 Many Strings	
Clavia	Nord Lead 3	Prg 6	63 Mellow Organ MK	
Clavia	Nord Lead 3	Prg 6	64 Metalbeat	
Clavia	Nord Lead 3	Prg 6	65 Metalbeat2	
Clavia	Nord Lead 3	Prg 6	66 Modnuss	
Clavia	Nord Lead 3	Prg 6	67 Modulmania	
Clavia	Nord Lead 3	Prg 6	68 Moving wheel	
Clavia	Nord Lead 3	Prg 6	69 Muted Synched	
Clavia	Nord Lead 3	Prg 6	70 New Trend	
Clavia	Nord Lead 3	Prg 6	71 Noisett	
Clavia	Nord Lead 3	Prg 6	72 Noisigt	
Clavia	Nord Lead 3	Prg 6	73 Oriental Blow	
Clavia	Nord Lead 3	Prg 6	74 Orientos	
Clavia	Nord Lead 3	Prg 6	75 Orintal Wind	
Clavia	Nord Lead 3	Prg 6	76 Paddelay	
Clavia	Nord Lead 3	Prg 6	77 BasicStrings HN	
Clavia	Nord Lead 3	Prg 6	78 Peeano	
Clavia	Nord Lead 3	Prg 6	79 Prophet sync	
Clavia	Nord Lead 3	Prg 6	80 Repet pad	
Clavia	Nord Lead 3	Prg 6	81 Resonace Sweep2	
Clavia	Nord Lead 3	Prg 6	82 Reverba	
Clavia	Nord Lead 3	Prg 6	83 Ringy	
Clavia	Nord Lead 3	Prg 6	84 Atmos2	
Clavia	Nord Lead 3	Prg 6	85 Sharp	
Clavia	Nord Lead 3	Prg 6	86 Sinus star	
Clavia	Nord Lead 3	Prg 6	87 Sinus star2	
Clavia	Nord Lead 3	Prg 6	88 Sinussa	
Clavia	Nord Lead 3	Prg 6	89 Sinussa dist	
Clavia	Nord Lead 3	Prg 6	90 Soft sync arp	
Clavia	Nord Lead 3	Prg 6	91 Softu	
Clavia	Nord Lead 3	Prg 6	92 Solo	
Clavia	Nord Lead 3	Prg 6	93 Spacy padu	
Clavia	Nord Lead 3	Prg 6	94 Spooky fm	
Clavia	Nord Lead 3	Prg 6	95 Square Lead MK	
Clavia	Nord Lead 3	Prg 6	96 Stackatto pad	
Clavia	Nord Lead 3	Prg 6	97 Stringeling	
Clavia	Nord Lead 3	Prg 6	98 Strings	
Clavia	Nord Lead 3	Prg 6	99 Strinn	
Clavia	Nord Lead 3	Prg 6	100 dafter	
Clavia	Nord Lead 3	Prg 6	101 Sweet pad	
Clavia	Nord Lead 3	Prg 6	102 Sweet solo	
Clavia	Nord Lead 3	Prg 6	103 Sync Piano MK	
Clavia	Nord Lead 3	Prg 6	104 Synched arp 2	
Clavia	Nord Lead 3	Prg 6	105 Synknuss	
Clavia	Nord Lead 3	Prg 6	106 Synth Piano MK	
Clavia	Nord Lead 3	Prg 6	107 TBeArpeqg	
Clavia	Nord Lead 3	Prg 6	108 Donald Bass	
Clavia	Nord Lead 3	Prg 6	109 Drama	
Clavia	Nord Lead 3	Prg 6	110 Thootsound	
Clavia	Nord Lead 3	Prg 6	111 Tinutusa	
Clavia	Nord Lead 3	Prg 6	112 Tiny	
Clavia	Nord Lead 3	Prg 6	113 Fractome	
Clavia	Nord Lead 3	Prg 6	114 harsch	
Clavia	Nord Lead 3	Prg 6	115 Tremelos	
Clavia	Nord Lead 3	Prg 6	116 In hase	
Clavia	Nord Lead 3	Prg 6	117 Vanish in a box	
Clavia	Nord Lead 3	Prg 6	118 Wheel Me MK	
Clavia	Nord Lead 3	Prg 6	119 Vibratoto pad	
Clavia	Nord Lead 3	Prg 6	120 Vowels MK	
Clavia	Nord Lead 3	Prg 6	121 xenti uaddi	
Clavia	Nord Lead 3	Prg 6	122 Xsynched	
Clavia	Nord Lead 3	Prg 6	123 Zengu soff	
Clavia	Nord Lead 3	Prg 6	124 Zimploa	
Clavia	Nord Lead 3	Prg 6	125 Zimplodia	
Clavia	Nord Lead 3	Prg 6	126 Zsynched	
Clavia	Nord Lead 3	Prg 6	127 Mix famaloga	
Clavia	Nord Lead 3	Prg 7	1 6dB Velocity	
Clavia	Nord Lead 3	Prg 7	2 80bass	
Clavia	Nord Lead 3	Prg 7	3 Air flush	
Clavia	Nord Lead 3	Prg 7	4 Air pad	
Clavia	Nord Lead 3	Prg 7	5 Ambios	
Clavia	Nord Lead 3	Prg 7	6 Anqlosaxians	
Clavia	Nord Lead 3	Prg 7	7 Arsain	
Clavia	Nord Lead 3	Prg 7	8 At once	
Clavia	Nord Lead 3	Prg 7	9 Backup	
Clavia	Nord Lead 3	Prg 7	10 Bass panorama FH	
Clavia	Nord Lead 3	Prg 7	11 Slavinett	
Clavia	Nord Lead 3	Prg 7	12 Bounce	
Clavia	Nord Lead 3	Prg 7	13 BP Pad FH	
Clavia	Nord Lead 3	Prg 7	14 BP Pad -1oct FH	
Clavia	Nord Lead 3	Prg 7	15 CarpetDoppler FH	
Clavia	Nord Lead 3	Prg 7	16 CaveMatic PG	
Clavia	Nord Lead 3	Prg 7	17 Cellot	
Clavia	Nord Lead 3	Prg 7	18 Cellotion	
Clavia	Nord Lead 3	Prg 7	19 Clean dist	
Clavia	Nord Lead 3	Prg 7	20 Comes aft	
Clavia	Nord Lead 3	Prg 7	21 Crass	
Clavia	Nord Lead 3	Prg 7	22 Crazy wheeling	
Clavia	Nord Lead 3	Prg 7	23 CyberPad PG	
Clavia	Nord Lead 3	Prg 7	24 Deeano	
Clavia	Nord Lead 3	Prg 7	25 Deeep	
Clavia	Nord Lead 3	Prg 7	26 DEstructiOn PG	
Clavia	Nord Lead 3	Prg 7	27 Dieano	
Clavia	Nord Lead 3	Prg 7	28 Disto	
Clavia	Nord Lead 3	Prg 7	29 Distopad	
Clavia	Nord Lead 3	Prg 7	30 Drip Drop FH	
Clavia	Nord Lead 3	Prg 7	31 EchoMorph PG	
Clavia	Nord Lead 3	Prg 7	32 Eff Gee	
Clavia	Nord Lead 3	Prg 7	33 Extra Dry Sub PG	
Clavia	Nord Lead 3	Prg 7	34 Fincky	
Clavia	Nord Lead 3	Prg 7	35 Firm bass	
Clavia	Nord Lead 3	Prg 7	36 Float	
Clavia	Nord Lead 3	Prg 7	37 Floating	
Clavia	Nord Lead 3	Prg 7	38 Flue	
Clavia	Nord Lead 3	Prg 7	39 FM and out	
Clavia	Nord Lead 3	Prg 7	40 FM is in the mix	
Clavia	Nord Lead 3	Prg 7	41 FM pad to hard	
Clavia	Nord Lead 3	Prg 7	42 FM rock	
Clavia	Nord Lead 3	Prg 7	43 Frequensie aura	
Clavia	Nord Lead 3	Prg 7	44 HarPSI PG	
Clavia	Nord Lead 3	Prg 7	45 HeliSurfin PG	
Clavia	Nord Lead 3	Prg 7	46 Hihat2	
Clavia	Nord Lead 3	Prg 7	47 I saw	
Clavia	Nord Lead 3	Prg 7	48 IF	
Clavia	Nord Lead 3	Prg 7	49 In the mix	
Clavia	Nord Lead 3	Prg 7	50 Inversion	
Clavia	Nord Lead 3	Prg 7	51 JazziFier PG	
Clavia	Nord Lead 3	Prg 7	52 Joy toy	
Clavia	Nord Lead 3	Prg 7	53 Kick2	
Clavia	Nord Lead 3	Prg 7	54 Knit seq FH	
Clavia	Nord Lead 3	Prg 7	55 Kraos pad	
Clavia	Nord Lead 3	Prg 7	56 Kraotica	
Clavia	Nord Lead 3	Prg 7	57 Kuularp	
Clavia	Nord Lead 3	Prg 7	58 Lean solo	
Clavia	Nord Lead 3	Prg 7	59 Lean to lean	
Clavia	Nord Lead 3	Prg 7	60 Legatomodd	
Clavia	Nord Lead 3	Prg 7	61 MetalBaz PG	
Clavia	Nord Lead 3	Prg 7	62 Morphee PG	
Clavia	Nord Lead 3	Prg 7	63 Nano pad	
Clavia	Nord Lead 3	Prg 7	64 Naxios	
Clavia	Nord Lead 3	Prg 7	65 NoHarp PG	
Clavia	Nord Lead 3	Prg 7	66 Nois in the mix	
Clavia	Nord Lead 3	Prg 7	67 Nuts	
Clavia	Nord Lead 3	Prg 7	68 Noisi boire	
Clavia	Nord Lead 3	Prg 7	69 Noisicboir	
Clavia	Nord Lead 3	Prg 7	70 Noisick	
Clavia	Nord Lead 3	Prg 7	71 Off and back	
Clavia	Nord Lead 3	Prg 7	72 One eko	
Clavia	Nord Lead 3	Prg 7	73 Ooisicboir	
Clavia	Nord Lead 3	Prg 7	74 Padomore	
Clavia	Nord Lead 3	Prg 7	75 Pain IT earz PG	
Clavia	Nord Lead 3	Prg 7	76 Phaseit	
Clavia	Nord Lead 3	Prg 7	77 Power Sync	
Clavia	Nord Lead 3	Prg 7	78 Radio Chord	
Clavia	Nord Lead 3	Prg 7	79 Raw stuff	
Clavia	Nord Lead 3	Prg 7	80 Raw velociti	
Clavia	Nord Lead 3	Prg 7	81 RaveKordz PG	
Clavia	Nord Lead 3	Prg 7	82 RaveLine PG	
Clavia	Nord Lead 3	Prg 7	83 RaveOn1Finger FH	
Clavia	Nord Lead 3	Prg 7	84 RaveRage PG	
Clavia	Nord Lead 3	Prg 7	85 Rhythmic Mod FH	
Clavia	Nord Lead 3	Prg 7	86 Ring man	
Clavia	Nord Lead 3	Prg 7	87 Rockit	
Clavia	Nord Lead 3	Prg 7	88 Rough Cutz PG	
Clavia	Nord Lead 3	Prg 7	89 Sawtoo	
Clavia	Nord Lead 3	Prg 7	90 Sine in the mix	
Clavia	Nord Lead 3	Prg 7	91 Sinus in the air	
Clavia	Nord Lead 3	Prg 7	92 Sirens PG	
Clavia	Nord Lead 3	Prg 7	93 SM is in the mix	
Clavia	Nord Lead 3	Prg 7	94 Oss two	
Clavia	Nord Lead 3	Prg 7	95 Sockit	
Clavia	Nord Lead 3	Prg 7	96 Softy pad	
Clavia	Nord Lead 3	Prg 7	97 Space clav	
Clavia	Nord Lead 3	Prg 7	98 Spacea	
Clavia	Nord Lead 3	Prg 7	99 Square in a mix	
Clavia	Nord Lead 3	Prg 7	100 Stab solo	
Clavia	Nord Lead 3	Prg 7	101 Strait Disco PG	
Clavia	Nord Lead 3	Prg 7	102 StratoSphere PG	
Clavia	Nord Lead 3	Prg 7	103 Styntsound	
Clavia	Nord Lead 3	Prg 7	104 Sub Craft PG	
Clavia	Nord Lead 3	Prg 7	105 Sweet Lead PG	
Clavia	Nord Lead 3	Prg 7	106 Padextacy	
Clavia	Nord Lead 3	Prg 7	107 Syncopath FH	
Clavia	Nord Lead 3	Prg 7	108 TalkMasta PG	
Clavia	Nord Lead 3	Prg 7	109 Tech Conga PG	
Clavia	Nord Lead 3	Prg 7	110 The Classic PG	
Clavia	Nord Lead 3	Prg 7	111 The tube	
Clavia	Nord Lead 3	Prg 7	112 Tini	
Clavia	Nord Lead 3	Prg 7	113 Tremolostrings	
Clavia	Nord Lead 3	Prg 7	114 Tri in the mix	
Clavia	Nord Lead 3	Prg 7	115 Tsin pad	
Clavia	Nord Lead 3	Prg 7	116 Tubbings	
Clavia	Nord Lead 3	Prg 7	117 Tubblead	
Clavia	Nord Lead 3	Prg 7	118 Twistpad	
Clavia	Nord Lead 3	Prg 7	119 UnisonBass	
Clavia	Nord Lead 3	Prg 7	120 Wakeup	
Clavia	Nord Lead 3	Prg 7	121 Waterspring	
Clavia	Nord Lead 3	Prg 7	122 Velocity	
Clavia	Nord Lead 3	Prg 7	123 Velocity Stab	
Clavia	Nord Lead 3	Prg 7	124 Wet Wire PG	
Clavia	Nord Lead 3	Prg 7	125 Wired	
Clavia	Nord Lead 3	Prg 7	126 Woofer EX PG	
Clavia	Nord Lead 3	Prg 7	127 Yarem2	
Clavia	Nord Lead 3	Prg 7	128 Zaaj sound FH	
Clavia	Nord Lead 3	Prg 8	1 Alienclock ZON	
Clavia	Nord Lead 3	Prg 8	2 Atlantean ZON	
Clavia	Nord Lead 3	Prg 8	3 Back then ZON	
Clavia	Nord Lead 3	Prg 8	4 Bass2organ ZON	
Clavia	Nord Lead 3	Prg 8	5 Bed spins ZON	
Clavia	Nord Lead 3	Prg 8	6 Blown ZON	
Clavia	Nord Lead 3	Prg 8	7 Blue bubbles ZON	
Clavia	Nord Lead 3	Prg 8	8 Bottoms up ZON	
Clavia	Nord Lead 3	Prg 8	9 Butterflies ZON	
Clavia	Nord Lead 3	Prg 8	10 Classic ZON	
Clavia	Nord Lead 3	Prg 8	11 Classic fave ZON	
Clavia	Nord Lead 3	Prg 8	12 Cluster ZON	
Clavia	Nord Lead 3	Prg 8	13 Combcomp ZON	
Clavia	Nord Lead 3	Prg 8	14 Compucomp ZON	
Clavia	Nord Lead 3	Prg 8	15 Cribling ZON	
Clavia	Nord Lead 3	Prg 8	16 Crystalien ZON	
Clavia	Nord Lead 3	Prg 8	17 CSey ZON	
Clavia	Nord Lead 3	Prg 8	18 Darkpad ZON	
Clavia	Nord Lead 3	Prg 8	19 Delta ZON	
Clavia	Nord Lead 3	Prg 8	20 Downside Up ZON	
Clavia	Nord Lead 3	Prg 8	21 Dragonbreath ZON	
Clavia	Nord Lead 3	Prg 8	22 Dustscape ZON	
Clavia	Nord Lead 3	Prg 8	23 Early lead ZON	
Clavia	Nord Lead 3	Prg 8	24 Echodroplets ZON	
Clavia	Nord Lead 3	Prg 8	25 Fiddle ZON	
Clavia	Nord Lead 3	Prg 8	26 Flashback ZON	
Clavia	Nord Lead 3	Prg 8	27 Flurries ZON	
Clavia	Nord Lead 3	Prg 8	28 FM memories ZON	
Clavia	Nord Lead 3	Prg 8	29 FM panner ZON	
Clavia	Nord Lead 3	Prg 8	30 Foggy glass ZON	
Clavia	Nord Lead 3	Prg 8	31 From below ZON	
Clavia	Nord Lead 3	Prg 8	32 Funkyworm ZON	
Clavia	Nord Lead 3	Prg 8	33 Glass steps ZON	
Clavia	Nord Lead 3	Prg 8	34 Glidecomp ZON	
Clavia	Nord Lead 3	Prg 8	35 Glints ZON	
Clavia	Nord Lead 3	Prg 8	36 Goomy ZON	
Clavia	Nord Lead 3	Prg 8	37 Growth ZON	
Clavia	Nord Lead 3	Prg 8	38 Gurglet ZON	
Clavia	Nord Lead 3	Prg 8	39 Happy ending ZON	
Clavia	Nord Lead 3	Prg 8	40 Honed ZON	
Clavia	Nord Lead 3	Prg 8	41 Horned ZON	
Clavia	Nord Lead 3	Prg 8	42 In the fire ZON	
Clavia	Nord Lead 3	Prg 8	43 Junglelog ZON	
Clavia	Nord Lead 3	Prg 8	44 Junkster ZON	
Clavia	Nord Lead 3	Prg 8	45 Kik 8 MC ZON	
Clavia	Nord Lead 3	Prg 8	46 Knobwald ZON	
Clavia	Nord Lead 3	Prg 8	47 Lush strings ZON	
Clavia	Nord Lead 3	Prg 8	48 Mellowed ZON	
Clavia	Nord Lead 3	Prg 8	49 Mellowmetal ZON	
Clavia	Nord Lead 3	Prg 8	50 Metalik ZON	
Clavia	Nord Lead 3	Prg 8	51 Metaphasic ZON	
Clavia	Nord Lead 3	Prg 8	52 Minilove ZON	
Clavia	Nord Lead 3	Prg 8	53 Newechoes ZON	
Clavia	Nord Lead 3	Prg 8	54 No answer ZON	
Clavia	Nord Lead 3	Prg 8	55 Nordgelis ZON	
Clavia	Nord Lead 3	Prg 8	56 Phasecomp ZON	
Clavia	Nord Lead 3	Prg 8	57 Play nice ZON	
Clavia	Nord Lead 3	Prg 8	58 Plucker ZON	
Clavia	Nord Lead 3	Prg 8	59 Probe 1 ZON	
Clavia	Nord Lead 3	Prg 8	60 Procession ZON	
Clavia	Nord Lead 3	Prg 8	61 Remnants ZON	
Clavia	Nord Lead 3	Prg 8	62 Rhythmicon ZON	
Clavia	Nord Lead 3	Prg 8	63 Ringmodern ZON	
Clavia	Nord Lead 3	Prg 8	64 Roswellien ZON	
Clavia	Nord Lead 3	Prg 8	65 Round bass ZON	
Clavia	Nord Lead 3	Prg 8	66 Sea city ZON	
Clavia	Nord Lead 3	Prg 8	67 Shimmy ZON	
Clavia	Nord Lead 3	Prg 8	68 Slippery ZON	
Clavia	Nord Lead 3	Prg 8	69 Space dust ZON	
Clavia	Nord Lead 3	Prg 8	70 Spacevox ZON	
Clavia	Nord Lead 3	Prg 8	71 Spinny ZON	
Clavia	Nord Lead 3	Prg 8	72 Squeezed ZON	
Clavia	Nord Lead 3	Prg 8	73 Strummy ZON	
Clavia	Nord Lead 3	Prg 8	74 Supersweep ZON	
Clavia	Nord Lead 3	Prg 8	75 Synclavvy 2 ZON	
Clavia	Nord Lead 3	Prg 8	76 Track hog ZON	
Clavia	Nord Lead 3	Prg 8	77 Trampy ZON	
Clavia	Nord Lead 3	Prg 8	78 Transporter ZON	
Clavia	Nord Lead 3	Prg 8	79 Traveller ZON	
Clavia	Nord Lead 3	Prg 8	80 Trendy buzz ZON	
Clavia	Nord Lead 3	Prg 8	81 Two in one ZON	
Clavia	Nord Lead 3	Prg 8	82 Uh Oh ZON	
Clavia	Nord Lead 3	Prg 8	83 Unexpected ZON	
Clavia	Nord Lead 3	Prg 8	84 Wavescan ZON	
Clavia	Nord Lead 3	Prg 8	85 Weirdvox ZON	
Clavia	Nord Lead 3	Prg 8	86 Wheelcraft ZON	
Clavia	Nord Lead 3	Prg 8	87 Wheelitude ZON	
Clavia	Nord Lead 3	Prg 8	88 Wow-ee-wow ZON	
Clavia	Nord Lead 3	Prg 8	89 Vox Drops ZON	
Clavia	Nord Lead 3	Prg 8	90 Xenomorph ZON	
Clavia	Nord Lead 3	Prg 8	91 Yestersynth ZON	
Clavia	Nord Lead 3	Prg 8	92 Watery ZON	
Clavia	Nord Lead 3	Prg 8	93 VeloVolt ZON	
Clavia	Nord Lead 3	Prg 8	94 Wheely Calm ZON	
Clavia	Nord Lead 3	Prg 8	95 Windchimes ZON	
Clavia	Nord Lead 3	Prg 8	96 Kenyan ZON	
Clavia	Nord Lead 3	Prg 8	97 Organic ZON	
Clavia	Nord Lead 3	Prg 8	98 Sparkler ZON	
Clavia	Nord Lead 3	Prg 8	99 Zapness ZON	
Clavia	Nord Lead 3	Prg 8	100 Stapa lead	
Clavia	Nord Lead 3	Prg 8	101 Distolux	
Clavia	Nord Lead 3	Prg 8	102 Mixtroqan	
Clavia	Nord Lead 3	Prg 8	103 Waterman	
Clavia	Nord Lead 3	Prg 8	104 No ad solo	
Clavia	Nord Lead 3	Prg 8	105 Zotropic	
Clavia	Nord Lead 3	Prg 8	106 Sanguscht	
Clavia	Nord Lead 3	Prg 8	107 branier	
Clavia	Nord Lead 3	Prg 8	108 Wochistic	
Clavia	Nord Lead 3	Prg 8	109 Zoorgano	
Clavia	Nord Lead 3	Prg 8	110 Vobiotic	
Clavia	Nord Lead 3	Prg 8	111 Sangust	
Clavia	Nord Lead 3	Prg 8	112 Stocksound	
Clavia	Nord Lead 3	Prg 8	113 Melodram	
Clavia	Nord Lead 3	Prg 8	114 Zoorgano2	
Clavia	Nord Lead 3	Prg 8	115 Revo harp	
Clavia	Nord Lead 3	Prg 8	116 Atmos3	
Clavia	Nord Lead 3	Prg 8	117 Distoluxus	
Clavia	Nord Lead 3	Prg 8	118 Offshore	
Clavia	Nord Lead 3	Prg 8	119 AbbaPad DLX	
Clavia	Nord Lead 3	Prg 8	120 Ambiotic	
Clavia	Nord Lead 3	Perf 1	1 Orchestra HN	
Clavia	Nord Lead 3	Perf 1	2 Sweepscape ZON	
Clavia	Nord Lead 3	Perf 1	3 Running Mood FH	
Clavia	Nord Lead 3	Perf 1	4 AnaDigital HN	
Clavia	Nord Lead 3	Perf 1	5 Delta Four ZON	
Clavia	Nord Lead 3	Perf 1	6 Dreamer ZON	
Clavia	Nord Lead 3	Perf 1	7 Kick Bass TB	
Clavia	Nord Lead 3	Perf 1	8 Karusell	
Clavia	Nord Lead 3	Perf 1	9 Welcome	
Clavia	Nord Lead 3	Perf 1	10 Ripley ZON	
Clavia	Nord Lead 3	Perf 1	11 RockStadium HN	
Clavia	Nord Lead 3	Perf 1	12 12stringGitar HN	
Clavia	Nord Lead 3	Perf 1	13 Melotronic HN	
Clavia	Nord Lead 3	Perf 1	14 ChurchOrgan1 HN	
Clavia	Nord Lead 3	Perf 1	15 ChurchOrgan2 HN	
Clavia	Nord Lead 3	Perf 1	16 Sci fly ZON	
Clavia	Nord Lead 3	Perf 1	17 Syntaro HN	
Clavia	Nord Lead 3	Perf 1	18 Advanced D-50 TB	
Clavia	Nord Lead 3	Perf 1	19 Bass-Strings	
Clavia	Nord Lead 3	Perf 1	20 BigSpread HN	
Clavia	Nord Lead 3	Perf 1	21 Bodin Lead TB	
Clavia	Nord Lead 3	Perf 1	22 D-50-1 TB	
Clavia	Nord Lead 3	Perf 1	23 D-50-2 TB	
Clavia	Nord Lead 3	Perf 1	24 New World	
Clavia	Nord Lead 3	Perf 1	25 Sipramil TB	
Clavia	Nord Lead 3	Perf 1	26 Square Pan TB	
Clavia	Nord Lead 3	Perf 1	27 10cc Wheel TB	
Clavia	Nord Lead 3	Perf 1	28 A flumride	
Clavia	Nord Lead 3	Perf 1	29 ACID TB	
Clavia	Nord Lead 3	Perf 1	30 Air and Lead	
Clavia	Nord Lead 3	Perf 1	31 Aristocrats	
Clavia	Nord Lead 3	Perf 1	32 At the spring	
Clavia	Nord Lead 3	Perf 1	33 Aura	
Clavia	Nord Lead 3	Perf 1	34 Bass n pad FH	
Clavia	Nord Lead 3	Perf 1	35 Bassiq DLX	
Clavia	Nord Lead 3	Perf 1	36 Basspadlead	
Clavia	Nord Lead 3	Perf 1	37 Beat goes on	
Clavia	Nord Lead 3	Perf 1	38 Beauty Pad 1 TB	
Clavia	Nord Lead 3	Perf 1	39 BigInSweden DLX	
Clavia	Nord Lead 3	Perf 1	40 Cinematic ZON	
Clavia	Nord Lead 3	Perf 1	41 Boxstrinq burdun	
Clavia	Nord Lead 3	Perf 1	42 Breath Hit TB	
Clavia	Nord Lead 3	Perf 1	43 Christmas times	
Clavia	Nord Lead 3	Perf 1	44 Compy DLX	
Clavia	Nord Lead 3	Perf 1	45 Deep TB	
Clavia	Nord Lead 3	Perf 1	46 DigiAna DLX	
Clavia	Nord Lead 3	Perf 1	47 Dr Max Lilja TB	
Clavia	Nord Lead 3	Perf 1	48 Enourmus	
Clavia	Nord Lead 3	Perf 1	49 Fatpadbird	
Clavia	Nord Lead 3	Perf 1	50 First perform FH	
Clavia	Nord Lead 3	Perf 1	51 Fortissimo TB	
Clavia	Nord Lead 3	Perf 1	52 FunkyBrass TB	
Clavia	Nord Lead 3	Perf 1	53 Gewired	
Clavia	Nord Lead 3	Perf 1	54 Glass Onion TB	
Clavia	Nord Lead 3	Perf 1	55 Glass walls ZON	
Clavia	Nord Lead 3	Perf 1	56 Glory	
Clavia	Nord Lead 3	Perf 1	57 Hard Low TB	
Clavia	Nord Lead 3	Perf 1	58 Holy TB	
Clavia	Nord Lead 3	Perf 1	59 Ice e Submarine	
Clavia	Nord Lead 3	Perf 1	60 Ice e Submarine	Preset name appears twice on real hardware
Clavia	Nord Lead 3	Perf 1	61 Introspectacular	
Clavia	Nord Lead 3	Perf 1	62 JustAddBimbo BL	
Clavia	Nord Lead 3	Perf 1	63 Kashmir TB	
Clavia	Nord Lead 3	Perf 1	64 Ztring Trip	
Clavia	Nord Lead 3	Perf 1	65 Koolt	
Clavia	Nord Lead 3	Perf 1	66 Light Eagle ZON	
Clavia	Nord Lead 3	Perf 1	67 Love Song ZON	
Clavia	Nord Lead 3	Perf 1	68 Magic Box TB	
Clavia	Nord Lead 3	Perf 1	69 Mallets TB	
Clavia	Nord Lead 3	Perf 1	70 MarbleBeef TB	
Clavia	Nord Lead 3	Perf 1	71 Massy DLX	
Clavia	Nord Lead 3	Perf 1	72 MegaSaw TB	
Clavia	Nord Lead 3	Perf 1	73 Minimuss	
Clavia	Nord Lead 3	Perf 1	74 Modularly ZON	
Clavia	Nord Lead 3	Perf 1	75 Morning TB	
Clavia	Nord Lead 3	Perf 1	76 Moving around	
Clavia	Nord Lead 3	Perf 1	77 Neseril TB	
Clavia	Nord Lead 3	Perf 1	78 New Road ZON	
Clavia	Nord Lead 3	Perf 1	79 Night Sky ZON	
Clavia	Nord Lead 3	Perf 1	80 Noisi seq	
Clavia	Nord Lead 3	Perf 1	81 Nordanwind TB	
Clavia	Nord Lead 3	Perf 1	82 Oaxaca TB	
Clavia	Nord Lead 3	Perf 1	83 Old tapes TB	
Clavia	Nord Lead 3	Perf 1	84 OrganMagic	
Clavia	Nord Lead 3	Perf 1	85 Pad-Lead TB	
Clavia	Nord Lead 3	Perf 1	86 Pastoral TB	
Clavia	Nord Lead 3	Perf 1	87 PhasingFormance	
Clavia	Nord Lead 3	Perf 1	88 Power Pad	
Clavia	Nord Lead 3	Perf 1	89 Rai TB	
Clavia	Nord Lead 3	Perf 1	90 Rhythme ZON	
Clavia	Nord Lead 3	Perf 1	91 Sandman	
Clavia	Nord Lead 3	Perf 1	92 Sandy tent ZON	
Clavia	Nord Lead 3	Perf 1	93 Sax Section TB	
Clavia	Nord Lead 3	Perf 1	94 Score Pad TB	
Clavia	Nord Lead 3	Perf 1	95 Scoring Strings	
Clavia	Nord Lead 3	Perf 1	96 Seq Dist TB	
Clavia	Nord Lead 3	Perf 1	97 Sharp Pad TB	
Clavia	Nord Lead 3	Perf 1	98 Skvitt TB	
Clavia	Nord Lead 3	Perf 1	99 Space Cirkus	
Clavia	Nord Lead 3	Perf 1	100 Spaced Out BL	
Clavia	Nord Lead 3	Perf 1	101 Spacy	
Clavia	Nord Lead 3	Perf 1	102 Spacy clavinet	
Clavia	Nord Lead 3	Perf 1	103 SpookiWheel TB	
Clavia	Nord Lead 3	Perf 1	104 Strait Lush TB	
Clavia	Nord Lead 3	Perf 1	105 Strom X TB	
Clavia	Nord Lead 3	Perf 1	106 Supersweep TB	
Clavia	Nord Lead 3	Perf 1	107 SyntH Beat FH	
Clavia	Nord Lead 3	Perf 1	108 TechClav DLX	
Clavia	Nord Lead 3	Perf 1	109 Techno Hog TB	
Clavia	Nord Lead 3	Perf 1	110 TechYes TB	
Clavia	Nord Lead 3	Perf 1	111 The old mill TB	
Clavia	Nord Lead 3	Perf 1	112 Total Wall TB	
Clavia	Nord Lead 3	Perf 1	113 Tsin Saw	
Clavia	Nord Lead 3	Perf 1	114 WheelAttack TB	
Clavia	Nord Lead 3	Perf 1	115 Wide sync	
Clavia	Nord Lead 3	Perf 1	116 Voxpad ZON	
Clavia	Nord Lead 3	Perf 1	117 Wrong house ZON	
Clavia	Nord Lead 3	Perf 1	118 Yoga Harrison TB	
Clavia	Nord Lead 3	Perf 1	119 SpreadSaw HN	
Clavia	Nord Lead 3	Perf 2	1 Glorious	
Clavia	Nord Lead 3	Perf 2	2 Mix Trix	
Clavia	Nord Lead 3	Perf 2	3 Maffigt	
Clavia	Nord Lead 3	Perf 2	4 Song la vally	
Clavia	Nord Lead 3	Perf 2	5 Tribute to a e	
Clavia	Nord Lead 3	Perf 2	6 Mix Trix fix	
Clavia	Nord Lead 3	Perf 2	7 Dome away	
Clavia	Nord Lead 3	Perf 2	8 Bass famalog	
Clavia	Nord Lead 3	Perf 2	9 Harmy	
Clavia	Nord Lead 3	Perf 2	10 Bombasstic	
Clavia	Nord Lead 3	Perf 2	11 Suttless	
Clavia	Nord Lead 3	Perf 2	12 Mix Uraxa	
Clavia	Nord Lead 3	Perf 2	13 A solo thing	
Clavia	Nord Lead 3	Perf 2	14 Dome	
Clavia	Nord Lead 3	Perf 2	15 Tweest	
Clavia	Nord Lead 3	Perf 2	16 Songust	
Clavia	Nord Lead 3	Perf 2	17 Flat Fall	
Clavia	Nord Lead 3	Perf 2	18 Schuttle	
Clavia	Nord Lead 3	Perf 2	19 Paine	
Clavia	Nord Lead 3	Perf 2	20 Not Eko in space	
Clavia	Nord Lead 3	Perf 2	21 Bengiator	
Clavia	Nord Lead 3	Perf 2	22 ConArp	
Clavia	Nord Lead 3	Perf 2	23 ConArp a lead	
Clavia	Nord Lead 3	Perf 2	24 Siso	
Clavia	Nord Lead 3	Perf 2	25 Fantasi	
Clavia	Nord Lead 3	Perf 2	26 Cew On	
Clavia	Nord Lead 3	Perf 2	27 Hylerious	
Clavia	Nord Lead 3	Perf 2	28 Destasi	
Clavia	Nord Lead 3	Perf 2	29 Trasher	
Clavia	Nord Lead 3	Perf 2	30 Bassong	
Clavia	Nord Lead 3	Perf 2	31 SuperBass	
Clavia	Nord Lead 3	Perf 2	32 Trane	
Clavia	Nord Lead 3	Perf 2	33 Songus	
Clavia	Nord Lead 3	Perf 2	34 Desformance	
Clavia	Nord Lead 3	Perf 2	35 Powlust	
Clavia	Nord Lead 3	Perf 2	36 Tse Facteri	
Clavia	Nord Lead 3	Perf 2	37 Miz Uraxa	
Clavia	Nord Lead 3	Perf 2	38 Not Eko	
Clavia	Nord Lead 3	Perf 2	39 Confused banjos	
Clavia	Nord Lead 3	Perf 2	40 Facteria	
Clavia	Nord Lead 3	Perf 2	41 Lusv	
Clavia	Nord Lead 3	Perf 2	42 Beachland	
Clavia	Nord Lead 3	Perf 2	43 Blacksisland	