Clavia	Nord Lead 2X	Program 1	Clearly for Techno	
Clavia	Nord Lead 2X	Program 2	And God made Resonance	
Clavia	Nord Lead 2X	Program 3	Delay Synth Brass	
Clavia	Nord Lead 2X	Program 4	Dark Stereo Pad	
Clavia	Nord Lead 2X	Program 5	Dark DUB Bass	
Clavia	Nord Lead 2X	Program 6	The MadMan Reso Synth	
Clavia	Nord Lead 2X	Program 7	Vibe Bell	
Clavia	Nord Lead 2X	Program 8	Skywalker 1	
Clavia	Nord Lead 2X	Program 9	Deep Purple	
Clavia	Nord Lead 2X	Program 10	Trekker	
Clavia	Nord Lead 2X	Program 11	Flange gtr.	
Clavia	Nord Lead 2X	Program 12	Billibass	
Clavia	Nord Lead 2X	Program 13	Tuned Resonance Pad 1	
Clavia	Nord Lead 2X	Program 14	Stereo Perk Pad	
Clavia	Nord Lead 2X	Program 15	Clearly the Bell	
Clavia	Nord Lead 2X	Program 16	ResoRoto	
Clavia	Nord Lead 2X	Program 17	LFO Squares	
Clavia	Nord Lead 2X	Program 18	Arpeggiate Me!	
Clavia	Nord Lead 2X	Program 19	Teddy's Talkbox	
Clavia	Nord Lead 2X	Program 20	VEL Rez Bass	
Clavia	Nord Lead 2X	Program 21	D&B Bass	
Clavia	Nord Lead 2X	Program 22	VEL Fuzz Bass	
Clavia	Nord Lead 2X	Program 23	One Or One Bass	
Clavia	Nord Lead 2X	Program 24	DRE Bass (use wheel)	
Clavia	Nord Lead 2X	Program 25	Dodger Bass	
Clavia	Nord Lead 2X	Program 26	Funk REZ Bass	
Clavia	Nord Lead 2X	Program 27	TRI REZ Bass	
Clavia	Nord Lead 2X	Program 28	U Know Bass	
Clavia	Nord Lead 2X	Program 29	SQU VEL Rez Bass	
Clavia	Nord Lead 2X	Program 30	SAW REZ Bass	
Clavia	Nord Lead 2X	Program 31	2 Step Bass	
Clavia	Nord Lead 2X	Program 32	Punctuating Bass	
Clavia	Nord Lead 2X	Program 33	Low End 66 SEQ Polysynth	
Clavia	Nord Lead 2X	Program 34	Picked Bass	
Clavia	Nord Lead 2X	Program 35	Funk FM Bass	
Clavia	Nord Lead 2X	Program 36	FM Bass	
Clavia	Nord Lead 2X	Program 37	Spike Bass	
Clavia	Nord Lead 2X	Program 38	Smooth Bass	
Clavia	Nord Lead 2X	Program 39	Flimsy Bass	
Clavia	Nord Lead 2X	Program 40	FM FunKeys	
Clavia	Nord Lead 2X	Program 41	Techno Synth 1	
Clavia	Nord Lead 2X	Program 42	Techno Synth 2	
Clavia	Nord Lead 2X	Program 43	Scritti Plucky	
Clavia	Nord Lead 2X	Program 44	Velo Comp Synth	
Clavia	Nord Lead 2X	Program 45	SAW Keys	
Clavia	Nord Lead 2X	Program 46	SEQ Pulse Synth 1	
Clavia	Nord Lead 2X	Program 47	Talking REZ	
Clavia	Nord Lead 2X	Program 48	Rodney J SAWS	
Clavia	Nord Lead 2X	Program 49	SEQ Pulse Synth 2	
Clavia	Nord Lead 2X	Program 50	Synth Brass Section	
Clavia	Nord Lead 2X	Program 51	Dirty SAW Techno	
Clavia	Nord Lead 2X	Program 52	Hi-Pass VEL Synth	
Clavia	Nord Lead 2X	Program 53	Synth Comp Pluck	
Clavia	Nord Lead 2X	Program 54	Old School Synth	
Clavia	Nord Lead 2X	Program 55	Rising REZ Pad	
Clavia	Nord Lead 2X	Program 56	Techno SAW Comp	
Clavia	Nord Lead 2X	Program 57	Heavy REZ	
Clavia	Nord Lead 2X	Program 58	Funky Pick	
Clavia	Nord Lead 2X	Program 59	Legato REZ	
Clavia	Nord Lead 2X	Program 60	Velocity SAW	
Clavia	Nord Lead 2X	Program 61	RAVE synth	
Clavia	Nord Lead 2X	Program 62	Stevie's Comp	
Clavia	Nord Lead 2X	Program 63	Phase Synth	
Clavia	Nord Lead 2X	Program 64	Old School Synth 2	
Clavia	Nord Lead 2X	Program 65	PWM Clav	
Clavia	Nord Lead 2X	Program 66	SEQ Polysynth	
Clavia	Nord Lead 2X	Program 67	Poppy SQU Synth	
Clavia	Nord Lead 2X	Program 68	VEL Soundtrack	
Clavia	Nord Lead 2X	Program 69	Glass Voices	
Clavia	Nord Lead 2X	Program 70	Plucky Pad	
Clavia	Nord Lead 2X	Program 71	Velo REZO	
Clavia	Nord Lead 2X	Program 72	Slow Swello	
Clavia	Nord Lead 2X	Program 73	Introspection Pad	
Clavia	Nord Lead 2X	Program 74	Funky Talk	
Clavia	Nord Lead 2X	Program 75	Filtered Strings	
Clavia	Nord Lead 2X	Program 76	Smooth Pad	
Clavia	Nord Lead 2X	Program 77	CyberFunk Clav	
Clavia	Nord Lead 2X	Program 78	Angel Pad	
Clavia	Nord Lead 2X	Program 79	Chime Pad	
Clavia	Nord Lead 2X	Program 80	The Calling	
Clavia	Nord Lead 2X	Program 81	Synth Rise	
Clavia	Nord Lead 2X	Program 82	Stardust FM	
Clavia	Nord Lead 2X	Program 83	Metallic Synth	
Clavia	Nord Lead 2X	Program 84	Rude SQU	
Clavia	Nord Lead 2X	Program 85	Drama Pad	
Clavia	Nord Lead 2X	Program 86	SQU Lite	
Clavia	Nord Lead 2X	Program 87	Subtle Pad	
Clavia	Nord Lead 2X	Program 88	Dramatic Sweep	
Clavia	Nord Lead 2X	Program 89	Vinyl Opera	
Clavia	Nord Lead 2X	Program 90	IV DisCHORD Pad	
Clavia	Nord Lead 2X	Program 91	Mini Lead 1	
Clavia	Nord Lead 2X	Program 92	Funk REZ Lead	
Clavia	Nord Lead 2X	Program 93	TRI VEL Lead	
Clavia	Nord Lead 2X	Program 94	REZ Mini Lead	
Clavia	Nord Lead 2X	Program 95	Mini Lead 2	
Clavia	Nord Lead 2X	Program 96	Mini Lead 3	
Clavia	Nord Lead 2X	Program 97	Synce'd Up!	
Clavia	Nord Lead 2X	Program 98	Cutting Edge Saws	
Clavia	Nord Lead 2X	Program 99	Organesque	
Clavia	Nord Lead 2X	Program 1.1	Sawbrass	
Clavia	Nord Lead 2X	Program 1.2	Velocity strings	
Clavia	Nord Lead 2X	Program 1.3	Resonance pad	
Clavia	Nord Lead 2X	Program 1.4	Hard string pad	
Clavia	Nord Lead 2X	Program 1.5	Resonance fade pad	
Clavia	Nord Lead 2X	Program 1.6	Portamento quints	
Clavia	Nord Lead 2X	Program 1.7	A fifth pad	
Clavia	Nord Lead 2X	Program 1.8	Pulse pad with FM	
Clavia	Nord Lead 2X	Program 1.9	Weather bass	
Clavia	Nord Lead 2X	Program 1.10	Lead saw solo	
Clavia	Nord Lead 2X	Program 1.11	Soft saw lead	
Clavia	Nord Lead 2X	Program 1.12	Zyntar	
Clavia	Nord Lead 2X	Program 1.13	Arpeggiator down	
Clavia	Nord Lead 2X	Program 1.14	FM Metallic	
Clavia	Nord Lead 2X	Program 1.15	Attack bass	
Clavia	Nord Lead 2X	Program 1.16	Saw mono	
Clavia	Nord Lead 2X	Program 1.17	Osc 2 modulation	
Clavia	Nord Lead 2X	Program 1.18	Guitar 1	
Clavia	Nord Lead 2X	Program 1.19	Violin	
Clavia	Nord Lead 2X	Program 1.20	Source bass	
Clavia	Nord Lead 2X	Program 1.21	Perc Lead	
Clavia	Nord Lead 2X	Program 1.22	FM Clavinet	
Clavia	Nord Lead 2X	Program 1.23	Soft strings	
Clavia	Nord Lead 2X	Program 1.24	S/H techno 	
Clavia	Nord Lead 2X	Program 1.25	Resonance sweep	
Clavia	Nord Lead 2X	Program 1.26	Phaser	
Clavia	Nord Lead 2X	Program 1.27	Brite pad	
Clavia	Nord Lead 2X	Program 1.28	Analog grand	
Clavia	Nord Lead 2X	Program 1.29	Electric piano 1	
Clavia	Nord Lead 2X	Program 1.30	Random Arpeggio	
Clavia	Nord Lead 2X	Program 1.31	Clarinet	
Clavia	Nord Lead 2X	Program 1.32	Didjeridu	
Clavia	Nord Lead 2X	Program 1.33	Sax	
Clavia	Nord Lead 2X	Program 1.34	String pad	
Clavia	Nord Lead 2X	Program 1.35	Solo pulse	
Clavia	Nord Lead 2X	Program 1.36	Space pad	
Clavia	Nord Lead 2X	Program 1.37	Sample/hold	
Clavia	Nord Lead 2X	Program 1.38	Saw legato solo	
Clavia	Nord Lead 2X	Program 1.39	Echo sound	
Clavia	Nord Lead 2X	Program 1.40	Pulse solo	
Clavia	Nord Lead 2X	Program 1.41	Soft strings2	
Clavia	Nord Lead 2X	Program 1.42	Majesty	
Clavia	Nord Lead 2X	Program 1.43	Glass brass	
Clavia	Nord Lead 2X	Program 1.44	Gimme 5	
Clavia	Nord Lead 2X	Program 1.45	Flute choir	
Clavia	Nord Lead 2X	Program 1.46	Brass Comp	
Clavia	Nord Lead 2X	Program 1.47	Sync sweep	
Clavia	Nord Lead 2X	Program 1.48	Synth strings	
Clavia	Nord Lead 2X	Program 1.49	Trumpets	
Clavia	Nord Lead 2X	Program 1.50	Duke	
Clavia	Nord Lead 2X	Program 1.51	Dirty FM	
Clavia	Nord Lead 2X	Program 1.52	Space clavinet	
Clavia	Nord Lead 2X	Program 1.53	Resonant saw	
Clavia	Nord Lead 2X	Program 1.54	FM lead	
Clavia	Nord Lead 2X	Program 1.55	Talking clavinet	
Clavia	Nord Lead 2X	Program 1.56	Saw ring	
Clavia	Nord Lead 2X	Program 1.57	Eraser	
Clavia	Nord Lead 2X	Program 1.58	Take the fifth	
Clavia	Nord Lead 2X	Program 1.59	Echo pad	
Clavia	Nord Lead 2X	Program 1.60	Yeow!	
Clavia	Nord Lead 2X	Program 1.61	Syncher	
Clavia	Nord Lead 2X	Program 1.62	Low bass	
Clavia	Nord Lead 2X	Program 1.63	water bass	
Clavia	Nord Lead 2X	Program 1.64	Pick bass	
Clavia	Nord Lead 2X	Program 1.65	FM morph bass	
Clavia	Nord Lead 2X	Program 1.66	Acid 1	
Clavia	Nord Lead 2X	Program 1.67	Acid 2	
Clavia	Nord Lead 2X	Program 1.68	legato bass	
Clavia	Nord Lead 2X	Program 1.69	Black Hole	
Clavia	Nord Lead 2X	Program 1.70	Sub	
Clavia	Nord Lead 2X	Program 1.71	DB	
Clavia	Nord Lead 2X	Program 1.72	Widebody	
Clavia	Nord Lead 2X	Program 1.73	Fluff	
Clavia	Nord Lead 2X	Program 1.74	Steeldrums	
Clavia	Nord Lead 2X	Program 1.75	Wurz piano	
Clavia	Nord Lead 2X	Program 1.76	My Clav	
Clavia	Nord Lead 2X	Program 1.77	I bow	
Clavia	Nord Lead 2X	Program 1.78	Tack clav	
Clavia	Nord Lead 2X	Program 1.79	Span Eyes	
Clavia	Nord Lead 2X	Program 1.80	Floote	
Clavia	Nord Lead 2X	Program 1.81	Hamplafon	
Clavia	Nord Lead 2X	Program 1.82	Thumpinet	
Clavia	Nord Lead 2X	Program 1.83	Bell bar	
Clavia	Nord Lead 2X	Program 1.84	Flageolettes	
Clavia	Nord Lead 2X	Program 1.85	Rotator	
Clavia	Nord Lead 2X	Program 1.86	Tuba	
Clavia	Nord Lead 2X	Program 1.87	Trumpet	
Clavia	Nord Lead 2X	Program 1.88	English horn	
Clavia	Nord Lead 2X	Program 1.89	Metal Flute	
Clavia	Nord Lead 2X	Program 1.90	Voice	
Clavia	Nord Lead 2X	Program 1.91	FM horn	
Clavia	Nord Lead 2X	Program 1.92	Harpsichord	
Clavia	Nord Lead 2X	Program 1.93	Electric piano 2	
Clavia	Nord Lead 2X	Program 1.94	Musing	
Clavia	Nord Lead 2X	Program 1.95	Chang	
Clavia	Nord Lead 2X	Program 1.96	Ravi	
Clavia	Nord Lead 2X	Program 1.97	Guess!	
Clavia	Nord Lead 2X	Program 1.98	Tubular	
Clavia	Nord Lead 2X	Program 1.99	Waterhall	
Clavia	Nord Lead 2X	Program 2.1	Polysynth 1	
Clavia	Nord Lead 2X	Program 2.2	Polysynth 2	
Clavia	Nord Lead 2X	Program 2.3	Polysynth 3	
Clavia	Nord Lead 2X	Program 2.4	Ambient poly	
Clavia	Nord Lead 2X	Program 2.5	Human League 1	
Clavia	Nord Lead 2X	Program 2.6	Human League 2	
Clavia	Nord Lead 2X	Program 2.7	Wet poly	
Clavia	Nord Lead 2X	Program 2.8	Fat poly	
Clavia	Nord Lead 2X	Program 2.9	Legatobass	
Clavia	Nord Lead 2X	Program 2.10	Infinite bass	
Clavia	Nord Lead 2X	Program 2.11	Ratata bass	
Clavia	Nord Lead 2X	Program 2.12	Rubber bass	
Clavia	Nord Lead 2X	Program 2.13	Click bass	
Clavia	Nord Lead 2X	Program 2.14	Sawbass	
Clavia	Nord Lead 2X	Program 2.15	Sawbass oct	
Clavia	Nord Lead 2X	Program 2.16	Phatbass	
Clavia	Nord Lead 2X	Program 2.17	FMbass	
Clavia	Nord Lead 2X	Program 2.18	Knockbass	
Clavia	Nord Lead 2X	Program 2.19	Tightbass	
Clavia	Nord Lead 2X	Program 2.20	Electricpiano 1	
Clavia	Nord Lead 2X	Program 2.21	Electricpiano 2	
Clavia	Nord Lead 2X	Program 2.22	Electricpiano 3	
Clavia	Nord Lead 2X	Program 2.23	Knockwurlitzer	
Clavia	Nord Lead 2X	Program 2.24	Bellpiano	
Clavia	Nord Lead 2X	Program 2.25	EPsmack	
Clavia	Nord Lead 2X	Program 2.26	Synclav	
Clavia	Nord Lead 2X	Program 2.27	Thinclav	
Clavia	Nord Lead 2X	Program 2.28	FMclav	
Clavia	Nord Lead 2X	Program 2.29	Vibroclav	
Clavia	Nord Lead 2X	Program 2.30	Polybrass	
Clavia	Nord Lead 2X	Program 2.31	Pulsebrass	
Clavia	Nord Lead 2X	Program 2.32	Wetbrass	
Clavia	Nord Lead 2X	Program 2.33	JX8P stab brass	
Clavia	Nord Lead 2X	Program 2.34	Probrass	
Clavia	Nord Lead 2X	Program 2.35	D-tune Brass	
Clavia	Nord Lead 2X	Program 2.36	Wetbrass	
Clavia	Nord Lead 2X	Program 2.37	Creambrass	
Clavia	Nord Lead 2X	Program 2.38	Softbrass	
Clavia	Nord Lead 2X	Program 2.39	Pulsebrass	
Clavia	Nord Lead 2X	Program 2.40	Human Rez	
Clavia	Nord Lead 2X	Program 2.41	Rez Pluck	
Clavia	Nord Lead 2X	Program 2.42	Amb Sine Pluck	
Clavia	Nord Lead 2X	Program 2.43	Yazoo	
Clavia	Nord Lead 2X	Program 2.44	Yazpiano	
Clavia	Nord Lead 2X	Program 2.45	Depe Che Pluck	
Clavia	Nord Lead 2X	Program 2.46	Pulse Pluck	
Clavia	Nord Lead 2X	Program 2.47	Pulse Shimmer	
Clavia	Nord Lead 2X	Program 2.48	Seq Pluck	
Clavia	Nord Lead 2X	Program 2.49	Pulse Pluck 2	
Clavia	Nord Lead 2X	Program 2.50	Slow Pad	
Clavia	Nord Lead 2X	Program 2.51	Soft Pad	
Clavia	Nord Lead 2X	Program 2.52	Sine Pad	
Clavia	Nord Lead 2X	Program 2.53	Massive Pad	
Clavia	Nord Lead 2X	Program 2.54	Organ Pad	
Clavia	Nord Lead 2X	Program 2.55	Brite Pad	
Clavia	Nord Lead 2X	Program 2.56	LFO Pad	
Clavia	Nord Lead 2X	Program 2.57	Octpad	
Clavia	Nord Lead 2X	Program 2.58	Gentle Pad	
Clavia	Nord Lead 2X	Program 2.59	Sitarpad	
Clavia	Nord Lead 2X	Program 2.60	Digibell 1	
Clavia	Nord Lead 2X	Program 2.61	Digibell 2	
Clavia	Nord Lead 2X	Program 2.62	Crysister	
Clavia	Nord Lead 2X	Program 2.63	LFO Bell	
Clavia	Nord Lead 2X	Program 2.64	Crisp Bell	
Clavia	Nord Lead 2X	Program 2.65	Bassreverb	
Clavia	Nord Lead 2X	Program 2.66	Gentle Bell	
Clavia	Nord Lead 2X	Program 2.67	Wave Bell	
Clavia	Nord Lead 2X	Program 2.68	Sunrise	
Clavia	Nord Lead 2X	Program 2.69	Organ/e.piano	
Clavia	Nord Lead 2X	Program 2.70	Euro Lead	
Clavia	Nord Lead 2X	Program 2.71	Sytar	
Clavia	Nord Lead 2X	Program 2.72	Percstrings	
Clavia	Nord Lead 2X	Program 2.73	Woodo	
Clavia	Nord Lead 2X	Program 2.74	Tremolosynth	
Clavia	Nord Lead 2X	Program 2.75	Hitech	
Clavia	Nord Lead 2X	Program 2.76	Talkbass	
Clavia	Nord Lead 2X	Program 2.77	Hipass303	
Clavia	Nord Lead 2X	Program 2.78	Bandpass303	
Clavia	Nord Lead 2X	Program 2.79	Hitech 2	
Clavia	Nord Lead 2X	Program 2.80	Tube	
Clavia	Nord Lead 2X	Program 2.81	Dist Git1 - wheel	
Clavia	Nord Lead 2X	Program 2.82	Dist Git3 - wheel	
Clavia	Nord Lead 2X	Program 2.83	Dist Git3	
Clavia	Nord Lead 2X	Program 2.84	Monsterbass	
Clavia	Nord Lead 2X	Program 2.85	Organ 1	
Clavia	Nord Lead 2X	Program 2.86	Organ 2	
Clavia	Nord Lead 2X	Program 2.87	Organ 3	
Clavia	Nord Lead 2X	Program 2.88	Radio Days	
Clavia	Nord Lead 2X	Program 2.89	Moonsong	
Clavia	Nord Lead 2X	Program 2.90	Lasergun	
Clavia	Nord Lead 2X	Program 2.91	Space	
Clavia	Nord Lead 2X	Program 2.92	Bird	
Clavia	Nord Lead 2X	Program 2.93	Flipstring	
Clavia	Nord Lead 2X	Program 2.94	Cyber	
Clavia	Nord Lead 2X	Program 2.95	Cybertalk	
Clavia	Nord Lead 2X	Program 2.96	Cyberspace	
Clavia	Nord Lead 2X	Program 2.97	Plipp/plopp	
Clavia	Nord Lead 2X	Program 2.98	Darthvador	
Clavia	Nord Lead 2X	Program 2.99	Rain	
Clavia	Nord Lead 2X	Program 3.1	Big Bell	
Clavia	Nord Lead 2X	Program 3.2	Arpeggibass	
Clavia	Nord Lead 2X	Program 3.3	Breathy Attack	
Clavia	Nord Lead 2X	Program 3.4	Organ	
Clavia	Nord Lead 2X	Program 3.5	Shimmering	
Clavia	Nord Lead 2X	Program 3.6	Six Wives	
Clavia	Nord Lead 2X	Program 3.7	Kick/snare	
Clavia	Nord Lead 2X	Program 3.8	Heartbeat	
Clavia	Nord Lead 2X	Program 3.9	Bouncing Glassball	
Clavia	Nord Lead 2X	Program 3.10	Electrocution	
Clavia	Nord Lead 2X	Program 3.11	Noise Percussion	
Clavia	Nord Lead 2X	Program 3.12	Square Throb	
Clavia	Nord Lead 2X	Program 3.13	Glass Sitar	
Clavia	Nord Lead 2X	Program 3.14	Synth Swirl	
Clavia	Nord Lead 2X	Program 3.15	Metalglass	
Clavia	Nord Lead 2X	Program 3.16	Bowed Metalglass	
Clavia	Nord Lead 2X	Program 3.17	Pulsearpeggi	
Clavia	Nord Lead 2X	Program 3.18	Weelsong	
Clavia	Nord Lead 2X	Program 3.19	Spacebubbles	
Clavia	Nord Lead 2X	Program 3.20	Velpulse	
Clavia	Nord Lead 2X	Program 3.21	Velsaw	
Clavia	Nord Lead 2X	Program 3.22	Anahorn	
Clavia	Nord Lead 2X	Program 3.23	Velosity Arp Rate	
Clavia	Nord Lead 2X	Program 3.24	Big Bass	
Clavia	Nord Lead 2X	Program 3.25	Electropanic	
Clavia	Nord Lead 2X	Program 3.26	Flutedistmorpher	
Clavia	Nord Lead 2X	Program 3.27	Voxpiano	
Clavia	Nord Lead 2X	Program 3.28	Warm Pad	
Clavia	Nord Lead 2X	Program 3.29	Organ 2	
Clavia	Nord Lead 2X	Program 3.30	Flutearpeggi	
Clavia	Nord Lead 2X	Program 3.31	Fat Arpeggi	
Clavia	Nord Lead 2X	Program 3.32	Triangle Morpher	
Clavia	Nord Lead 2X	Program 3.33	Arpeggiklang	
Clavia	Nord Lead 2X	Program 3.34	Wind	
Clavia	Nord Lead 2X	Program 3.35	Juicy Arpeggi	
Clavia	Nord Lead 2X	Program 3.36	Rolling Phase Lead	
Clavia	Nord Lead 2X	Program 3.37	Weel Tempo Arpeggi	
Clavia	Nord Lead 2X	Program 3.38	Velzapbass	
Clavia	Nord Lead 2X	Program 3.39	Classic Analog Horn	
Clavia	Nord Lead 2X	Program 3.40	Water Drops	
Clavia	Nord Lead 2X	Program 3.41	Morphsong	
Clavia	Nord Lead 2X	Program 3.42	Electro Lace	
Clavia	Nord Lead 2X	Program 3.43	Classic Buzz	
Clavia	Nord Lead 2X	Program 3.44	Phoghorn	
Clavia	Nord Lead 2X	Program 3.45	Voicey Melody	
Clavia	Nord Lead 2X	Program 3.46	Lava Q Lead	
Clavia	Nord Lead 2X	Program 3.47	Mr. Floyd Rez Sweep	
Clavia	Nord Lead 2X	Program 3.48	Dist Lead	
Clavia	Nord Lead 2X	Program 3.49	Mini Hard Lead	
Clavia	Nord Lead 2X	Program 3.50	Lucky Lead	
Clavia	Nord Lead 2X	Program 3.51	Electrodrone-a	
Clavia	Nord Lead 2X	Program 3.52	Bandpass Polysynth	
Clavia	Nord Lead 2X	Program 3.53	Toto Soft Brass	
Clavia	Nord Lead 2X	Program 3.54	Resonant Bass	
Clavia	Nord Lead 2X	Program 3.55	Fatass Brass	
Clavia	Nord Lead 2X	Program 3.56	Carousel	
Clavia	Nord Lead 2X	Program 3.57	Brassalog	
Clavia	Nord Lead 2X	Program 3.58	Ob Genevice	
Clavia	Nord Lead 2X	Program 3.59	Chick Full Of Fifths	
Clavia	Nord Lead 2X	Program 3.60	Funkin Epiano	
Clavia	Nord Lead 2X	Program 3.61	Stinger Lead	
Clavia	Nord Lead 2X	Program 3.62	Accordion	
Clavia	Nord Lead 2X	Program 3.63	Bag Pipes	
Clavia	Nord Lead 2X	Program 3.64	Bent Bells	
Clavia	Nord Lead 2X	Program 3.65	Lucy	
Clavia	Nord Lead 2X	Program 3.66	Whistle Buzz	
Clavia	Nord Lead 2X	Program 3.67	Quick Lead	
Clavia	Nord Lead 2X	Program 3.68	Swept Fifth Arp	
Clavia	Nord Lead 2X	Program 3.69	Rubber Arp	
Clavia	Nord Lead 2X	Program 3.70	Rubber Arp Iii	
Clavia	Nord Lead 2X	Program 3.71	Eurhythmic Reverb	
Clavia	Nord Lead 2X	Program 3.72	Lunar Arp	
Clavia	Nord Lead 2X	Program 3.73	Vapour Spaced I	
Clavia	Nord Lead 2X	Program 3.74	Vapour Spaced Ii	
Clavia	Nord Lead 2X	Program 3.75	Illusionary Arp	
Clavia	Nord Lead 2X	Program 3.76	Vangellic Arp	
Clavia	Nord Lead 2X	Program 3.77	Hojo Arp	
Clavia	Nord Lead 2X	Program 3.78	Veloreso Bass	
Clavia	Nord Lead 2X	Program 3.79	Taurus Pedals	
Clavia	Nord Lead 2X	Program 3.80	Dumb Bass/kick	
Clavia	Nord Lead 2X	Program 3.81	Vibrobass	
Clavia	Nord Lead 2X	Program 3.82	Ow Wheel Bass	
Clavia	Nord Lead 2X	Program 3.83	Go Ahead London	
Clavia	Nord Lead 2X	Program 3.84	Poltergeist	
Clavia	Nord Lead 2X	Program 3.85	Echolocation	
Clavia	Nord Lead 2X	Program 3.86	Antarctica	
Clavia	Nord Lead 2X	Program 3.87	Nine Inch Noise	
Clavia	Nord Lead 2X	Program 3.88	Lo Detune I	
Clavia	Nord Lead 2X	Program 3.89	Lo Detune Ii	
Clavia	Nord Lead 2X	Program 3.90	Geiger Counter	
Clavia	Nord Lead 2X	Program 3.91	Industrial Drone	
Clavia	Nord Lead 2X	Program 3.92	Rewind	
Clavia	Nord Lead 2X	Program 3.93	Weed Eater	
Clavia	Nord Lead 2X	Program 3.94	Radio Breakup	
Clavia	Nord Lead 2X	Program 3.95	Deep Woods Off	
Clavia	Nord Lead 2X	Program 3.96	Cell Phone	
Clavia	Nord Lead 2X	Program 3.97	Hover	
Clavia	Nord Lead 2X	Program 3.98	Be Careful With That N	
Clavia	Nord Lead 2X	Program 3.99	Birdsong	
Clavia	Nord Lead 2X	Program 4.1	Jazz Guitar	
Clavia	Nord Lead 2X	Program 4.2	Chick's Lead	
Clavia	Nord Lead 2X	Program 4.3	Jan Lead	
Clavia	Nord Lead 2X	Program 4.4	Star Cycle Lead	
Clavia	Nord Lead 2X	Program 4.5	Farfisa 1	
Clavia	Nord Lead 2X	Program 4.6	Sawtooth Mono Lead	
Clavia	Nord Lead 2X	Program 4.7	Lyle	
Clavia	Nord Lead 2X	Program 4.8	Way Lead	
Clavia	Nord Lead 2X	Program 4.9	Whistle	
Clavia	Nord Lead 2X	Program 4.10	Wet Glide	
Clavia	Nord Lead 2X	Program 4.11	Sweep Lead	
Clavia	Nord Lead 2X	Program 4.12	Chick 4 Ths	
Clavia	Nord Lead 2X	Program 4.13	Odd Couple	
Clavia	Nord Lead 2X	Program 4.14	Brassy Wah	
Clavia	Nord Lead 2X	Program 4.15	Jan Pulse Lead	
Clavia	Nord Lead 2X	Program 4.16	Schuman Lead	
Clavia	Nord Lead 2X	Program 4.17	Koto	
Clavia	Nord Lead 2X	Program 4.18	Music Box	
Clavia	Nord Lead 2X	Program 4.19	Zawinul Lead	
Clavia	Nord Lead 2X	Program 4.20	Scary	
Clavia	Nord Lead 2X	Program 4.21	Syn Bass #1	
Clavia	Nord Lead 2X	Program 4.22	Syn Bass #2	
Clavia	Nord Lead 2X	Program 4.23	Syn Bass #3	
Clavia	Nord Lead 2X	Program 4.24	Stevie Bass	
Clavia	Nord Lead 2X	Program 4.25	Dull Bass	
Clavia	Nord Lead 2X	Program 4.26	Syn Bass #4	
Clavia	Nord Lead 2X	Program 4.27	Scratch Morph	
Clavia	Nord Lead 2X	Program 4.28	How Will I Know?	
Clavia	Nord Lead 2X	Program 4.29	Chameleon	
Clavia	Nord Lead 2X	Program 4.30	Gap Bass	
Clavia	Nord Lead 2X	Program 4.31	Pick Bass	
Clavia	Nord Lead 2X	Program 4.32	Syn Bass #5	
Clavia	Nord Lead 2X	Program 4.33	Octave Mid Bass	
Clavia	Nord Lead 2X	Program 4.34	Banana Rama Bass	
Clavia	Nord Lead 2X	Program 4.35	Syn Bass#6	
Clavia	Nord Lead 2X	Program 4.36	Syn Bass#7	
Clavia	Nord Lead 2X	Program 4.37	Syn Bass#8	
Clavia	Nord Lead 2X	Program 4.38	Syn Bass#9	
Clavia	Nord Lead 2X	Program 4.39	Syn Bass#10	
Clavia	Nord Lead 2X	Program 4.40	Upright Bass	
Clavia	Nord Lead 2X	Program 4.41	Clav#1	
Clavia	Nord Lead 2X	Program 4.42	Clav#2	
Clavia	Nord Lead 2X	Program 4.43	Wurlitzer	
Clavia	Nord Lead 2X	Program 4.44	Separate Ways	
Clavia	Nord Lead 2X	Program 4.45	Syn Brass#1	
Clavia	Nord Lead 2X	Program 4.46	Brite Pad	
Clavia	Nord Lead 2X	Program 4.47	Dark Pad	
Clavia	Nord Lead 2X	Program 4.48	Syn Brass#2	
Clavia	Nord Lead 2X	Program 4.49	Harpsichord	
Clavia	Nord Lead 2X	Program 4.50	Analog Voices	
Clavia	Nord Lead 2X	Program 4.51	Saxophon	
Clavia	Nord Lead 2X	Program 4.52	Elctrosax	
Clavia	Nord Lead 2X	Program 4.53	Elcello	
Clavia	Nord Lead 2X	Program 4.54	Farfisa 2	
Clavia	Nord Lead 2X	Program 4.55	Frankenstein 1	
Clavia	Nord Lead 2X	Program 4.56	Church Organ Flute	
Clavia	Nord Lead 2X	Program 4.57	Syn Brass	
Clavia	Nord Lead 2X	Program 4.58	Brassy Pad	
Clavia	Nord Lead 2X	Program 4.59	Dark Pad	
Clavia	Nord Lead 2X	Program 4.60	Voice Pad	
Clavia	Nord Lead 2X	Program 4.61	Square Pad	
Clavia	Nord Lead 2X	Program 4.62	Vibro Pluck	
Clavia	Nord Lead 2X	Program 4.63	Dreamy	
Clavia	Nord Lead 2X	Program 4.64	Harp	
Clavia	Nord Lead 2X	Program 4.65	Pulse Guitar	
Clavia	Nord Lead 2X	Program 4.66	Pluck Pad	
Clavia	Nord Lead 2X	Program 4.67	Power Chords	
Clavia	Nord Lead 2X	Program 4.68	Stereo Star Cycle	
Clavia	Nord Lead 2X	Program 4.69	Accordian	
Clavia	Nord Lead 2X	Program 4.70	Glassy Pad	
Clavia	Nord Lead 2X	Program 4.71	Octave Pad	
Clavia	Nord Lead 2X	Program 4.72	Frankenstein 2	
Clavia	Nord Lead 2X	Program 4.73	Scoop Pad	
Clavia	Nord Lead 2X	Program 4.74	Ancient Mystery	
Clavia	Nord Lead 2X	Program 4.75	Jan Chords	
Clavia	Nord Lead 2X	Program 4.76	Jump	
Clavia	Nord Lead 2X	Program 4.77	Stereo Bells	
Clavia	Nord Lead 2X	Program 4.78	Ow Pad	
Clavia	Nord Lead 2X	Program 4.79	Electric Parade	
Clavia	Nord Lead 2X	Program 4.80	Gliding 5ths	
Clavia	Nord Lead 2X	Program 4.81	Stereo Bow Bass	
Clavia	Nord Lead 2X	Program 4.82	Stereo Syn Bass#1	
Clavia	Nord Lead 2X	Program 4.83	Stereo Gap Bass	
Clavia	Nord Lead 2X	Program 4.84	Stereo Mid Bass	
Clavia	Nord Lead 2X	Program 4.85	Stereo Syn Bass#2	
Clavia	Nord Lead 2X	Program 4.86	Stereo Syn Bass#3	
Clavia	Nord Lead 2X	Program 4.87	Stereo Syn Bass#4	
Clavia	Nord Lead 2X	Program 4.88	Stereo Syn Bass#5	
Clavia	Nord Lead 2X	Program 4.89	Stereo Star Cycle	
Clavia	Nord Lead 2X	Program 4.90	Wah Wah Pad	
Clavia	Nord Lead 2X	Program 4.91	Indescribable	
Clavia	Nord Lead 2X	Program 4.92	Marimba/vibes	
Clavia	Nord Lead 2X	Program 4.93	Omnious	
Clavia	Nord Lead 2X	Program 4.94	Syn Sax Section	
Clavia	Nord Lead 2X	Program 4.95	Vibro Bass	
Clavia	Nord Lead 2X	Program 4.96	Chorused Syn Clav	
Clavia	Nord Lead 2X	Program 4.97	Church Organ	
Clavia	Nord Lead 2X	Program 4.98	Serious Clik Bass	
Clavia	Nord Lead 2X	Program 4.99	Steel Drums	
Clavia	Nord Lead 2X	Program 5.1	Warm Pad	
Clavia	Nord Lead 2X	Program 5.2	Pastoral	
Clavia	Nord Lead 2X	Program 5.3	Mellow	
Clavia	Nord Lead 2X	Program 5.4	Tremelopad	
Clavia	Nord Lead 2X	Program 5.5	Velopad	
Clavia	Nord Lead 2X	Program 5.6	Metalophon	
Clavia	Nord Lead 2X	Program 5.7	Syncwave	
Clavia	Nord Lead 2X	Program 5.8	Velodream	
Clavia	Nord Lead 2X	Program 5.9	Portamento Pad	
Clavia	Nord Lead 2X	Program 5.10	Bpf Pad	
Clavia	Nord Lead 2X	Program 5.11	Hpf String	
Clavia	Nord Lead 2X	Program 5.12	Tri Arp Pad	
Clavia	Nord Lead 2X	Program 5.13	Soft Fm	
Clavia	Nord Lead 2X	Program 5.14	Moving Texture	
Clavia	Nord Lead 2X	Program 5.15	Hpf Sweep	
Clavia	Nord Lead 2X	Program 5.16	Slow Warm	
Clavia	Nord Lead 2X	Program 5.17	Wah Pad	
Clavia	Nord Lead 2X	Program 5.18	Laser Harp 1	
Clavia	Nord Lead 2X	Program 5.19	Laser Harp 2	
Clavia	Nord Lead 2X	Program 5.20	Bpf Wah Pad	
Clavia	Nord Lead 2X	Program 5.21	Mute Jazz Gt	
Clavia	Nord Lead 2X	Program 5.22	The Thumb	
Clavia	Nord Lead 2X	Program 5.23	High Wahpluck	
Clavia	Nord Lead 2X	Program 5.24	Analog Grand 1	
Clavia	Nord Lead 2X	Program 5.25	Analog Grand 2	
Clavia	Nord Lead 2X	Program 5.26	Analog Grand 3	
Clavia	Nord Lead 2X	Program 5.27	Tinder	
Clavia	Nord Lead 2X	Program 5.28	Feedback Dist	
Clavia	Nord Lead 2X	Program 5.29	Fm Acoustic	
Clavia	Nord Lead 2X	Program 5.30	Dirtlead	
Clavia	Nord Lead 2X	Program 5.31	Jazz Git 2	
Clavia	Nord Lead 2X	Program 5.32	Fonky Fm	
Clavia	Nord Lead 2X	Program 5.33	Hpf Pluck	
Clavia	Nord Lead 2X	Program 5.34	Wandering Sync	
Clavia	Nord Lead 2X	Program 5.35	Sweller	
Clavia	Nord Lead 2X	Program 5.36	Love String	
Clavia	Nord Lead 2X	Program 5.37	Unstable	
Clavia	Nord Lead 2X	Program 5.38	P String	
Clavia	Nord Lead 2X	Program 5.39	Square Sweep	
Clavia	Nord Lead 2X	Program 5.40	Hi Velo Sweep	
Clavia	Nord Lead 2X	Program 5.41	Velotremulator	
Clavia	Nord Lead 2X	Program 5.42	Blue Lylac	
Clavia	Nord Lead 2X	Program 5.43	Slow Horn	
Clavia	Nord Lead 2X	Program 5.44	Subdued Brass	
Clavia	Nord Lead 2X	Program 5.45	Bpf Strings	
Clavia	Nord Lead 2X	Program 5.46	Sine Pad	
Clavia	Nord Lead 2X	Program 5.47	Koto	
Clavia	Nord Lead 2X	Program 5.48	Woodblock	
Clavia	Nord Lead 2X	Program 5.49	Harp	
Clavia	Nord Lead 2X	Program 5.50	Space Wave	
Clavia	Nord Lead 2X	Program 5.51	Fat Clav	
Clavia	Nord Lead 2X	Program 5.52	Octave Clav	
Clavia	Nord Lead 2X	Program 5.53	Bpf Clav	
Clavia	Nord Lead 2X	Program 5.54	Fm Clav	
Clavia	Nord Lead 2X	Program 5.55	Hollow Fm Ep	
Clavia	Nord Lead 2X	Program 5.56	Musette In F	
Clavia	Nord Lead 2X	Program 5.57	Fm Clav2	
Clavia	Nord Lead 2X	Program 5.58	Wah Clav	
Clavia	Nord Lead 2X	Program 5.59	Veloclav	
Clavia	Nord Lead 2X	Program 5.60	Sticky Clav	
Clavia	Nord Lead 2X	Program 5.61	Analog Clav	
Clavia	Nord Lead 2X	Program 5.62	12 String Clav	
Clavia	Nord Lead 2X	Program 5.63	Square Piano	
Clavia	Nord Lead 2X	Program 5.64	Nasty Drawbar	
Clavia	Nord Lead 2X	Program 5.65	Tine Ep	
Clavia	Nord Lead 2X	Program 5.66	Raw Clav	
Clavia	Nord Lead 2X	Program 5.67	Hickup Organ	
Clavia	Nord Lead 2X	Program 5.68	Sync Organ	
Clavia	Nord Lead 2X	Program 5.69	Voco	
Clavia	Nord Lead 2X	Program 5.70	Thin String	
Clavia	Nord Lead 2X	Program 5.71	Double Attack Cello	
Clavia	Nord Lead 2X	Program 5.72	Pwm Arco	
Clavia	Nord Lead 2X	Program 5.73	Wheel Cello	
Clavia	Nord Lead 2X	Program 5.74	Please Stop	
Clavia	Nord Lead 2X	Program 5.75	Amb Zitar	
Clavia	Nord Lead 2X	Program 5.76	Dx7	
Clavia	Nord Lead 2X	Program 5.77	Noise Ball	
Clavia	Nord Lead 2X	Program 5.78	Tick	
Clavia	Nord Lead 2X	Program 5.79	Chirp	
Clavia	Nord Lead 2X	Program 5.80	Noisy Metal	
Clavia	Nord Lead 2X	Program 5.81	Snap Attack	
Clavia	Nord Lead 2X	Program 5.82	Sq Click	
Clavia	Nord Lead 2X	Program 5.83	Tri Vel Click	
Clavia	Nord Lead 2X	Program 5.84	Cowbell	
Clavia	Nord Lead 2X	Program 5.85	Hi Irregular	
Clavia	Nord Lead 2X	Program 5.86	Rez	
Clavia	Nord Lead 2X	Program 5.87	High Strung Fm	
Clavia	Nord Lead 2X	Program 5.88	Scifi Snap	
Clavia	Nord Lead 2X	Program 5.89	Tight Lips	
Clavia	Nord Lead 2X	Program 5.90	Thin Tin	
Clavia	Nord Lead 2X	Program 5.91	Pulse 5th	
Clavia	Nord Lead 2X	Program 5.92	Det.saw	
Clavia	Nord Lead 2X	Program 5.93	Wheel Pw	
Clavia	Nord Lead 2X	Program 5.94	Octave Tri	
Clavia	Nord Lead 2X	Program 5.95	China	
Clavia	Nord Lead 2X	Program 5.96	Dx7 2	
Clavia	Nord Lead 2X	Program 5.97	Home Organ	
Clavia	Nord Lead 2X	Program 5.98	Metal Voice	
Clavia	Nord Lead 2X	Program 5.99	Steel	
Clavia	Nord Lead 2X	Program 6.1	Unison Velo	
Clavia	Nord Lead 2X	Program 6.2	Flat Clic	
Clavia	Nord Lead 2X	Program 6.3	Filter Bass	
Clavia	Nord Lead 2X	Program 6.4	Fm Square	
Clavia	Nord Lead 2X	Program 6.5	Fm Square Reso	
Clavia	Nord Lead 2X	Program 6.6	Sub Osc	
Clavia	Nord Lead 2X	Program 6.7	Straight Sub Wheel	
Clavia	Nord Lead 2X	Program 6.8	Fretless	
Clavia	Nord Lead 2X	Program 6.9	Unison Click	
Clavia	Nord Lead 2X	Program 6.10	Knorr Lfo	
Clavia	Nord Lead 2X	Program 6.11	Wah Mix	
Clavia	Nord Lead 2X	Program 6.12	Bpf	
Clavia	Nord Lead 2X	Program 6.13	Vibrator	
Clavia	Nord Lead 2X	Program 6.14	Straight Knorr	
Clavia	Nord Lead 2X	Program 6.15	Eg Knorr	
Clavia	Nord Lead 2X	Program 6.16	Reso Square	
Clavia	Nord Lead 2X	Program 6.17	Oddysey Tuba	
Clavia	Nord Lead 2X	Program 6.18	Shortmuffled	
Clavia	Nord Lead 2X	Program 6.19	Hard Velo Wah	
Clavia	Nord Lead 2X	Program 6.20	Rubber Bass	
Clavia	Nord Lead 2X	Program 6.21	Clic Bass	
Clavia	Nord Lead 2X	Program 6.22	Fusion Bass	
Clavia	Nord Lead 2X	Program 6.23	Raw Bass	
Clavia	Nord Lead 2X	Program 6.24	Fm Attack Bass	
Clavia	Nord Lead 2X	Program 6.25	Scratch Bass	
Clavia	Nord Lead 2X	Program 6.26	Harmonix Bass	
Clavia	Nord Lead 2X	Program 6.27	Tine Bass	
Clavia	Nord Lead 2X	Program 6.28	Chirpy Bass	
Clavia	Nord Lead 2X	Program 6.29	Ultrafat	
Clavia	Nord Lead 2X	Program 6.30	Round Bottom	
Clavia	Nord Lead 2X	Program 6.31	Ob Bass	
Clavia	Nord Lead 2X	Program 6.32	Reso Bass	
Clavia	Nord Lead 2X	Program 6.33	Triangle Bass	
Clavia	Nord Lead 2X	Program 6.34	Velo Pulse	
Clavia	Nord Lead 2X	Program 6.35	Hpf Bass	
Clavia	Nord Lead 2X	Program 6.36	Bpf Disco Bass	
Clavia	Nord Lead 2X	Program 6.37	Fx Tri Low Byte	
Clavia	Nord Lead 2X	Program 6.38	Attack Jazz	
Clavia	Nord Lead 2X	Program 6.39	Sticky	
Clavia	Nord Lead 2X	Program 6.40	Rev Freak	
Clavia	Nord Lead 2X	Program 6.41	Reso Buzz	
Clavia	Nord Lead 2X	Program 6.42	Classic Sawbass	
Clavia	Nord Lead 2X	Program 6.43	Gritty Baryton	
Clavia	Nord Lead 2X	Program 6.44	Snapwah	
Clavia	Nord Lead 2X	Program 6.45	Bow Bass	
Clavia	Nord Lead 2X	Program 6.46	Timp Bass	
Clavia	Nord Lead 2X	Program 6.47	Maine Theme	
Clavia	Nord Lead 2X	Program 6.48	Velofifth	
Clavia	Nord Lead 2X	Program 6.49	Velodecay	
Clavia	Nord Lead 2X	Program 6.50	Wirebass	
Clavia	Nord Lead 2X	Program 6.51	Scream Reed	
Clavia	Nord Lead 2X	Program 6.52	Strung Lead	
Clavia	Nord Lead 2X	Program 6.53	Ethnoreed	
Clavia	Nord Lead 2X	Program 6.54	Fluty	
Clavia	Nord Lead 2X	Program 6.55	Raunch Fm	
Clavia	Nord Lead 2X	Program 6.56	Solo Lylac	
Clavia	Nord Lead 2X	Program 6.57	Chiba Flute	
Clavia	Nord Lead 2X	Program 6.58	Sync Trumpet	
Clavia	Nord Lead 2X	Program 6.59	Trombone	
Clavia	Nord Lead 2X	Program 6.60	Whooly Wah	
Clavia	Nord Lead 2X	Program 6.61	Spit Sync	
Clavia	Nord Lead 2X	Program 6.62	Stelth Triangle	
Clavia	Nord Lead 2X	Program 6.63	Velo Winner	
Clavia	Nord Lead 2X	Program 6.64	Fifth	
Clavia	Nord Lead 2X	Program 6.65	Oriental	
Clavia	Nord Lead 2X	Program 6.66	Hpf Square	
Clavia	Nord Lead 2X	Program 6.67	Nerd Sync	
Clavia	Nord Lead 2X	Program 6.68	Portasquare	
Clavia	Nord Lead 2X	Program 6.69	Crazy Chicken	
Clavia	Nord Lead 2X	Program 6.70	Slow Fm	
Clavia	Nord Lead 2X	Program 6.71	Hard Sync Lead	
Clavia	Nord Lead 2X	Program 6.72	Stiff Wah	
Clavia	Nord Lead 2X	Program 6.73	Pick Lead	
Clavia	Nord Lead 2X	Program 6.74	Rev Weed	
Clavia	Nord Lead 2X	Program 6.75	Claro	
Clavia	Nord Lead 2X	Program 6.76	Mellow Legato	
Clavia	Nord Lead 2X	Program 6.77	Thin Wah Legato	
Clavia	Nord Lead 2X	Program 6.78	Thin Legato	
Clavia	Nord Lead 2X	Program 6.79	Gargle	
Clavia	Nord Lead 2X	Program 6.80	Fat Velo	
Clavia	Nord Lead 2X	Program 6.81	Lyricon	
Clavia	Nord Lead 2X	Program 6.82	Square Legato	
Clavia	Nord Lead 2X	Program 6.83	Desert	
Clavia	Nord Lead 2X	Program 6.84	Flute	
Clavia	Nord Lead 2X	Program 6.85	Calliope	
Clavia	Nord Lead 2X	Program 6.86	Wah Lead	
Clavia	Nord Lead 2X	Program 6.87	Classic Saw	
Clavia	Nord Lead 2X	Program 6.88	Classic Pulse	
Clavia	Nord Lead 2X	Program 6.89	Classic Square	
Clavia	Nord Lead 2X	Program 6.90	Humming Bird	
Clavia	Nord Lead 2X	Program 6.91	Attack Sync	
Clavia	Nord Lead 2X	Program 6.92	Girls & Boys	
Clavia	Nord Lead 2X	Program 6.93	Manual Sync	
Clavia	Nord Lead 2X	Program 6.94	Slomo Legato	
Clavia	Nord Lead 2X	Program 6.95	Blues Harp	
Clavia	Nord Lead 2X	Program 6.96	Cool Square	
Clavia	Nord Lead 2X	Program 6.97	Cyberfiddle	
Clavia	Nord Lead 2X	Program 6.98	Soft Cream	
Clavia	Nord Lead 2X	Program 6.99	Syncvoice	
Clavia	Nord Lead 2X	Program 7.1	Velo Autobend	
Clavia	Nord Lead 2X	Program 7.2	Fat Wah	
Clavia	Nord Lead 2X	Program 7.3	Velo Bppf Sq	
Clavia	Nord Lead 2X	Program 7.4	Growl Wah	
Clavia	Nord Lead 2X	Program 7.5	Poly Sync	
Clavia	Nord Lead 2X	Program 7.6	Fm Wah	
Clavia	Nord Lead 2X	Program 7.7	Ny	
Clavia	Nord Lead 2X	Program 7.8	Hollow Hack	
Clavia	Nord Lead 2X	Program 7.9	Bpf Arco	
Clavia	Nord Lead 2X	Program 7.10	Bpf Slapper	
Clavia	Nord Lead 2X	Program 7.11	Filter Funk	
Clavia	Nord Lead 2X	Program 7.12	Wobbler	
Clavia	Nord Lead 2X	Program 7.13	Fm Wah Slap	
Clavia	Nord Lead 2X	Program 7.14	Juicy Organ	
Clavia	Nord Lead 2X	Program 7.15	Click Organ	
Clavia	Nord Lead 2X	Program 7.16	Perc	
Clavia	Nord Lead 2X	Program 7.17	Italian Organ	
Clavia	Nord Lead 2X	Program 7.18	Fm Organ	
Clavia	Nord Lead 2X	Program 7.19	Fm Jazz Organ	
Clavia	Nord Lead 2X	Program 7.20	Wah Organ	
Clavia	Nord Lead 2X	Program 7.21	Hard Release	
Clavia	Nord Lead 2X	Program 7.22	Metal Kalimba	
Clavia	Nord Lead 2X	Program 7.23	Fm Harpo	
Clavia	Nord Lead 2X	Program 7.24	Velo Triangle	
Clavia	Nord Lead 2X	Program 7.25	Flute Harp	
Clavia	Nord Lead 2X	Program 7.26	Spacebell	
Clavia	Nord Lead 2X	Program 7.27	Fade Harp	
Clavia	Nord Lead 2X	Program 7.28	Swell Pan	
Clavia	Nord Lead 2X	Program 7.29	Clicky Bell	
Clavia	Nord Lead 2X	Program 7.30	Warm Plunk	
Clavia	Nord Lead 2X	Program 7.31	Sustained Ep	
Clavia	Nord Lead 2X	Program 7.32	Octave Ep	
Clavia	Nord Lead 2X	Program 7.33	Sync Ep1	
Clavia	Nord Lead 2X	Program 7.34	Sync Ep2	
Clavia	Nord Lead 2X	Program 7.35	Hollow Ep	
Clavia	Nord Lead 2X	Program 7.36	Triangle Ep	
Clavia	Nord Lead 2X	Program 7.37	Tri Click Organ	
Clavia	Nord Lead 2X	Program 7.38	Dance Organ	
Clavia	Nord Lead 2X	Program 7.39	Omnipulse	
Clavia	Nord Lead 2X	Program 7.40	Spit Bass	
Clavia	Nord Lead 2X	Program 7.41	Fm Attack Brass	
Clavia	Nord Lead 2X	Program 7.42	Det.attack Brass	
Clavia	Nord Lead 2X	Program 7.43	Bpf Brass	
Clavia	Nord Lead 2X	Program 7.44	Jump Brass	
Clavia	Nord Lead 2X	Program 7.45	Slap Brass	
Clavia	Nord Lead 2X	Program 7.46	Round Fm Horns	
Clavia	Nord Lead 2X	Program 7.47	Warm Fm Brass	
Clavia	Nord Lead 2X	Program 7.48	Octave Brass	
Clavia	Nord Lead 2X	Program 7.49	Gritty Sync	
Clavia	Nord Lead 2X	Program 7.50	5th Square	
Clavia	Nord Lead 2X	Program 7.51	Harpeggio	
Clavia	Nord Lead 2X	Program 7.52	Horror Industry	
Clavia	Nord Lead 2X	Program 7.53	Code Burst	
Clavia	Nord Lead 2X	Program 7.54	Random	
Clavia	Nord Lead 2X	Program 7.55	Not Fm	
Clavia	Nord Lead 2X	Program 7.56	Giant Step	
Clavia	Nord Lead 2X	Program 7.57	Wah Arpeg	
Clavia	Nord Lead 2X	Program 7.58	Fm Rise Wave	
Clavia	Nord Lead 2X	Program 7.59	Weird Triad	
Clavia	Nord Lead 2X	Program 7.60	Ductosnore	
Clavia	Nord Lead 2X	Program 7.61	Vibes	
Clavia	Nord Lead 2X	Program 7.62	Tremelo Bell	
Clavia	Nord Lead 2X	Program 7.63	Swell Bell	
Clavia	Nord Lead 2X	Program 7.64	Steelpan	
Clavia	Nord Lead 2X	Program 7.65	Long Bell	
Clavia	Nord Lead 2X	Program 7.66	Ringer	
Clavia	Nord Lead 2X	Program 7.67	Xylo	
Clavia	Nord Lead 2X	Program 7.68	Combo Organ -64	
Clavia	Nord Lead 2X	Program 7.69	Combo Organ -65	
Clavia	Nord Lead 2X	Program 7.70	Zythar	
Clavia	Nord Lead 2X	Program 7.71	Saxy Basson	
Clavia	Nord Lead 2X	Program 7.72	Analog Brass	
Clavia	Nord Lead 2X	Program 7.73	Echo	
Clavia	Nord Lead 2X	Program 7.74	Distlead	
Clavia	Nord Lead 2X	Program 7.75	Wah Funk	
Clavia	Nord Lead 2X	Program 7.76	Analog Grand 6?	
Clavia	Nord Lead 2X	Program 7.77	Bars	
Clavia	Nord Lead 2X	Program 7.78	Sax	
Clavia	Nord Lead 2X	Program 7.79	Tremelo 1	
Clavia	Nord Lead 2X	Program 7.80	Tremelo 2	
Clavia	Nord Lead 2X	Program 7.81	Ethno Perc	
Clavia	Nord Lead 2X	Program 7.82	Thunder Machine	
Clavia	Nord Lead 2X	Program 7.83	Freak Jingle	
Clavia	Nord Lead 2X	Program 7.84	Noisy Snare	
Clavia	Nord Lead 2X	Program 7.85	Syntom	
Clavia	Nord Lead 2X	Program 7.86	Bubbledrum	
Clavia	Nord Lead 2X	Program 7.87	Noise Tom	
Clavia	Nord Lead 2X	Program 7.88	Repet	
Clavia	Nord Lead 2X	Program 7.89	Mockingbird	
Clavia	Nord Lead 2X	Program 7.90	Smelly	
Clavia	Nord Lead 2X	Program 7.91	Small Animals	
Clavia	Nord Lead 2X	Program 7.92	Small Ghosts	
Clavia	Nord Lead 2X	Program 7.93	Bubbles	
Clavia	Nord Lead 2X	Program 7.94	Aiyaa!	
Clavia	Nord Lead 2X	Program 7.95	Glassharmonium	
Clavia	Nord Lead 2X	Program 7.96	Sunrise	
Clavia	Nord Lead 2X	Program 7.97	Fmbell	
Clavia	Nord Lead 2X	Program 7.98	Slow/fast Wah	
Clavia	Nord Lead 2X	Program 7.99	Whellmorpher	
Clavia	Nord Lead 2X	Program 8.1	Prowler Bass	
Clavia	Nord Lead 2X	Program 8.2	Aurora Borealis	
Clavia	Nord Lead 2X	Program 8.3	Crisp-n-Snappy Bass	
Clavia	Nord Lead 2X	Program 8.4	Crisp-n-Dark Bass	
Clavia	Nord Lead 2X	Program 8.5	Snappy Attack Bass	
Clavia	Nord Lead 2X	Program 8.6	Dark-n-Funky Bass	
Clavia	Nord Lead 2X	Program 8.7	RUDE Bass	
Clavia	Nord Lead 2X	Program 8.8	Euro/Disco Bass	
Clavia	Nord Lead 2X	Program 8.9	Velo-Edge Bass	
Clavia	Nord Lead 2X	Program 8.10	Skip's Dark Bass	
Clavia	Nord Lead 2X	Program 8.11	Secret Mission Bass	
Clavia	Nord Lead 2X	Program 8.12	ResoRave Bass	
Clavia	Nord Lead 2X	Program 8.13	Solid Snap Bass	
Clavia	Nord Lead 2X	Program 8.14	Fun with Wheel Bass	
Clavia	Nord Lead 2X	Program 8.15	Solid Cracker Bass	
Clavia	Nord Lead 2X	Program 8.16	Mild Buzz Bass	
Clavia	Nord Lead 2X	Program 8.17	Wonder Bass	
Clavia	Nord Lead 2X	Program 8.18	Stereo Square Bass	
Clavia	Nord Lead 2X	Program 8.19	Phunky Chunky Bass	
Clavia	Nord Lead 2X	Program 8.20	Happy Clavi Bass	
Clavia	Nord Lead 2X	Program 8.21	Hybrid Piano Pad	
Clavia	Nord Lead 2X	Program 8.22	Notchy Psycho	
Clavia	Nord Lead 2X	Program 8.23	Soft Square Pad	
Clavia	Nord Lead 2X	Program 8.24	Bowed String Ensemble	
Clavia	Nord Lead 2X	Program 8.25	Solo Violin	
Clavia	Nord Lead 2X	Program 8.26	Solo Cello	
Clavia	Nord Lead 2X	Program 8.27	Phunky Street Reso-Lead	
Clavia	Nord Lead 2X	Program 8.28	Sustain Pluck	
Clavia	Nord Lead 2X	Program 8.29	Dirty Sine Pad	
Clavia	Nord Lead 2X	Program 8.30	Slave Pad	
Clavia	Nord Lead 2X	Program 8.31	Snappy Mello Synth	
Clavia	Nord Lead 2X	Program 8.32	Super Stereo Synth Brass	
Clavia	Nord Lead 2X	Program 8.33	Stab Synth	
Clavia	Nord Lead 2X	Program 8.34	Knocky Electric Piano	
Clavia	Nord Lead 2X	Program 8.35	Stereo Synth String Pad	
Clavia	Nord Lead 2X	Program 8.36	Delicate Bell	
Clavia	Nord Lead 2X	Program 8.37	Noisy Bell	
Clavia	Nord Lead 2X	Program 8.38	Alubasium	
Clavia	Nord Lead 2X	Program 8.39	Mr.Killer Synth Lead/Bass	
Clavia	Nord Lead 2X	Program 8.40	Super Secret(!) Filter Pad	
Clavia	Nord Lead 2X	Program 8.41	Tea five	
Clavia	Nord Lead 2X	Program 8.42	PWM Repeat Pad	
Clavia	Nord Lead 2X	Program 8.43	SAW Rap Lead	
Clavia	Nord Lead 2X	Program 8.44	TRI Rap Lead	
Clavia	Nord Lead 2X	Program 8.45	Attackforce	
Clavia	Nord Lead 2X	Program 8.46	Scritty Nitty	
Clavia	Nord Lead 2X	Program 8.47	Happy Res Popper	
Clavia	Nord Lead 2X	Program 8.48	BPFilter Funky Velo Clav	
Clavia	Nord Lead 2X	Program 8.49	Obi 1 kenobi	
Clavia	Nord Lead 2X	Program 8.50	Idaho Snow Pad	
Clavia	Nord Lead 2X	Program 8.51	Slow Soft String Pad	
Clavia	Nord Lead 2X	Program 8.52	Purple Pad	
Clavia	Nord Lead 2X	Program 8.53	Pointed Triangles	
Clavia	Nord Lead 2X	Program 8.54	Jazz Guitar	
Clavia	Nord Lead 2X	Program 8.55	Slowly in Sync Pad	
Clavia	Nord Lead 2X	Program 8.56	***Only for Techno***	
Clavia	Nord Lead 2X	Program 8.57	Harmonisis Pad	
Clavia	Nord Lead 2X	Program 8.58	Funky Piano	
Clavia	Nord Lead 2X	Program 8.59	Ocean Sunrise (5th. Pad)	
Clavia	Nord Lead 2X	Program 8.60	Sci-Fi Notch Pad	
Clavia	Nord Lead 2X	Program 8.61	Mono Clav with Sustain	
Clavia	Nord Lead 2X	Program 8.62	Chubby Pad	
Clavia	Nord Lead 2X	Program 8.63	Soft Pluck Bell	
Clavia	Nord Lead 2X	Program 8.64	Old Organ w/ Rotary Sp	
Clavia	Nord Lead 2X	Program 8.65	Older Organ w/ Rotary Sp	
Clavia	Nord Lead 2X	Program 8.66	Slow Growing Pad	
Clavia	Nord Lead 2X	Program 8.67	Cricket Pad	
Clavia	Nord Lead 2X	Program 8.68	Meep meep	
Clavia	Nord Lead 2X	Program 8.69	Delay Techno Res	
Clavia	Nord Lead 2X	Program 8.70	Delay Synth Bass	
Clavia	Nord Lead 2X	Program 8.71	Delay Techno Squares	
Clavia	Nord Lead 2X	Program 8.72	Delay Future Square	
Clavia	Nord Lead 2X	Program 8.73	Delay Notch Sawtooth	
Clavia	Nord Lead 2X	Program 8.74	Delay NIGHTMARE	
Clavia	Nord Lead 2X	Program 8.75	Delay Noises 1	
Clavia	Nord Lead 2X	Program 8.76	Delay Noises 2	
Clavia	Nord Lead 2X	Program 8.77	Delay Noises 3	
Clavia	Nord Lead 2X	Program 8.78	Delay Res Sawtooth	
Clavia	Nord Lead 2X	Program 8.79	Tuned Resonance Pad 2	
Clavia	Nord Lead 2X	Program 8.80	Monster Lead Saw	
Clavia	Nord Lead 2X	Program 8.81	Monster Lead Square	
Clavia	Nord Lead 2X	Program 8.82	Pheabee	
Clavia	Nord Lead 2X	Program 8.83	Alien Wind	
Clavia	Nord Lead 2X	Program 8.84	Velocity Res Synth	
Clavia	Nord Lead 2X	Program 8.85	Arppegiated Reso	
Clavia	Nord Lead 2X	Program 8.86	Arppegiated Square	
Clavia	Nord Lead 2X	Program 8.87	Arppegiated Velo Bass	
Clavia	Nord Lead 2X	Program 8.88	Aggrevated S&H	
Clavia	Nord Lead 2X	Program 8.89	Strike&Wait	
Clavia	Nord Lead 2X	Program 8.90	Velocity HiHat 1	
Clavia	Nord Lead 2X	Program 8.91	Velocity HiHat 2	
Clavia	Nord Lead 2X	Program 8.92	Velocity HiHat 3	
Clavia	Nord Lead 2X	Program 8.93	Velocity HiHat 4	
Clavia	Nord Lead 2X	Program 8.94	Velocity HiHat 5	
Clavia	Nord Lead 2X	Program 8.95	Snappy Tuned Res	
Clavia	Nord Lead 2X	Program 8.96	Noize Snare	
Clavia	Nord Lead 2X	Program 8.97	909 Kick 1 (C3)	
Clavia	Nord Lead 2X	Program 8.98	909 Kick 2	
Clavia	Nord Lead 2X	Program 8.99	909 Kick 3	
Clavia	Nord Lead 2X	Program 9.1	FlangeBass	
Clavia	Nord Lead 2X	Program 9.2	Razorblade	
Clavia	Nord Lead 2X	Program 9.3	Flageocello	
Clavia	Nord Lead 2X	Program 9.4	Syncopathy	
Clavia	Nord Lead 2X	Program 9.5	Morphyne	
Clavia	Nord Lead 2X	Program 9.6	Bruss	
Clavia	Nord Lead 2X	Program 9.7	Puncher	
Clavia	Nord Lead 2X	Program 9.8	Leader	
Clavia	Nord Lead 2X	Program 9.9	Kraftwerk	
Clavia	Nord Lead 2X	Program 9.10	Monsta	
Clavia	Nord Lead 2X	Program 9.11	Yupita	
Clavia	Nord Lead 2X	Program 9.12	Zzzing	
Clavia	Nord Lead 2X	Program 9.13	Cellizm	
Clavia	Nord Lead 2X	Program 9.14	Morphorgan	
Clavia	Nord Lead 2X	Program 9.15	Diva	
Clavia	Nord Lead 2X	Program 9.16	Scritty Gritty	
Clavia	Nord Lead 2X	Program 9.17	Velocello	
Clavia	Nord Lead 2X	Program 9.18	Himalaya	
Clavia	Nord Lead 2X	Program 9.19	Speakalead	
Clavia	Nord Lead 2X	Program 9.20	Delayline	
Clavia	Nord Lead 2X	Program 9.21	Simplebars	
Clavia	Nord Lead 2X	Program 9.22	Motor	
Clavia	Nord Lead 2X	Program 9.23	TB-Morph	
Clavia	Nord Lead 2X	Program 9.24	Subtone	
Clavia	Nord Lead 2X	Program 9.25	Nohat	
Clavia	Nord Lead 2X	Program 9.26	Footclap	
Clavia	Nord Lead 2X	Program 9.27	Pulsyboy	
Clavia	Nord Lead 2X	Program 9.28	TimeSquare	
Clavia	Nord Lead 2X	Program 9.29	Resomorph	
Clavia	Nord Lead 2X	Program 9.30	PitchaPad	
Clavia	Nord Lead 2X	Program 9.31	Multimoog	
Clavia	Nord Lead 2X	Program 9.32	DefinerBass	
Clavia	Nord Lead 2X	Program 9.33	NastySeq	
Clavia	Nord Lead 2X	Program 9.34	Pupi	
Clavia	Nord Lead 2X	Program 9.35	JuiciPulse	
Clavia	Nord Lead 2X	Program 9.36	BantuNoizz	
Clavia	Nord Lead 2X	Program 9.37	Teabea	
Clavia	Nord Lead 2X	Program 9.38	RoadReed	
Clavia	Nord Lead 2X	Program 9.39	RoadTone	
Clavia	Nord Lead 2X	Program 9.40	BumbleBees	
Clavia	Nord Lead 2X	Program 9.41	TynDrum	
Clavia	Nord Lead 2X	Program 9.42	Moogger	
Clavia	Nord Lead 2X	Program 9.43	NerveBazz	
Clavia	Nord Lead 2X	Program 9.44	NotNice	
Clavia	Nord Lead 2X	Program 9.45	BigBoy	
Clavia	Nord Lead 2X	Program 9.46	Hardwurz	
Clavia	Nord Lead 2X	Program 9.47	MMEB	
Clavia	Nord Lead 2X	Program 9.48	Brednbutta	
Clavia	Nord Lead 2X	Program 9.49	Syncalong	
Clavia	Nord Lead 2X	Program 9.50	Zumpal	
Clavia	Nord Lead 2X	Program 9.51	SubWheel	
Clavia	Nord Lead 2X	Program 9.52	Idontlike	
Clavia	Nord Lead 2X	Program 9.53	Impressor	
Clavia	Nord Lead 2X	Program 9.54	Morphium	
Clavia	Nord Lead 2X	Program 9.55	Discofat	
Clavia	Nord Lead 2X	Program 9.56	Disturbor	
Clavia	Nord Lead 2X	Program 9.57	Frogdelay	
Clavia	Nord Lead 2X	Program 9.58	Padigree	
Clavia	Nord Lead 2X	Program 9.59	Show-off	
Clavia	Nord Lead 2X	Program 9.60	Popular	
Clavia	Nord Lead 2X	Program 9.61	Bladerunner	
Clavia	Nord Lead 2X	Program 9.62	Ham and X	
Clavia	Nord Lead 2X	Program 9.63	Rockamoog	
Clavia	Nord Lead 2X	Program 9.64	WorldWar	
Clavia	Nord Lead 2X	Program 9.65	Simplseq	
Clavia	Nord Lead 2X	Program 9.66	Noizzpecker	
Clavia	Nord Lead 2X	Program 9.67	Nervouzz	
Clavia	Nord Lead 2X	Program 9.68	Harpoon	
Clavia	Nord Lead 2X	Program 9.69	Delayla	
Clavia	Nord Lead 2X	Program 9.70	Conventor	
Clavia	Nord Lead 2X	Program 9.71	Schumi	
Clavia	Nord Lead 2X	Program 9.72	Ravor	
Clavia	Nord Lead 2X	Program 9.73	Pulsebee	
Clavia	Nord Lead 2X	Program 9.74	U97	
Clavia	Nord Lead 2X	Program 9.75	Cavechant	
Clavia	Nord Lead 2X	Program 9.76	Big hand	
Clavia	Nord Lead 2X	Program 9.77	Alllaaaarrrm	
Clavia	Nord Lead 2X	Program 9.78	Propella	
Clavia	Nord Lead 2X	Program 9.79	Atmosfear	
Clavia	Nord Lead 2X	Program 9.80	Vibeggiator	
Clavia	Nord Lead 2X	Program 9.81	Vintager	
Clavia	Nord Lead 2X	Program 9.82	Wheelraiz	
Clavia	Nord Lead 2X	Program 9.83	Yazza	
Clavia	Nord Lead 2X	Program 9.84	Strumma	
Clavia	Nord Lead 2X	Program 9.85	ClaviGum	
Clavia	Nord Lead 2X	Program 9.86	ClaviBass	
Clavia	Nord Lead 2X	Program 9.87	VanOrgan	
Clavia	Nord Lead 2X	Program 9.88	Squonk	
Clavia	Nord Lead 2X	Program 9.89	Cymbell	
Clavia	Nord Lead 2X	Program 9.90	Vinylation	
Clavia	Nord Lead 2X	Program 9.91	SciFifi	
Clavia	Nord Lead 2X	Program 9.92	Ueeeeel	
Clavia	Nord Lead 2X	Program 9.93	CompuBird	
Clavia	Nord Lead 2X	Program 9.94	Nicebeach	
Clavia	Nord Lead 2X	Program 9.95	ReeVerb	
Clavia	Nord Lead 2X	Program 9.96	Blondes	
Clavia	Nord Lead 2X	Program 9.97	Extream	
Clavia	Nord Lead 2X	Program 9.98	Take Care	
Clavia	Nord Lead 2X	Program 9.99	Softie	
Clavia	Nord Lead 2X	Percussion Kit P0	Synth Kit 0	
Clavia	Nord Lead 2X	Percussion Kit P1	Synth Kit 1	
Clavia	Nord Lead 2X	Percussion Kit P2	Synth Kit 2	
Clavia	Nord Lead 2X	Percussion Kit P3	Synth Kit 3	
Clavia	Nord Lead 2X	Percussion Kit P4	Synth Kit 4	
Clavia	Nord Lead 2X	Percussion Kit P5	Synth Kit 5	
Clavia	Nord Lead 2X	Percussion Kit P6	Synth Kit 6	
Clavia	Nord Lead 2X	Percussion Kit P7	Synth Kit 7	
Clavia	Nord Lead 2X	Percussion Kit P8	Synth Kit 8	
Clavia	Nord Lead 2X	Percussion Kit P9	Synth Kit 9	
Clavia	Nord Lead 2X	Percussion Kit 1.P0	Synth Kit 10	
Clavia	Nord Lead 2X	Percussion Kit 1.P1	Synth Kit 11	
Clavia	Nord Lead 2X	Percussion Kit 1.P2	Synth Kit 12	
Clavia	Nord Lead 2X	Percussion Kit 1.P3	Synth Kit 13	
Clavia	Nord Lead 2X	Percussion Kit 1.P4	Synth Kit 14	
Clavia	Nord Lead 2X	Percussion Kit 1.P5	Synth Kit 15	
Clavia	Nord Lead 2X	Percussion Kit 1.P6	Synth Kit 16	
Clavia	Nord Lead 2X	Percussion Kit 1.P7	Synth Kit 17	
Clavia	Nord Lead 2X	Percussion Kit 1.P8	Synth Kit 18	
Clavia	Nord Lead 2X	Percussion Kit 1.P9	Synth Kit 19	
Clavia	Nord Lead 2X	Percussion Kit 2.P0	Synth Kit 20	
Clavia	Nord Lead 2X	Percussion Kit 2.P1	Synth Kit 21	
Clavia	Nord Lead 2X	Percussion Kit 2.P2	Synth Kit 22	
Clavia	Nord Lead 2X	Percussion Kit 2.P3	Synth Kit 23	
Clavia	Nord Lead 2X	Percussion Kit 2.P4	Synth Kit 24	
Clavia	Nord Lead 2X	Percussion Kit 2.P5	Synth Kit 25	
Clavia	Nord Lead 2X	Percussion Kit 2.P6	Synth Kit 26	
Clavia	Nord Lead 2X	Percussion Kit 2.P7	Synth Kit 27	
Clavia	Nord Lead 2X	Percussion Kit 2.P8	Synth Kit 28	
Clavia	Nord Lead 2X	Percussion Kit 2.P9	Synth Kit 29	
Clavia	Nord Lead 2X	Percussion Kit 3.P0	Synth Kit 30	
Clavia	Nord Lead 2X	Percussion Kit 3.P1	Synth Kit 31	
Clavia	Nord Lead 2X	Percussion Kit 3.P2	Synth Kit 32	
Clavia	Nord Lead 2X	Percussion Kit 3.P3	Synth Kit 33	
Clavia	Nord Lead 2X	Percussion Kit 3.P4	Synth Kit 34	
Clavia	Nord Lead 2X	Percussion Kit 3.P5	Synth Kit 35	
Clavia	Nord Lead 2X	Percussion Kit 3.P6	Synth Kit 36	
Clavia	Nord Lead 2X	Percussion Kit 3.P7	Synth Kit 37	
Clavia	Nord Lead 2X	Percussion Kit 3.P8	Synth Kit 38	
Clavia	Nord Lead 2X	Percussion Kit 3.P9	Synth Kit 39	
Clavia	Nord Lead 2X	Performance A0	Arpaddio	
Clavia	Nord Lead 2X	Performance A1	Slow Huge Mono Lead	
Clavia	Nord Lead 2X	Performance A2	Tri Bounce Pad	
Clavia	Nord Lead 2X	Performance A3	Round Techno Bass	
Clavia	Nord Lead 2X	Performance A4	Terminated - MIX 3	
Clavia	Nord Lead 2X	Performance A5	Alien Walking-MIX 1	
Clavia	Nord Lead 2X	Performance A6	FutureSYNC - MIX 1	
Clavia	Nord Lead 2X	Performance A7	Synth Grand Pad	
Clavia	Nord Lead 2X	Performance A8	Synth Bass in your Face 1	
Clavia	Nord Lead 2X	Performance A9	Stereo Synth Bass 4	
Clavia	Nord Lead 2X	Performance B0	Plucked Pad	
Clavia	Nord Lead 2X	Performance B1	Phatt Bass	
Clavia	Nord Lead 2X	Performance B2	OB Talk	
Clavia	Nord Lead 2X	Performance B3	Moog Lead	
Clavia	Nord Lead 2X	Performance B4	FM Metalimba	
Clavia	Nord Lead 2X	Performance B5	Delicate Drama	
Clavia	Nord Lead 2X	Performance B6	Alternate Xylo	
Clavia	Nord Lead 2X	Performance B7	ARP Sequence	
Clavia	Nord Lead 2X	Performance B8	Delerium Pad	
Clavia	Nord Lead 2X	Performance B9	Synth Brass Attack	
Clavia	Nord Lead 2X	Performance C0	Totally Rude Synth Lead 2	
Clavia	Nord Lead 2X	Performance C1	Cyber Suite 1d	
Clavia	Nord Lead 2X	Performance C2	Synth Bass in your Face 10	
Clavia	Nord Lead 2X	Performance C3	Stereo Synth Bass 5	
Clavia	Nord Lead 2X	Performance C4	Small Church Organ	
Clavia	Nord Lead 2X	Performance C5	Funky Clav	
Clavia	Nord Lead 2X	Performance C6	Alien Walking-MIX 4	
Clavia	Nord Lead 2X	Performance C7	Hi Res Pad	
Clavia	Nord Lead 2X	Performance C8	Goodbye Pad 3	
Clavia	Nord Lead 2X	Performance C9	Clavi Piano	
Clavia	Nord Lead 2X	Performance D0	Cave Pad	
Clavia	Nord Lead 2X	Performance D1	Percussiveness	
Clavia	Nord Lead 2X	Performance D2	Notch Bass	
Clavia	Nord Lead 2X	Performance D3	Repeater	
Clavia	Nord Lead 2X	Performance D4	Seq's Appeal	
Clavia	Nord Lead 2X	Performance D5	Wavepad	
Clavia	Nord Lead 2X	Performance D6	Space Station	
Clavia	Nord Lead 2X	Performance D7	3 Layer Lead	
Clavia	Nord Lead 2X	Performance D8	Church Organ	
Clavia	Nord Lead 2X	Performance D9	Koto	
Clavia	Nord Lead 2X	Performance E0	Harp With Strings	
Clavia	Nord Lead 2X	Performance E1	Babar	
Clavia	Nord Lead 2X	Performance E2	Industri	
Clavia	Nord Lead 2X	Performance E3	Nice Arpeggi	
Clavia	Nord Lead 2X	Performance E4	Grand Canyon	
Clavia	Nord Lead 2X	Performance E5	Overblow	
Clavia	Nord Lead 2X	Performance E6	Pouw5	
Clavia	Nord Lead 2X	Performance E7	Synthfactory 1	
Clavia	Nord Lead 2X	Performance E8	Resonantsweep 2	
Clavia	Nord Lead 2X	Performance E9	Talking Clav	
Clavia	Nord Lead 2X	Performance F0	Percussive COMP 1	
Clavia	Nord Lead 2X	Performance F1	Sly Stone Bass	
Clavia	Nord Lead 2X	Performance F2	Percussive COMP 2	
Clavia	Nord Lead 2X	Performance F3	Monster Lead	
Clavia	Nord Lead 2X	Performance F4	Moog Bass 1	
Clavia	Nord Lead 2X	Performance F5	Moog Bass 2	
Clavia	Nord Lead 2X	Performance F6	Mini Lead 3	
Clavia	Nord Lead 2X	Performance F7	Fun with the Sync!	
Clavia	Nord Lead 2X	Performance F8	Percussive COMP 3	
Clavia	Nord Lead 2X	Performance F9	Shadow of a Cello	
Clavia	Nord Lead 2X	Performance G0	Enlightening Pad	
Clavia	Nord Lead 2X	Performance G1	Dramatic Pad	
Clavia	Nord Lead 2X	Performance G2	ARP w/ Swept Pad	
Clavia	Nord Lead 2X	Performance G3	Introspective Pad	
Clavia	Nord Lead 2X	Performance G4	ARP Erasure	
Clavia	Nord Lead 2X	Performance G5	VEL TRI Synth	
Clavia	Nord Lead 2X	Performance G6	Cybernetic Clav	
Clavia	Nord Lead 2X	Performance G7	Synth Brass Section	
Clavia	Nord Lead 2X	Performance G8	Big Chime Pad	
Clavia	Nord Lead 2X	Performance G9	Hi-Pass VEL Funky Clav	
Clavia	Nord Lead 2X	Performance H0	LFO Electronica	
Clavia	Nord Lead 2X	Performance H1	2 Step Bass	
Clavia	Nord Lead 2X	Performance H2	Delicate Roads :-)	
Clavia	Nord Lead 2X	Performance H3	Pick Bass	
Clavia	Nord Lead 2X	Performance H4	Delicate Roads 2 :-)	
Clavia	Nord Lead 2X	Performance H5	Wurli	
Clavia	Nord Lead 2X	Performance H6	Hybrid WurliRhodes	
Clavia	Nord Lead 2X	Performance H7	Resonant SAWS 1	
Clavia	Nord Lead 2X	Performance H8	Delicate Pick	
Clavia	Nord Lead 2X	Performance H9	Resonant SAWS 2	
Clavia	Nord Lead 2X	Performance J0	Hi-Pass Clav	
Clavia	Nord Lead 2X	Performance J1	Wide Talker	
Clavia	Nord Lead 2X	Performance J2	Smooth Bass	
Clavia	Nord Lead 2X	Performance J3	Rising Pad	
Clavia	Nord Lead 2X	Performance J4	SYNC Clav	
Clavia	Nord Lead 2X	Performance J5	Thick Bass	
Clavia	Nord Lead 2X	Performance J6	RAVE Synth	
Clavia	Nord Lead 2X	Performance J7	Paisley Park Synth	
Clavia	Nord Lead 2X	Performance J8	Organesque	
Clavia	Nord Lead 2X	Performance J9	Grunge Bass	
Clavia	Nord Lead 2X	Performance L0	FM Bass	
Clavia	Nord Lead 2X	Performance L1	Alternating COMP	
Clavia	Nord Lead 2X	Performance L2	Plastic Bass	
Clavia	Nord Lead 2X	Performance L3	Super REZ	
Clavia	Nord Lead 2X	Performance L4	REZonant Trails	
Clavia	Nord Lead 2X	Performance L5	REZ Mini Lead	
Clavia	Nord Lead 2X	Performance L6	Funk Clav	
Clavia	Nord Lead 2X	Performance L7	Chilled REZ	
Clavia	Nord Lead 2X	Performance L8	D&B Bass	
Clavia	Nord Lead 2X	Performance L9	Alternating Techno 2	
Clavia	Nord Lead 2X	Performance 1.A0	Bellbrass pad	
Clavia	Nord Lead 2X	Performance 1.A1	Heavy sync sweep	
Clavia	Nord Lead 2X	Performance 1.A2	Big lead	
Clavia	Nord Lead 2X	Performance 1.A3	Orchestra bell	
Clavia	Nord Lead 2X	Performance 1.A4	Pulse sweep with a twist	
Clavia	Nord Lead 2X	Performance 1.A5	Reverb choir	
Clavia	Nord Lead 2X	Performance 1.A6	Majestix	
Clavia	Nord Lead 2X	Performance 1.A7	Arpeggiator string pad	
Clavia	Nord Lead 2X	Performance 1.A8	Plucking pad	
Clavia	Nord Lead 2X	Performance 1.A9	Arpeggiator heaven	
Clavia	Nord Lead 2X	Performance 1.B0	Sixtifive organ	
Clavia	Nord Lead 2X	Performance 1.B1	Wow pad	
Clavia	Nord Lead 2X	Performance 1.B2	Windy	
Clavia	Nord Lead 2X	Performance 1.B3	Water organ	
Clavia	Nord Lead 2X	Performance 1.B4	Big Morph	
Clavia	Nord Lead 2X	Performance 1.B5	Heavy pulse lead	
Clavia	Nord Lead 2X	Performance 1.B6	Westminister	
Clavia	Nord Lead 2X	Performance 1.B7	Strings and bells	
Clavia	Nord Lead 2X	Performance 1.B8	The Jazz duo	
Clavia	Nord Lead 2X	Performance 1.B9	Ambient bell	
Clavia	Nord Lead 2X	Performance 1.C0	Big pulse	
Clavia	Nord Lead 2X	Performance 1.C1	Unison FM lead	
Clavia	Nord Lead 2X	Performance 1.C2	Rise and fall	
Clavia	Nord Lead 2X	Performance 1.C3	Greek stuff	
Clavia	Nord Lead 2X	Performance 1.C4	Octave sweep	
Clavia	Nord Lead 2X	Performance 1.C5	Cyber piano	
Clavia	Nord Lead 2X	Performance 1.C6	Pan flute	
Clavia	Nord Lead 2X	Performance 1.C7	Metal sweep	
Clavia	Nord Lead 2X	Performance 1.C8	Sax-o-phone	
Clavia	Nord Lead 2X	Performance 1.C9	Mouth flute	
Clavia	Nord Lead 2X	Performance 1.D0	Acid clock	
Clavia	Nord Lead 2X	Performance 1.D1	Future pipe	
Clavia	Nord Lead 2X	Performance 1.D2	Stereo Pad	
Clavia	Nord Lead 2X	Performance 1.D3	Wheel lead	
Clavia	Nord Lead 2X	Performance 1.D4	Expressive Lead	
Clavia	Nord Lead 2X	Performance 1.D5	Techno song	
Clavia	Nord Lead 2X	Performance 1.D6	Brass pad	
Clavia	Nord Lead 2X	Performance 1.D7	Saw Sweep	
Clavia	Nord Lead 2X	Performance 1.D8	Brite string pad	
Clavia	Nord Lead 2X	Performance 1.D9	Space engine	
Clavia	Nord Lead 2X	Performance 1.E0	Square organ	
Clavia	Nord Lead 2X	Performance 1.E1	Saw pulse pad	
Clavia	Nord Lead 2X	Performance 1.E2	Analog grand bass	
Clavia	Nord Lead 2X	Performance 1.E3	Raga on white keys	
Clavia	Nord Lead 2X	Performance 1.E4	Soft string pad	
Clavia	Nord Lead 2X	Performance 1.E5	Voice 1	
Clavia	Nord Lead 2X	Performance 1.E6	Voice 2	
Clavia	Nord Lead 2X	Performance 1.E7	Voice 3	
Clavia	Nord Lead 2X	Performance 1.E8	Dist lead	
Clavia	Nord Lead 2X	Performance 1.E9	Big bell	
Clavia	Nord Lead 2X	Performance 1.F0	Jungle	
Clavia	Nord Lead 2X	Performance 1.F1	Acid song	
Clavia	Nord Lead 2X	Performance 1.F2	Bottle	
Clavia	Nord Lead 2X	Performance 1.F3	ET go home	
Clavia	Nord Lead 2X	Performance 1.F4	Acc gitar	
Clavia	Nord Lead 2X	Performance 1.F5	Power bells	
Clavia	Nord Lead 2X	Performance 1.F6	Voices	
Clavia	Nord Lead 2X	Performance 1.F7	Bells	
Clavia	Nord Lead 2X	Performance 1.F8	The wheel morph	
Clavia	Nord Lead 2X	Performance 1.F9	Attack	
Clavia	Nord Lead 2X	Performance 1.G0	Piano pad	
Clavia	Nord Lead 2X	Performance 1.G1	Harp	
Clavia	Nord Lead 2X	Performance 1.G2	Echo from africa	
Clavia	Nord Lead 2X	Performance 1.G3	Sweep pad	
Clavia	Nord Lead 2X	Performance 1.G4	Magic night	
Clavia	Nord Lead 2X	Performance 1.G5	Perc 3rd w click	
Clavia	Nord Lead 2X	Performance 1.G6	NHL	
Clavia	Nord Lead 2X	Performance 1.G7	W. Shade of Pale	
Clavia	Nord Lead 2X	Performance 1.G8	Straight Jazz Perc	
Clavia	Nord Lead 2X	Performance 1.G9	Soul Rotor	
Clavia	Nord Lead 2X	Performance 1.H0	One high	
Clavia	Nord Lead 2X	Performance 1.H1	All Even Harmonics	
Clavia	Nord Lead 2X	Performance 1.H2	Odd Upper Harmonics	
Clavia	Nord Lead 2X	Performance 1.H3	All Out	
Clavia	Nord Lead 2X	Performance 1.H4	Cathedral Organ	
Clavia	Nord Lead 2X	Performance 1.H5	Low	
Clavia	Nord Lead 2X	Performance 1.H6	Mid	
Clavia	Nord Lead 2X	Performance 1.H7	Super Brite	
Clavia	Nord Lead 2X	Performance 1.H8	Bank 1-11 / Bank 1-12 / Bank 1-13 / Bank 1-14	
Clavia	Nord Lead 2X	Performance 1.H9	Bank 1-15 / Bank 1-16 / Bank 1-17 / Bank 1-18	
Clavia	Nord Lead 2X	Performance 1.J0	Bank 1-21 / Bank 1-22 / Bank 1-23 / Bank 1-24	
Clavia	Nord Lead 2X	Performance 1.J1	Bank 1-25 / Bank 1-26 / Bank 1-27 / Bank 1-28	
Clavia	Nord Lead 2X	Performance 1.J2	Bank 1-31 / Bank 1-32 / Bank 1-33 / Bank 1-34	
Clavia	Nord Lead 2X	Performance 1.J3	Bank 1-35 / Bank 1-36 / Bank 1-37 / Bank 1-38	
Clavia	Nord Lead 2X	Performance 1.J4	Bank 1-41 / Bank 1-42 / Bank 1-43 / Bank 1-44	
Clavia	Nord Lead 2X	Performance 1.J5	Bank 1-45 / Bank 1-46 / Bank 1-47 / Bank 1-48	
Clavia	Nord Lead 2X	Performance 1.J6	Bank 2-41 / Bank 1-52 / Bank 1-53 / Bank 1-54	
Clavia	Nord Lead 2X	Performance 1.J7	Bank 1-55 / Bank 1-56 / Bank 1-57 / Bank 1-58	
Clavia	Nord Lead 2X	Performance 1.J8	Bank 3-12 / Bank 2-36 / Bank 2-37 / Bank 2-52	
Clavia	Nord Lead 2X	Performance 1.J9	Bank 2-54	
Clavia	Nord Lead 2X	Performance 1.L0	Program 01 / Program 02 / Program 03 / Program 04	
Clavia	Nord Lead 2X	Performance 1.L1	Program 05 / Program 06 / Program 07 / Program 08	
Clavia	Nord Lead 2X	Performance 1.L2	Program 09 / Program 10 / Program 11 / Program 12	
Clavia	Nord Lead 2X	Performance 1.L3	Program 13 / Program 14 / Program 15 / Program 16	
Clavia	Nord Lead 2X	Performance 1.L4	Program 17 / Program 18 / Program 19 / Program 20	
Clavia	Nord Lead 2X	Performance 1.L5	Program 21 / Program 22 / Program 23 / Program 24	
Clavia	Nord Lead 2X	Performance 1.L6	Program 25 / Program 26 / Program 27 / Program 28	
Clavia	Nord Lead 2X	Performance 1.L7	Program 29 / Program 30 / Program 31 / Program 32	
Clavia	Nord Lead 2X	Performance 1.L8	Program 33 / Program 34 / Program 35 / Program 36	
Clavia	Nord Lead 2X	Performance 1.L9	Program 37 / Program 38 / Program 39 / Program 40	
Clavia	Nord Lead 2X	Performance 2.A0	Breath Pad	
Clavia	Nord Lead 2X	Performance 2.A1	FutureSYNC - MIX 2	
Clavia	Nord Lead 2X	Performance 2.A2	FutureSYNC - MIX 3	
Clavia	Nord Lead 2X	Performance 2.A3	Big Bold Movie Pad	
Clavia	Nord Lead 2X	Performance 2.A4	Hybrid Chorused Piano	
Clavia	Nord Lead 2X	Performance 2.A5	Terminated - MIX 1	
Clavia	Nord Lead 2X	Performance 2.A6	Terminated - MIX 2	
Clavia	Nord Lead 2X	Performance 2.A7	Punchy Polysynth	
Clavia	Nord Lead 2X	Performance 2.A8	Terminated - MIX 4 (Breakdwn)	
Clavia	Nord Lead 2X	Performance 2.A9	Terminated - MIX 5	
Clavia	Nord Lead 2X	Performance 2.B0	Disco Toy Shop - Mix 1	
Clavia	Nord Lead 2X	Performance 2.B1	Disco Toy Shop - Mix 2	
Clavia	Nord Lead 2X	Performance 2.B2	Totally Rude Synth Lead 1	
Clavia	Nord Lead 2X	Performance 2.B3	ARPeggiator	
Clavia	Nord Lead 2X	Performance 2.B4	Stereo Pluck Pad	
Clavia	Nord Lead 2X	Performance 2.B5	Cyber Split	
Clavia	Nord Lead 2X	Performance 2.B6	Cyber Suite 1a	
Clavia	Nord Lead 2X	Performance 2.B7	Cyber Suite 1b	
Clavia	Nord Lead 2X	Performance 2.B8	Cyber Suite 1c	
Clavia	Nord Lead 2X	Performance 2.B9	Funk TALK Bass	
Clavia	Nord Lead 2X	Performance 2.C0	S&H Pad	
Clavia	Nord Lead 2X	Performance 2.C1	Synth Bass in your Face 2	
Clavia	Nord Lead 2X	Performance 2.C2	Synth Bass in your Face 3	
Clavia	Nord Lead 2X	Performance 2.C3	Synth Bass in your Face 4	
Clavia	Nord Lead 2X	Performance 2.C4	Synth Bass in your Face 5	
Clavia	Nord Lead 2X	Performance 2.C5	Synth Bass in your Face 6	
Clavia	Nord Lead 2X	Performance 2.C6	Synth Bass in your Face 7	
Clavia	Nord Lead 2X	Performance 2.C7	Synth Bass in your Face 8	
Clavia	Nord Lead 2X	Performance 2.C8	Synth Bass in your Face 9	
Clavia	Nord Lead 2X	Performance 2.C9	Techno Echo	
Clavia	Nord Lead 2X	Performance 2.D0	Stereo Synth Bass 1	
Clavia	Nord Lead 2X	Performance 2.D1	Stereo Synth Bass 2	
Clavia	Nord Lead 2X	Performance 2.D2	Stereo Synth Bass 3	
Clavia	Nord Lead 2X	Performance 2.D3	Atmospheric Pad	
Clavia	Nord Lead 2X	Performance 2.D4	Pluck Synth Bass 1	
Clavia	Nord Lead 2X	Performance 2.D5	Pluck Synth Bass 2	
Clavia	Nord Lead 2X	Performance 2.D6	Alternating Techno 1	
Clavia	Nord Lead 2X	Performance 2.D7	Oblong Synth Bass	
Clavia	Nord Lead 2X	Performance 2.D8	Face Bass	
Clavia	Nord Lead 2X	Performance 2.D9	VEL Reso Bass	
Clavia	Nord Lead 2X	Performance 2.E0	Sustained Guitar Pad	
Clavia	Nord Lead 2X	Performance 2.E1	Talking REZ Triangles	
Clavia	Nord Lead 2X	Performance 2.E2	Sick, Cheesy Organ	
Clavia	Nord Lead 2X	Performance 2.E3	Healthy, Cheesy Organ	
Clavia	Nord Lead 2X	Performance 2.E4	Stereo Pluck Pad	
Clavia	Nord Lead 2X	Performance 2.E5	Sweeped Pad	
Clavia	Nord Lead 2X	Performance 2.E6	Age of Techno	
Clavia	Nord Lead 2X	Performance 2.E7	Slow Huge Mono Lead	
Clavia	Nord Lead 2X	Performance 2.E8	Crystal Melody Bell	
Clavia	Nord Lead 2X	Performance 2.E9	Whirly and Pad	
Clavia	Nord Lead 2X	Performance 2.F0	Aggressive SAW 1	
Clavia	Nord Lead 2X	Performance 2.F1	Alien Walking-MIX 2	
Clavia	Nord Lead 2X	Performance 2.F2	Alien Walking-MIX 3	
Clavia	Nord Lead 2X	Performance 2.F3	VEL Reso Lead	
Clavia	Nord Lead 2X	Performance 2.F4	DARK Pad	
Clavia	Nord Lead 2X	Performance 2.F5	Westside Bass	
Clavia	Nord Lead 2X	Performance 2.F6	Stereo Rap Lead	
Clavia	Nord Lead 2X	Performance 2.F7	Rushing ARP Pad	
Clavia	Nord Lead 2X	Performance 2.F8	Res Sweep in Fifths	
Clavia	Nord Lead 2X	Performance 2.F9	Stereo Solo String	
Clavia	Nord Lead 2X	Performance 2.G0	Mono String Pad	
Clavia	Nord Lead 2X	Performance 2.G1	Goodbye Pad 1	
Clavia	Nord Lead 2X	Performance 2.G2	Goodbye Pad 2	
Clavia	Nord Lead 2X	Performance 2.G3	Alternating Pluck	
Clavia	Nord Lead 2X	Performance 2.G4	Cyber Man	
Clavia	Nord Lead 2X	Performance 2.G5	Impact Synth Pad	
Clavia	Nord Lead 2X	Performance 2.G6	Nasty Sync Bass	
Clavia	Nord Lead 2X	Performance 2.G7	Stereo Synth Brass	
Clavia	Nord Lead 2X	Performance 2.G8	Digi Bell Pad	
Clavia	Nord Lead 2X	Performance 2.G9	Teddy's Talkbox	
Clavia	Nord Lead 2X	Performance 2.H0	DARK SQUARE Pad	
Clavia	Nord Lead 2X	Performance 2.H1	Snappy Square Pad	
Clavia	Nord Lead 2X	Performance 2.H2	Stereo Electric Piano	
Clavia	Nord Lead 2X	Performance 2.H3	Knocky F.M. Electric Piano	
Clavia	Nord Lead 2X	Performance 2.H4	Soft Tyne Electric Piano	
Clavia	Nord Lead 2X	Performance 2.H5	Ballad Electric Piano	
Clavia	Nord Lead 2X	Performance 2.H6	Electric Pianette	
Clavia	Nord Lead 2X	Performance 2.H7	Simple Electric Piano	
Clavia	Nord Lead 2X	Performance 2.H8	Synth Harp	
Clavia	Nord Lead 2X	Performance 2.H9	Funk Clav	
Clavia	Nord Lead 2X	Performance 2.J0	Acoustic Guitar	
Clavia	Nord Lead 2X	Performance 2.J1	Crazy SAW	
Clavia	Nord Lead 2X	Performance 2.J2	Old School Funk	
Clavia	Nord Lead 2X	Performance 2.J3	Wurlitzer	
Clavia	Nord Lead 2X	Performance 2.J4	Mystery Pad	
Clavia	Nord Lead 2X	Performance 2.J5	Aggressive SAW 2	
Clavia	Nord Lead 2X	Performance 2.J6	SAW/SQU Mix	
Clavia	Nord Lead 2X	Performance 2.J7	Increased Velocity FX	
Clavia	Nord Lead 2X	Performance 2.J8	Dramatic Sweep	
Clavia	Nord Lead 2X	Performance 2.J9	SAW/TRI Mix	
Clavia	Nord Lead 2X	Performance 2.L0	Cheesy Farfisa	
Clavia	Nord Lead 2X	Performance 2.L1	Short Wave Opera	
Clavia	Nord Lead 2X	Performance 2.L2	FM Xylo	
Clavia	Nord Lead 2X	Performance 2.L3	Band Pass Funk	
Clavia	Nord Lead 2X	Performance 2.L4	Band Pass Pad	
Clavia	Nord Lead 2X	Performance 2.L5	Sustained REZ	
Clavia	Nord Lead 2X	Performance 2.L6	Delicate Triangle	
Clavia	Nord Lead 2X	Performance 2.L7	Filter Bass	
Clavia	Nord Lead 2X	Performance 2.L8	Attack Fifth	
Clavia	Nord Lead 2X	Performance 2.L9	Jazz Organ	
Clavia	Nord Lead 2X	Performance 3.A0	Bass 1	
Clavia	Nord Lead 2X	Performance 3.A1	Bass 2	
Clavia	Nord Lead 2X	Performance 3.A2	Bass 3	
Clavia	Nord Lead 2X	Performance 3.A3	Fifth Drawbar	
Clavia	Nord Lead 2X	Performance 3.A4	Autowah Bass	
Clavia	Nord Lead 2X	Performance 3.A5	Mouth Bass	
Clavia	Nord Lead 2X	Performance 3.A6	Snapsync	
Clavia	Nord Lead 2X	Performance 3.A7	Deep Kalimba	
Clavia	Nord Lead 2X	Performance 3.A8	Attackbass	
Clavia	Nord Lead 2X	Performance 3.A9	Horrorwave	
Clavia	Nord Lead 2X	Performance 3.B0	Good Morning	
Clavia	Nord Lead 2X	Performance 3.B1	Polyrythm Hat	
Clavia	Nord Lead 2X	Performance 3.B2	Jazzy Scat	
Clavia	Nord Lead 2X	Performance 3.B3	Woodbass	
Clavia	Nord Lead 2X	Performance 3.B4	Fusionbasic	
Clavia	Nord Lead 2X	Performance 3.B5	Pulse	
Clavia	Nord Lead 2X	Performance 3.B6	Square Slapbass	
Clavia	Nord Lead 2X	Performance 3.B7	Nasty Organ	
Clavia	Nord Lead 2X	Performance 3.B8	Wah Koto Lead	
Clavia	Nord Lead 2X	Performance 3.B9	Polyfilter	
Clavia	Nord Lead 2X	Performance 3.C0	Wah Brass	
Clavia	Nord Lead 2X	Performance 3.C1	Thin Brass	
Clavia	Nord Lead 2X	Performance 3.C2	Tines	
Clavia	Nord Lead 2X	Performance 3.C3	Ballad Ep	
Clavia	Nord Lead 2X	Performance 3.C4	Wheel Dist	
Clavia	Nord Lead 2X	Performance 3.C5	Unison Horns	
Clavia	Nord Lead 2X	Performance 3.C6	Fat Guitar	
Clavia	Nord Lead 2X	Performance 3.C7	Zynthar 2	
Clavia	Nord Lead 2X	Performance 3.C8	Gods Harmonium	
Clavia	Nord Lead 2X	Performance 3.C9	Soft Sermon	
Clavia	Nord Lead 2X	Performance 3.D0	Bass 6	
Clavia	Nord Lead 2X	Performance 3.D1	Velo Cello	
Clavia	Nord Lead 2X	Performance 3.D2	Multi Arco	
Clavia	Nord Lead 2X	Performance 3.D3	Triple Bass	
Clavia	Nord Lead 2X	Performance 3.D4	Softintervall	
Clavia	Nord Lead 2X	Performance 3.D5	Rob's Arpeggio	
Clavia	Nord Lead 2X	Performance 3.D6	Rob's Arpeggio 2	
Clavia	Nord Lead 2X	Performance 3.D7	Pentatonic	
Clavia	Nord Lead 2X	Performance 3.D8	Dewe8000	
Clavia	Nord Lead 2X	Performance 3.D9	Bass/hihat Rythm	
Clavia	Nord Lead 2X	Performance 3.E0	Bass/hihat Rythm 2	
Clavia	Nord Lead 2X	Performance 3.E1	Calling Erth	
Clavia	Nord Lead 2X	Performance 3.E2	Bass 9	
Clavia	Nord Lead 2X	Performance 3.E3	Winter Storm	
Clavia	Nord Lead 2X	Performance 3.E4	Church Organ 1	
Clavia	Nord Lead 2X	Performance 3.E5	Reverbsynth	
Clavia	Nord Lead 2X	Performance 3.E6	Lasresynth	
Clavia	Nord Lead 2X	Performance 3.E7	Bass 10	
Clavia	Nord Lead 2X	Performance 3.E8	Padlayer	
Clavia	Nord Lead 2X	Performance 3.E9	Acc.bass	
Clavia	Nord Lead 2X	Performance 3.F0	Backwardchords	
Clavia	Nord Lead 2X	Performance 3.F1	Metalfeedback	
Clavia	Nord Lead 2X	Performance 3.F2	Pagan	
Clavia	Nord Lead 2X	Performance 3.F3	Ghost	
Clavia	Nord Lead 2X	Performance 3.F4	Friday13th	
Clavia	Nord Lead 2X	Performance 3.F5	Ep W Room	
Clavia	Nord Lead 2X	Performance 3.F6	Magic Room	
Clavia	Nord Lead 2X	Performance 3.F7	Low Organ W Click	
Clavia	Nord Lead 2X	Performance 3.F8	Elpiano	
Clavia	Nord Lead 2X	Performance 3.F9	Fat Percbass	
Clavia	Nord Lead 2X	Performance 3.G0	Resonantsweep 1	
Clavia	Nord Lead 2X	Performance 3.G1	Bass 12	
Clavia	Nord Lead 2X	Performance 3.G2	Portamentolead	
Clavia	Nord Lead 2X	Performance 3.G3	Funky Steel	
Clavia	Nord Lead 2X	Performance 3.G4	Birds & Bells	
Clavia	Nord Lead 2X	Performance 3.G5	Soft Glass	
Clavia	Nord Lead 2X	Performance 3.G6	Mikes Favorite	
Clavia	Nord Lead 2X	Performance 3.G7	Seq 1	
Clavia	Nord Lead 2X	Performance 3.G8	Seq 2	
Clavia	Nord Lead 2X	Performance 3.G9	Seq 3	
Clavia	Nord Lead 2X	Performance 3.H0	Timpany	
Clavia	Nord Lead 2X	Performance 3.H1	Reso	
Clavia	Nord Lead 2X	Performance 3.H2	Bas Arp	
Clavia	Nord Lead 2X	Performance 3.H3	Pleasure To Be Sad	
Clavia	Nord Lead 2X	Performance 3.H4	Devil	
Clavia	Nord Lead 2X	Performance 3.H5	Arp 1	
Clavia	Nord Lead 2X	Performance 3.H6	Arp 2	
Clavia	Nord Lead 2X	Performance 3.H7	Soft	
Clavia	Nord Lead 2X	Performance 3.H8	Harmony	
Clavia	Nord Lead 2X	Performance 3.H9	Voice	
Clavia	Nord Lead 2X	Performance 3.J0	Why?	
Clavia	Nord Lead 2X	Performance 3.J1	Delay	
Clavia	Nord Lead 2X	Performance 3.J2	Arp 3	
Clavia	Nord Lead 2X	Performance 3.J3	Super Synt 1	
Clavia	Nord Lead 2X	Performance 3.J4	Super Synt 2	
Clavia	Nord Lead 2X	Performance 3.J5	Arp 4	
Clavia	Nord Lead 2X	Performance 3.J6	Wheel Morph 1	
Clavia	Nord Lead 2X	Performance 3.J7	Wheel Morph 2	
Clavia	Nord Lead 2X	Performance 3.J8	Crazy	
Clavia	Nord Lead 2X	Performance 3.J9	Deepsnare/roll On Velocity	
Clavia	Nord Lead 2X	Performance 3.L0	Horror String 1	
Clavia	Nord Lead 2X	Performance 3.L1	Horror String 2	
Clavia	Nord Lead 2X	Performance 3.L2	Horror String 3	
Clavia	Nord Lead 2X	Performance 3.L3	Horror String 4	
Clavia	Nord Lead 2X	Performance 3.L4	Wetlayer	
Clavia	Nord Lead 2X	Performance 3.L5	Challenger	
Clavia	Nord Lead 2X	Performance 3.L6	Lfo	
Clavia	Nord Lead 2X	Performance 3.L7	Softmetal	
Clavia	Nord Lead 2X	Performance 3.L8	Attackpad	
Clavia	Nord Lead 2X	Performance 3.L9	Synthfactory 2	