UVI	LoFi Dreams	Acoustic Pianos	Forgotten Piano	
UVI	LoFi Dreams	Acoustic Pianos	Nordic Piano	
UVI	LoFi Dreams	Acoustic Pianos	Old Grand Piano	
UVI	LoFi Dreams	Acoustic Pianos	Piano Memories	
UVI	LoFi Dreams	Acoustic Pianos	Tape Piano	
UVI	LoFi Dreams	Acoustic Pianos	The Mellow Piano	
UVI	LoFi Dreams	Animated	Arp Cloud	
UVI	LoFi Dreams	Animated	Baba 1	
UVI	LoFi Dreams	Animated	Baba 2	
UVI	LoFi Dreams	Animated	Cosmic PWMs	
UVI	LoFi Dreams	Animated	Hyrule	
UVI	LoFi Dreams	Animated	Hyrule Boosted	
UVI	LoFi Dreams	Animated	Sine Concert 1	
UVI	LoFi Dreams	Animated	Sine Concert 2	
UVI	LoFi Dreams	Bass	Addisub	
UVI	LoFi Dreams	Bass	Additional	
UVI	LoFi Dreams	Bass	Arp Noise 1	
UVI	LoFi Dreams	Bass	Arp Noise 2	
UVI	LoFi Dreams	Bass	Bounce	
UVI	LoFi Dreams	Bass	Bow	
UVI	LoFi Dreams	Bass	Ciao	
UVI	LoFi Dreams	Bass	Detune Sub	
UVI	LoFi Dreams	Bass	DigiDouble 1	
UVI	LoFi Dreams	Bass	DigiDouble 2	
UVI	LoFi Dreams	Bass	DigiRetro	
UVI	LoFi Dreams	Bass	Double Bass	
UVI	LoFi Dreams	Bass	Final	
UVI	LoFi Dreams	Bass	Formant Sub	
UVI	LoFi Dreams	Bass	Gameboy	
UVI	LoFi Dreams	Bass	Gaming	
UVI	LoFi Dreams	Bass	Lowender	
UVI	LoFi Dreams	Bass	Mantine	
UVI	LoFi Dreams	Bass	Mountain	
UVI	LoFi Dreams	Bass	Murphy 1	
UVI	LoFi Dreams	Bass	Murphy 2	
UVI	LoFi Dreams	Bass	Nasty	
UVI	LoFi Dreams	Bass	Nitty Gritty	
UVI	LoFi Dreams	Bass	Noise	
UVI	LoFi Dreams	Bass	Pipes	
UVI	LoFi Dreams	Bass	Pulsefy	
UVI	LoFi Dreams	Bass	Pyramid	
UVI	LoFi Dreams	Bass	Reese Sub	
UVI	LoFi Dreams	Bass	Retro Strong 1	
UVI	LoFi Dreams	Bass	Retro Strong 2	
UVI	LoFi Dreams	Bass	Retrograde	
UVI	LoFi Dreams	Bass	Ruintendo	
UVI	LoFi Dreams	Bass	Saw Reese	
UVI	LoFi Dreams	Bass	Soft Bits	
UVI	LoFi Dreams	Bass	Sub Limen	
UVI	LoFi Dreams	Bass	Subjectum	
UVI	LoFi Dreams	Drums	11kHz	
UVI	LoFi Dreams	Drums	Foley Kit	
UVI	LoFi Dreams	Drums	Jazz Kit	
UVI	LoFi Dreams	Drums	LoFi	
UVI	LoFi Dreams	Drums	Mixed Kit	
UVI	LoFi Dreams	Drums	Re Kit	
UVI	LoFi Dreams	Guitars	Clean Soft Guitar 1	
UVI	LoFi Dreams	Guitars	Clean Soft Guitar 2	
UVI	LoFi Dreams	Guitars	Ethnic Dreams	
UVI	LoFi Dreams	Guitars	Garden	
UVI	LoFi Dreams	Guitars	Lazy	
UVI	LoFi Dreams	Guitars	Lonely Bowed Electric	
UVI	LoFi Dreams	Keys	Addictive Additive	
UVI	LoFi Dreams	Keys	Additive Chill	
UVI	LoFi Dreams	Keys	Celestialis	
UVI	LoFi Dreams	Keys	Chillhop Sine Piano 1	
UVI	LoFi Dreams	Keys	Chillhop Sine Piano 2	
UVI	LoFi Dreams	Keys	Chordalis	
UVI	LoFi Dreams	Keys	Electrics	
UVI	LoFi Dreams	Keys	FM Keys	
UVI	LoFi Dreams	Keys	Glass Celestialis	
UVI	LoFi Dreams	Keys	Keysuite	
UVI	LoFi Dreams	Keys	Laminae	
UVI	LoFi Dreams	Keys	Limbo	
UVI	LoFi Dreams	Keys	Play Chords I Will Strum	
UVI	LoFi Dreams	Keys	Play Short 7th Chords	
UVI	LoFi Dreams	Keys	Racoon 1	
UVI	LoFi Dreams	Keys	Racoon 2	
UVI	LoFi Dreams	Keys	RuinPiano	
UVI	LoFi Dreams	Keys	Sine Seas	
UVI	LoFi Dreams	Keys	Sweet Dreams	
UVI	LoFi Dreams	Keys	Sweet Soft	
UVI	LoFi Dreams	Keys	Tape Metal	
UVI	LoFi Dreams	Keys	The Electric Piano	
UVI	LoFi Dreams	Keys	The Electric Piano Smokey	
UVI	LoFi Dreams	Keys	Tines 1	
UVI	LoFi Dreams	Keys	Tines 2	
UVI	LoFi Dreams	Keys	Toy Xylo	
UVI	LoFi Dreams	Keys	Use	
UVI	LoFi Dreams	Keys	Vibes	
UVI	LoFi Dreams	Keys	Wonder EP	
UVI	LoFi Dreams	Leads	8bit Homesick 1	
UVI	LoFi Dreams	Leads	8bit Homesick 2	
UVI	LoFi Dreams	Leads	Ambience Voice	
UVI	LoFi Dreams	Leads	Amor de Lonh	
UVI	LoFi Dreams	Leads	Autumn	
UVI	LoFi Dreams	Leads	Bamboo Solo	
UVI	LoFi Dreams	Leads	Breeze	
UVI	LoFi Dreams	Leads	Calm 1	
UVI	LoFi Dreams	Leads	Calm 2	
UVI	LoFi Dreams	Leads	Chirp	
UVI	LoFi Dreams	Leads	Distant Voice	
UVI	LoFi Dreams	Leads	DX	
UVI	LoFi Dreams	Leads	Flutes	
UVI	LoFi Dreams	Leads	Harbour	
UVI	LoFi Dreams	Leads	Heard	
UVI	LoFi Dreams	Leads	Hike	
UVI	LoFi Dreams	Leads	Melancholic Horn	
UVI	LoFi Dreams	Leads	Memories Motion	
UVI	LoFi Dreams	Leads	Minion	
UVI	LoFi Dreams	Leads	Ocarina 64	
UVI	LoFi Dreams	Leads	Poly Yo Shi 1	
UVI	LoFi Dreams	Leads	Poly Yo Shi 2	
UVI	LoFi Dreams	Leads	PolyFlood 1	
UVI	LoFi Dreams	Leads	PolyFlood 2	
UVI	LoFi Dreams	Leads	Reflection Flute	
UVI	LoFi Dreams	Leads	Set	
UVI	LoFi Dreams	Leads	Smart Lead	
UVI	LoFi Dreams	Leads	Smooth	
UVI	LoFi Dreams	Leads	Sunshine Flute	
UVI	LoFi Dreams	Leads	Sweetheart Flute	
UVI	LoFi Dreams	Leads	Tinish	
UVI	LoFi Dreams	Leads	Title	
UVI	LoFi Dreams	Leads	Trumpet	
UVI	LoFi Dreams	Leads	XIII	
UVI	LoFi Dreams	Leads	XIV	
UVI	LoFi Dreams	Leads	XV	
UVI	LoFi Dreams	Pads	Chillin	
UVI	LoFi Dreams	Pads	Cloud Pads	
UVI	LoFi Dreams	Pads	CreamSea	
UVI	LoFi Dreams	Pads	Drift	
UVI	LoFi Dreams	Pads	Elegy	
UVI	LoFi Dreams	Pads	Enchant	
UVI	LoFi Dreams	Pads	Fluffy	
UVI	LoFi Dreams	Pads	Ignis	
UVI	LoFi Dreams	Pads	Just A Single Sine	
UVI	LoFi Dreams	Pads	Laputa 1	
UVI	LoFi Dreams	Pads	Laputa 2	
UVI	LoFi Dreams	Pads	Lavender	
UVI	LoFi Dreams	Pads	MeinHerzBrennt	
UVI	LoFi Dreams	Pads	Mikonos	
UVI	LoFi Dreams	Pads	Organelle	
UVI	LoFi Dreams	Pads	Pathways	
UVI	LoFi Dreams	Pads	Quartal Sines	
UVI	LoFi Dreams	Pads	Rain	
UVI	LoFi Dreams	Pads	Rest	
UVI	LoFi Dreams	Pads	Rhubharb 1	
UVI	LoFi Dreams	Pads	Rhubharb 2	
UVI	LoFi Dreams	Pads	Scatter	
UVI	LoFi Dreams	Pads	Sentiment 1	
UVI	LoFi Dreams	Pads	Sentiment 2	
UVI	LoFi Dreams	Pads	SineSauce	
UVI	LoFi Dreams	Pads	Sloppy	
UVI	LoFi Dreams	Pads	Tibet 1	
UVI	LoFi Dreams	Pads	Tibet 2	
UVI	LoFi Dreams	Pads	Underwater Feeling	
UVI	LoFi Dreams	Pads	Upper	
UVI	LoFi Dreams	Plucked	Alpine Zither	
UVI	LoFi Dreams	Plucked	Anywhere	
UVI	LoFi Dreams	Plucked	Carillon 1	
UVI	LoFi Dreams	Plucked	Carillon 2	
UVI	LoFi Dreams	Plucked	Castle	
UVI	LoFi Dreams	Plucked	Clouds	
UVI	LoFi Dreams	Plucked	Complex	
UVI	LoFi Dreams	Plucked	CreamSpace	
UVI	LoFi Dreams	Plucked	Delayed ADSRs	
UVI	LoFi Dreams	Plucked	Dreams	
UVI	LoFi Dreams	Plucked	Dungeon	
UVI	LoFi Dreams	Plucked	Forest	
UVI	LoFi Dreams	Plucked	Glass Morphy 1	
UVI	LoFi Dreams	Plucked	Glass Morphy 2	
UVI	LoFi Dreams	Plucked	Harp	
UVI	LoFi Dreams	Plucked	Kalimba	
UVI	LoFi Dreams	Plucked	Lost Zither	
UVI	LoFi Dreams	Plucked	Mana 1	
UVI	LoFi Dreams	Plucked	Mana 2	
UVI	LoFi Dreams	Plucked	Mbira	
UVI	LoFi Dreams	Plucked	MeditationDrums	
UVI	LoFi Dreams	Plucked	Memoir Guitar	
UVI	LoFi Dreams	Plucked	Play Chords I Will Strum	
UVI	LoFi Dreams	Plucked	Sanctuary	
UVI	LoFi Dreams	Plucked	Sanza	
UVI	LoFi Dreams	Plucked	School	
UVI	LoFi Dreams	Plucked	Sleep	
UVI	LoFi Dreams	Plucked	Snowflake 1	
UVI	LoFi Dreams	Plucked	Snowflake 2	
UVI	LoFi Dreams	Plucked	SynthCarillon	
UVI	LoFi Dreams	Plucked	Xylo Glass 1	
UVI	LoFi Dreams	Plucked	Xylo Glass 2	
UVI	LoFi Dreams	Synths	Analog Noise	
UVI	LoFi Dreams	Synths	Clouds	
UVI	LoFi Dreams	Synths	Kiss	
UVI	LoFi Dreams	Synths	Loop Saw	
UVI	LoFi Dreams	Synths	Movement Saws	
UVI	LoFi Dreams	Synths	On	
UVI	LoFi Dreams	Synths	Opening	
UVI	LoFi Dreams	Synths	Red 1	
UVI	LoFi Dreams	Synths	Red 2	
UVI	LoFi Dreams	Textures	Ambiences	
UVI	LoFi Dreams	Textures	Noises	