Ableton	Chop and Swing	Drums	212 Kit	
Ableton	Chop and Swing	Drums	Allee Gate Kit	
Ableton	Chop and Swing	Drums	Alley Kat Kit	
Ableton	Chop and Swing	Drums	Around The Corner Kit	
Ableton	Chop and Swing	Drums	Bang Ya Head Kit	
Ableton	Chop and Swing	Drums	Blueprint Kit	
Ableton	Chop and Swing	Drums	Boom Butter Kit	
Ableton	Chop and Swing	Drums	Buttermilk Kit	
Ableton	Chop and Swing	Drums	Canvas Kit	
Ableton	Chop and Swing	Drums	Dobbs Kit	
Ableton	Chop and Swing	Drums	Fly Situation Kit	
Ableton	Chop and Swing	Drums	Full Lotus Kit	
Ableton	Chop and Swing	Drums	High Rise Kit	
Ableton	Chop and Swing	Drums	Jiggy With It Kit	
Ableton	Chop and Swing	Drums	Kingsway Kit	
Ableton	Chop and Swing	Drums	Moonlight Kit	
Ableton	Chop and Swing	Drums	Move Up Kit	
Ableton	Chop and Swing	Drums	Numerology Kit	
Ableton	Chop and Swing	Drums	Peace Kit	
Ableton	Chop and Swing	Drums	Safe House Kit	
Ableton	Chop and Swing	Drums	Streets Kit	
Ableton	Chop and Swing	Drums	Vintage Madman Kit	
Ableton	Chop and Swing	Drums	Wah Soul Kit	
Ableton	Chop and Swing	Drums	Zoned Kit	
Ableton	Chop and Swing	Samples -> Loops and Chords -> Chords -> Electric Piano	E-Piano Abm Jiggy 1	
Ableton	Chop and Swing	Samples -> Loops and Chords -> Chords -> Electric Piano	E-Piano Abm Jiggy 2	
Ableton	Chop and Swing	Samples -> Loops and Chords -> Chords -> Electric Piano	E-Piano Chord C7 High	
Ableton	Chop and Swing	Samples -> Loops and Chords -> Chords -> Electric Piano	E-Piano Chord C7	
Ableton	Chop and Swing	Samples -> Loops and Chords -> Chords -> Electric Piano	E-Piano Chord C9 High	
Ableton	Chop and Swing	Samples -> Loops and Chords -> Chords -> Electric Piano	E-Piano Chord C9	
Ableton	Chop and Swing	Samples -> Loops and Chords -> Chords -> Electric Piano	E-Piano Chord Calt High	
Ableton	Chop and Swing	Samples -> Loops and Chords -> Chords -> Electric Piano	E-Piano Chord Calt	
Ableton	Chop and Swing	Samples -> Loops and Chords -> Chords -> Electric Piano	E-Piano Chord CMaj69 High	
Ableton	Chop and Swing	Samples -> Loops and Chords -> Chords -> Electric Piano	E-Piano Chord CMaj69	
Ableton	Chop and Swing	Samples -> Loops and Chords -> Chords -> Electric Piano	E-Piano Chord CMaj7 High	
Ableton	Chop and Swing	Samples -> Loops and Chords -> Chords -> Electric Piano	E-Piano Chord CMaj7#11 High	
Ableton	Chop and Swing	Samples -> Loops and Chords -> Chords -> Electric Piano	E-Piano Chord CMaj7#11	
Ableton	Chop and Swing	Samples -> Loops and Chords -> Chords -> Electric Piano	E-Piano Chord CMaj7	
Ableton	Chop and Swing	Samples -> Loops and Chords -> Chords -> Electric Piano	E-Piano Chord CMaj9 High	
Ableton	Chop and Swing	Samples -> Loops and Chords -> Chords -> Electric Piano	E-Piano Chord CMaj9	
Ableton	Chop and Swing	Samples -> Loops and Chords -> Chords -> Electric Piano	E-Piano Chord Cmin11 High	
Ableton	Chop and Swing	Samples -> Loops and Chords -> Chords -> Electric Piano	E-Piano Chord Cmin11	
Ableton	Chop and Swing	Samples -> Loops and Chords -> Chords -> Electric Piano	E-Piano Chord Cmin7 High	
Ableton	Chop and Swing	Samples -> Loops and Chords -> Chords -> Electric Piano	E-Piano Chord Cmin7	
Ableton	Chop and Swing	Samples -> Loops and Chords -> Chords -> Electric Piano	E-Piano Chord Cmin7b5 High	
Ableton	Chop and Swing	Samples -> Loops and Chords -> Chords -> Electric Piano	E-Piano Chord Cmin7b5	
Ableton	Chop and Swing	Samples -> Loops and Chords -> Chords -> Electric Piano	E-Piano Chord Cmin9 High	
Ableton	Chop and Swing	Samples -> Loops and Chords -> Chords -> Electric Piano	E-Piano Chord Cmin9	
Ableton	Chop and Swing	Samples -> Loops and Chords -> Chords -> Electric Piano	E-Piano Chord Csus High	
Ableton	Chop and Swing	Samples -> Loops and Chords -> Chords -> Electric Piano	E-Piano Chord Csus	
Ableton	Chop and Swing	Samples -> Loops and Chords -> Chords -> Electric Piano	E-Piano Chord Dm	
Ableton	Chop and Swing	Samples -> Loops and Chords -> Chords -> Electric Piano	E-Piano Numerology C13	
Ableton	Chop and Swing	Samples -> Loops and Chords -> Chords -> Guitar	Guitar 1 Wah Soul Am	
Ableton	Chop and Swing	Samples -> Loops and Chords -> Chords -> Guitar	Guitar 2 Wah Soul Dm	
Ableton	Chop and Swing	Samples -> Loops and Chords -> Chords -> Guitar	Guitar Wah Peace Eb	
Ableton	Chop and Swing	Samples -> Loops and Chords -> Chords -> Guitar	Jazz Guitar Chord C7 Short	
Ableton	Chop and Swing	Samples -> Loops and Chords -> Chords -> Guitar	Jazz Guitar Chord C7	
Ableton	Chop and Swing	Samples -> Loops and Chords -> Chords -> Guitar	Jazz Guitar Chord Calt Short	
Ableton	Chop and Swing	Samples -> Loops and Chords -> Chords -> Guitar	Jazz Guitar Chord Calt	
Ableton	Chop and Swing	Samples -> Loops and Chords -> Chords -> Guitar	Jazz Guitar Chord CMaj69	
Ableton	Chop and Swing	Samples -> Loops and Chords -> Chords -> Guitar	Jazz Guitar Chord CMaj7 1	
Ableton	Chop and Swing	Samples -> Loops and Chords -> Chords -> Guitar	Jazz Guitar Chord CMaj7 short	
Ableton	Chop and Swing	Samples -> Loops and Chords -> Chords -> Guitar	Jazz Guitar Chord CMaj7#11 Short	
Ableton	Chop and Swing	Samples -> Loops and Chords -> Chords -> Guitar	Jazz Guitar Chord CMaj7#11	
Ableton	Chop and Swing	Samples -> Loops and Chords -> Chords -> Guitar	Jazz Guitar Chord CMaj7	
Ableton	Chop and Swing	Samples -> Loops and Chords -> Chords -> Guitar	Jazz Guitar Chord CMaj9 1	
Ableton	Chop and Swing	Samples -> Loops and Chords -> Chords -> Guitar	Jazz Guitar Chord CMaj9 2short	
Ableton	Chop and Swing	Samples -> Loops and Chords -> Chords -> Guitar	Jazz Guitar Chord CMaj9	
Ableton	Chop and Swing	Samples -> Loops and Chords -> Chords -> Guitar	Jazz Guitar Chord CMin11 1	
Ableton	Chop and Swing	Samples -> Loops and Chords -> Chords -> Guitar	Jazz Guitar Chord CMin11 Short	
Ableton	Chop and Swing	Samples -> Loops and Chords -> Chords -> Guitar	Jazz Guitar Chord CMin11	
Ableton	Chop and Swing	Samples -> Loops and Chords -> Chords -> Guitar	Jazz Guitar Chord CMin7 1	
Ableton	Chop and Swing	Samples -> Loops and Chords -> Chords -> Guitar	Jazz Guitar Chord CMin7 short	
Ableton	Chop and Swing	Samples -> Loops and Chords -> Chords -> Guitar	Jazz Guitar Chord Cmin7b5 1	
Ableton	Chop and Swing	Samples -> Loops and Chords -> Chords -> Guitar	Jazz Guitar Chord Cmin7b5 Short	
Ableton	Chop and Swing	Samples -> Loops and Chords -> Chords -> Guitar	Jazz Guitar Chord Cmin7b5	
Ableton	Chop and Swing	Samples -> Loops and Chords -> Chords -> Guitar	Jazz Guitar Chord CMin9 1	
Ableton	Chop and Swing	Samples -> Loops and Chords -> Chords -> Guitar	Jazz Guitar Chord CMin9 short	
Ableton	Chop and Swing	Samples -> Loops and Chords -> Chords -> Guitar	Jazz Guitar Chord CMin9 short_2	
Ableton	Chop and Swing	Samples -> Loops and Chords -> Chords -> Guitar	Jazz Guitar Chord CMin9	
Ableton	Chop and Swing	Samples -> Loops and Chords -> Chords -> Guitar	Jazz Guitar Chord Csus 1	
Ableton	Chop and Swing	Samples -> Loops and Chords -> Chords -> Guitar	Jazz Guitar Chord Csus Short	
Ableton	Chop and Swing	Samples -> Loops and Chords -> Chords -> Guitar	Jazz Guitar Chord Csus	
Ableton	Chop and Swing	Samples -> Loops and Chords -> Chords -> Piano	Piano Cm 1 Streets	
Ableton	Chop and Swing	Samples -> Loops and Chords -> Chords -> Piano	Piano Cm 2 Streets	
Ableton	Chop and Swing	Samples -> Loops and Chords -> Chords -> Piano	Piano Cm 3 Streets	
Ableton	Chop and Swing	Samples -> Loops and Chords -> Chords -> Piano	Piano Cm 4 Streets	
Ableton	Chop and Swing	Samples -> Loops and Chords -> Chords -> Piano	Piano Cm 5 Streets	
Ableton	Chop and Swing	Samples -> Loops and Chords -> Chords -> Piano	Piano Cm 6 Streets	
Ableton	Chop and Swing	Samples -> Loops and Chords -> Chords -> Piano	Piano Cm 7 Streets	
Ableton	Chop and Swing	Samples -> Loops and Chords -> Chords -> Piano	Piano Cm 8 Streets	
Ableton	Chop and Swing	Samples -> Loops and Chords -> Chords -> Piano	Piano Fm7 1 Streets	
Ableton	Chop and Swing	Samples -> Loops and Chords -> Chords -> Piano	Piano Fm7 2 Streets	
Ableton	Chop and Swing	Samples -> Loops and Chords -> Drum Loops -> Full Loops	Aperture Break 100bpm	
Ableton	Chop and Swing	Samples -> Loops and Chords -> Drum Loops -> Full Loops	Bang Some Loop 82 BPM	
Ableton	Chop and Swing	Samples -> Loops and Chords -> Drum Loops -> Full Loops	Bonus Breaks 1 85bpm	
Ableton	Chop and Swing	Samples -> Loops and Chords -> Drum Loops -> Full Loops	Bonus Breaks 2 102bpm	
Ableton	Chop and Swing	Samples -> Loops and Chords -> Drum Loops -> Full Loops	Break Ride At Night 100bpm	
Ableton	Chop and Swing	Samples -> Loops and Chords -> Drum Loops -> Full Loops	Breakin Bad Fill 104bpm	
Ableton	Chop and Swing	Samples -> Loops and Chords -> Drum Loops -> Full Loops	Class Clown 100bpm	
Ableton	Chop and Swing	Samples -> Loops and Chords -> Drum Loops -> Full Loops	Coral Gables 100bpm	
Ableton	Chop and Swing	Samples -> Loops and Chords -> Drum Loops -> Full Loops	Diplocratic Loop 89bpm	
Ableton	Chop and Swing	Samples -> Loops and Chords -> Drum Loops -> Full Loops	Duet Fill 1 102bpm	
Ableton	Chop and Swing	Samples -> Loops and Chords -> Drum Loops -> Full Loops	Duet Fill 2 102bpm	
Ableton	Chop and Swing	Samples -> Loops and Chords -> Drum Loops -> Full Loops	Duet Fill 3 102bpm	
Ableton	Chop and Swing	Samples -> Loops and Chords -> Drum Loops -> Full Loops	Fuzz Drums Intro and Groove 90bpm	
Ableton	Chop and Swing	Samples -> Loops and Chords -> Drum Loops -> Full Loops	Game Time 100bpm	
Ableton	Chop and Swing	Samples -> Loops and Chords -> Drum Loops -> Full Loops	Ghost Note Groove 99bpm	
Ableton	Chop and Swing	Samples -> Loops and Chords -> Drum Loops -> Full Loops	Hop Step Fill 135bpm	
Ableton	Chop and Swing	Samples -> Loops and Chords -> Drum Loops -> Full Loops	Intro and Groove 76bpm	
Ableton	Chop and Swing	Samples -> Loops and Chords -> Drum Loops -> Full Loops	Intro and Tom Shuffle Groove 76bpm	
Ableton	Chop and Swing	Samples -> Loops and Chords -> Drum Loops -> Full Loops	Levelheaded Loop 90bpm	
Ableton	Chop and Swing	Samples -> Loops and Chords -> Drum Loops -> Full Loops	LL Loop 79 BPM	
Ableton	Chop and Swing	Samples -> Loops and Chords -> Drum Loops -> Full Loops	Maschine Drive Break 100bpm	
Ableton	Chop and Swing	Samples -> Loops and Chords -> Drum Loops -> Full Loops	MBreak 9-8 75bpm	
Ableton	Chop and Swing	Samples -> Loops and Chords -> Drum Loops -> Full Loops	My One Is Not Your One 75bpm	
Ableton	Chop and Swing	Samples -> Loops and Chords -> Drum Loops -> Full Loops	Root Beers Glitch Loop 82bpm	
Ableton	Chop and Swing	Samples -> Loops and Chords -> Drum Loops -> Full Loops	Sidestick Break 81bpm	
Ableton	Chop and Swing	Samples -> Loops and Chords -> Drum Loops -> Full Loops	Slack Lazy Loop 90bpm	
Ableton	Chop and Swing	Samples -> Loops and Chords -> Drum Loops -> Full Loops	Slack Man Fill 105bpm	
Ableton	Chop and Swing	Samples -> Loops and Chords -> Drum Loops -> Full Loops	Slow Mo Slop 85bpm	
Ableton	Chop and Swing	Samples -> Loops and Chords -> Drum Loops -> Full Loops	Stumblin Loop 101bpm	
Ableton	Chop and Swing	Samples -> Loops and Chords -> Drum Loops -> Full Loops	Swayze Loop 105bpm	
Ableton	Chop and Swing	Samples -> Loops and Chords -> Drum Loops -> Full Loops	The Blocks Break 100bpm	
Ableton	Chop and Swing	Samples -> Loops and Chords -> Drum Loops -> Full Loops	Tom Intro and Groove 74bpm	
Ableton	Chop and Swing	Samples -> Loops and Chords -> Drum Loops -> Full Loops	Troit Cold Kut Fill	
Ableton	Chop and Swing	Samples -> Loops and Chords -> Drum Loops -> Full Loops	Twice the Same Loop 76bpm	
Ableton	Chop and Swing	Samples -> Loops and Chords -> Drum Loops -> Full Loops	Unfair Break 100bpm	
Ableton	Chop and Swing	Samples -> Loops and Chords -> Drum Loops -> Full Loops	Wayward Loop 76bpm	
Ableton	Chop and Swing	Samples -> Loops and Chords -> Drum Loops -> Full Loops	Yan Sea 88bpm	
Ableton	Chop and Swing	Samples -> Loops and Chords -> Drum Loops -> Full Loops	Yolo Loop 88bpm	
Ableton	Chop and Swing	Samples -> Loops and Chords -> Drum Loops -> Perc Loops	Acoustic Kick Loop 86bpm	
Ableton	Chop and Swing	Samples -> Loops and Chords -> Drum Loops -> Perc Loops	Agogo Bells 1 90bpm	
Ableton	Chop and Swing	Samples -> Loops and Chords -> Drum Loops -> Perc Loops	Agogo Bells 2 90bpm	
Ableton	Chop and Swing	Samples -> Loops and Chords -> Drum Loops -> Perc Loops	Beaded Gourd 90bpm	
Ableton	Chop and Swing	Samples -> Loops and Chords -> Drum Loops -> Perc Loops	Bell Loop 90bpm	
Ableton	Chop and Swing	Samples -> Loops and Chords -> Drum Loops -> Perc Loops	Bell Shake 90bpm	
Ableton	Chop and Swing	Samples -> Loops and Chords -> Drum Loops -> Perc Loops	Cajon Loop 1 90bpm	
Ableton	Chop and Swing	Samples -> Loops and Chords -> Drum Loops -> Perc Loops	Cajon Loop 2 89bpm	
Ableton	Chop and Swing	Samples -> Loops and Chords -> Drum Loops -> Perc Loops	Conga Delay FX Loop 85bpm	
Ableton	Chop and Swing	Samples -> Loops and Chords -> Drum Loops -> Perc Loops	Conga Loop 90bpm	
Ableton	Chop and Swing	Samples -> Loops and Chords -> Drum Loops -> Perc Loops	Congas Loop 79bpm	
Ableton	Chop and Swing	Samples -> Loops and Chords -> Drum Loops -> Perc Loops	Congas Percussion Mix 79bpm	
Ableton	Chop and Swing	Samples -> Loops and Chords -> Drum Loops -> Perc Loops	Cowbell Clave 90bpm	
Ableton	Chop and Swing	Samples -> Loops and Chords -> Drum Loops -> Perc Loops	Drum Fill 96bpm	
Ableton	Chop and Swing	Samples -> Loops and Chords -> Drum Loops -> Perc Loops	Guiro Loop 90bpm	
Ableton	Chop and Swing	Samples -> Loops and Chords -> Drum Loops -> Perc Loops	Handle This 110bpm	
Ableton	Chop and Swing	Samples -> Loops and Chords -> Drum Loops -> Perc Loops	Kick Ass Fill	
Ableton	Chop and Swing	Samples -> Loops and Chords -> Drum Loops -> Perc Loops	Live Movements 98bpm	
Ableton	Chop and Swing	Samples -> Loops and Chords -> Drum Loops -> Perc Loops	Low Tom Fill 79bpm	
Ableton	Chop and Swing	Samples -> Loops and Chords -> Drum Loops -> Perc Loops	Mixed Bag Perc	
Ableton	Chop and Swing	Samples -> Loops and Chords -> Drum Loops -> Perc Loops	Picnic Snare	
Ableton	Chop and Swing	Samples -> Loops and Chords -> Drum Loops -> Perc Loops	Programmed Bongo 84bpm	
Ableton	Chop and Swing	Samples -> Loops and Chords -> Drum Loops -> Perc Loops	Sandblocks Loop 1 90bpm	
Ableton	Chop and Swing	Samples -> Loops and Chords -> Drum Loops -> Perc Loops	Sandblocks Loop 2 90bpm	
Ableton	Chop and Swing	Samples -> Loops and Chords -> Drum Loops -> Perc Loops	Sandblocks Loop 90bpm	
Ableton	Chop and Swing	Samples -> Loops and Chords -> Drum Loops -> Perc Loops	Sticks Loop 76bpm	
Ableton	Chop and Swing	Samples -> Loops and Chords -> Drum Loops -> Perc Loops	Tambo and Timbales Loop 90bpm	
Ableton	Chop and Swing	Samples -> Loops and Chords -> Drum Loops -> Perc Loops	Tambo Loop 90bpm	
Ableton	Chop and Swing	Samples -> Loops and Chords -> Drum Loops -> Perc Loops	Tambourine Loop 89bpm	
Ableton	Chop and Swing	Samples -> Loops and Chords -> Drum Loops -> Perc Loops	Tribe Called Bundy 97 bpm	
Ableton	Chop and Swing	Samples -> Loops and Chords -> Drum Loops -> Top Loops	Baxter Hihat Loop 99 bpm	
Ableton	Chop and Swing	Samples -> Loops and Chords -> Drum Loops -> Top Loops	Closed Hats 16th 69bpm	
Ableton	Chop and Swing	Samples -> Loops and Chords -> Drum Loops -> Top Loops	Edgy Closed 16th Hats Loop 80bpm	
Ableton	Chop and Swing	Samples -> Loops and Chords -> Drum Loops -> Top Loops	Flange Hat 75bpm	
Ableton	Chop and Swing	Samples -> Loops and Chords -> Drum Loops -> Top Loops	Glitchy Shakes	
Ableton	Chop and Swing	Samples -> Loops and Chords -> Drum Loops -> Top Loops	Groovy Tambo 90bpm	
Ableton	Chop and Swing	Samples -> Loops and Chords -> Drum Loops -> Top Loops	Hats and Sidestick 67bpm	
Ableton	Chop and Swing	Samples -> Loops and Chords -> Drum Loops -> Top Loops	Hickup Hihats 73bpm	
Ableton	Chop and Swing	Samples -> Loops and Chords -> Drum Loops -> Top Loops	High Pass Beat 66bpm	
Ableton	Chop and Swing	Samples -> Loops and Chords -> Drum Loops -> Top Loops	Hihat Closed MSX 1 97bpm	
Ableton	Chop and Swing	Samples -> Loops and Chords -> Drum Loops -> Top Loops	Hihat Closed MSX 2 97bpm	
Ableton	Chop and Swing	Samples -> Loops and Chords -> Drum Loops -> Top Loops	Hihat Closed MSX 3 91bpm	
Ableton	Chop and Swing	Samples -> Loops and Chords -> Drum Loops -> Top Loops	Hihat Patterns ca 100bpm	
Ableton	Chop and Swing	Samples -> Loops and Chords -> Drum Loops -> Top Loops	Hihat Quarter Loop 86bpm	
Ableton	Chop and Swing	Samples -> Loops and Chords -> Drum Loops -> Top Loops	Hihats Closed 16th Loop 84bpm	
Ableton	Chop and Swing	Samples -> Loops and Chords -> Drum Loops -> Top Loops	Hilliman Hihats 125bpm	
Ableton	Chop and Swing	Samples -> Loops and Chords -> Drum Loops -> Top Loops	Lazy Hats 124bpm	
Ableton	Chop and Swing	Samples -> Loops and Chords -> Drum Loops -> Top Loops	Lonely Shakes 86bpm	
Ableton	Chop and Swing	Samples -> Loops and Chords -> Drum Loops -> Top Loops	Mayne Groove 88bpm	
Ableton	Chop and Swing	Samples -> Loops and Chords -> Drum Loops -> Top Loops	Open Offbeat Hats 67bpm	
Ableton	Chop and Swing	Samples -> Loops and Chords -> Drum Loops -> Top Loops	Pressure Hats 85bpm	
Ableton	Chop and Swing	Samples -> Loops and Chords -> Drum Loops -> Top Loops	Ray C Groove 87bpm	
Ableton	Chop and Swing	Samples -> Loops and Chords -> Drum Loops -> Top Loops	Rollin Stone Hihat 64bpm	
Ableton	Chop and Swing	Samples -> Loops and Chords -> Drum Loops -> Top Loops	Roomy Hihats 85bpm	
Ableton	Chop and Swing	Samples -> Loops and Chords -> Drum Loops -> Top Loops	Sauce Loop 75bpm	
Ableton	Chop and Swing	Samples -> Loops and Chords -> Drum Loops -> Top Loops	Snare MSX 7	
Ableton	Chop and Swing	Samples -> Loops and Chords -> Drum Loops -> Top Loops	Straight Ride Bells 86bpm	
Ableton	Chop and Swing	Samples -> Loops and Chords -> Drum Loops -> Top Loops	Swanky Hats 69bpm	
Ableton	Chop and Swing	Samples -> Loops and Chords -> Drum Loops -> Top Loops	Vinyl Hats 81bpm	
Ableton	Chop and Swing	Samples -> Loops and Chords -> Drum Loops -> Top Loops	Voodoo Hihat 85bpm	
Ableton	Chop and Swing	Samples -> Loops and Chords -> Drum Loops -> Top Loops	You Betta Stop Tambo 110bpm	
Ableton	Chop and Swing	Samples -> Loops and Chords -> Music Loops -> Bass Loops	Aperture Bass E 100bpm	
Ableton	Chop and Swing	Samples -> Loops and Chords -> Music Loops -> Bass Loops	Bass A 100bpm	
Ableton	Chop and Swing	Samples -> Loops and Chords -> Music Loops -> Bass Loops	Bass A 108bpm	
Ableton	Chop and Swing	Samples -> Loops and Chords -> Music Loops -> Bass Loops	Bass A 87bpm	
Ableton	Chop and Swing	Samples -> Loops and Chords -> Music Loops -> Bass Loops	Bass A 89bpm	
Ableton	Chop and Swing	Samples -> Loops and Chords -> Music Loops -> Bass Loops	Bass A# 100bpm	
Ableton	Chop and Swing	Samples -> Loops and Chords -> Music Loops -> Bass Loops	Bass A# 89bpm	
Ableton	Chop and Swing	Samples -> Loops and Chords -> Music Loops -> Bass Loops	Bass Am Progression 108bpm	
Ableton	Chop and Swing	Samples -> Loops and Chords -> Music Loops -> Bass Loops	Bass B 100bpm	
Ableton	Chop and Swing	Samples -> Loops and Chords -> Music Loops -> Bass Loops	Bass B 108bpm	
Ableton	Chop and Swing	Samples -> Loops and Chords -> Music Loops -> Bass Loops	Bass B 87bpm	
Ableton	Chop and Swing	Samples -> Loops and Chords -> Music Loops -> Bass Loops	Bass C 89bpm	
Ableton	Chop and Swing	Samples -> Loops and Chords -> Music Loops -> Bass Loops	Bass C# 87bpm	
Ableton	Chop and Swing	Samples -> Loops and Chords -> Music Loops -> Bass Loops	Bass D 86bpm	
Ableton	Chop and Swing	Samples -> Loops and Chords -> Music Loops -> Bass Loops	Bass Eb 85bpm	
Ableton	Chop and Swing	Samples -> Loops and Chords -> Music Loops -> Bass Loops	Bass Eb Part 1 90bpm	
Ableton	Chop and Swing	Samples -> Loops and Chords -> Music Loops -> Bass Loops	Bass Eb Part 2 90bpm	
Ableton	Chop and Swing	Samples -> Loops and Chords -> Music Loops -> Bass Loops	Bass Eb Part 3 90bpm	
Ableton	Chop and Swing	Samples -> Loops and Chords -> Music Loops -> Bass Loops	Bass Eb Part 4 90bpm	
Ableton	Chop and Swing	Samples -> Loops and Chords -> Music Loops -> Bass Loops	Bass F 89bpm	
Ableton	Chop and Swing	Samples -> Loops and Chords -> Music Loops -> Bass Loops	Bass G# 108bpm	
Ableton	Chop and Swing	Samples -> Loops and Chords -> Music Loops -> Bass Loops	Bass G# 87bpm	
Ableton	Chop and Swing	Samples -> Loops and Chords -> Music Loops -> Bass Loops	Bass G# 89bpm	
Ableton	Chop and Swing	Samples -> Loops and Chords -> Music Loops -> Bass Loops	Bass Overdrive A 80bpm	
Ableton	Chop and Swing	Samples -> Loops and Chords -> Music Loops -> Bass Loops	Bass Overdrive Eb 85bpm	
Ableton	Chop and Swing	Samples -> Loops and Chords -> Music Loops -> Bass Loops	Bass Ride At Night D# 100bpm	
Ableton	Chop and Swing	Samples -> Loops and Chords -> Music Loops -> Bass Loops	Bass Room G# 95bpm	
Ableton	Chop and Swing	Samples -> Loops and Chords -> Music Loops -> Bass Loops	Bass Skandalouz F 96bpm	
Ableton	Chop and Swing	Samples -> Loops and Chords -> Music Loops -> Bass Loops	Bass Slap F# 100bpm	
Ableton	Chop and Swing	Samples -> Loops and Chords -> Music Loops -> Bass Loops	Bass Song 93bpm	
Ableton	Chop and Swing	Samples -> Loops and Chords -> Music Loops -> Bass Loops	Bass Sustained C 75bpm	
Ableton	Chop and Swing	Samples -> Loops and Chords -> Music Loops -> Bass Loops	Descending Bass Figure G 90bpm	
Ableton	Chop and Swing	Samples -> Loops and Chords -> Music Loops -> Bass Loops	Maschine Drive Bass D# 100bpm	
Ableton	Chop and Swing	Samples -> Loops and Chords -> Music Loops -> FX Loops	Applause Loop	
Ableton	Chop and Swing	Samples -> Loops and Chords -> Music Loops -> FX Loops	Crackle Loop	
Ableton	Chop and Swing	Samples -> Loops and Chords -> Music Loops -> FX Loops	Potato Chip Loop	
Ableton	Chop and Swing	Samples -> Loops and Chords -> Music Loops -> FX Loops	Vinyl Crackles MSX	
Ableton	Chop and Swing	Samples -> Loops and Chords -> Music Loops -> FX Loops	Vinyl Noise Zoned	
Ableton	Chop and Swing	Samples -> Loops and Chords -> Music Loops -> Guitar Loops	Acoustic Guitar 1 LPan C 84bpm	
Ableton	Chop and Swing	Samples -> Loops and Chords -> Music Loops -> Guitar Loops	Acoustic Guitar 2 LPan C 84bpm	
Ableton	Chop and Swing	Samples -> Loops and Chords -> Music Loops -> Guitar Loops	Acoustic Guitar 3 LPan C 84bpm	
Ableton	Chop and Swing	Samples -> Loops and Chords -> Music Loops -> Guitar Loops	Acoustic Guitar 4 RPan C 84bpm	
Ableton	Chop and Swing	Samples -> Loops and Chords -> Music Loops -> Guitar Loops	Acoustic Guitar 5 RPan C 84bpm	
Ableton	Chop and Swing	Samples -> Loops and Chords -> Music Loops -> Guitar Loops	Acoustic Guitar 6 RPan C 84bpm	
Ableton	Chop and Swing	Samples -> Loops and Chords -> Music Loops -> Guitar Loops	Guitar Am 89bpm	
Ableton	Chop and Swing	Samples -> Loops and Chords -> Music Loops -> Guitar Loops	Guitar Delay Gm 120bpm	
Ableton	Chop and Swing	Samples -> Loops and Chords -> Music Loops -> Guitar Loops	Guitar Doom Bb 82bpm	
Ableton	Chop and Swing	Samples -> Loops and Chords -> Music Loops -> Guitar Loops	Guitar Game Time B 101bpm	
Ableton	Chop and Swing	Samples -> Loops and Chords -> Music Loops -> Guitar Loops	Guitar Harmonics Dm 132bpm	
Ableton	Chop and Swing	Samples -> Loops and Chords -> Music Loops -> Guitar Loops	Guitar Ride At Night Eb 6_4 150bpm	
Ableton	Chop and Swing	Samples -> Loops and Chords -> Music Loops -> Guitar Loops	Guitar Solo Phrase Lo-Fi C# 75bpm	
Ableton	Chop and Swing	Samples -> Loops and Chords -> Music Loops -> Guitar Loops	Guitar The D 100bpm	
Ableton	Chop and Swing	Samples -> Loops and Chords -> Music Loops -> Guitar Loops	Guitar Wah Dm 89bpm	
Ableton	Chop and Swing	Samples -> Loops and Chords -> Music Loops -> Keys Loops	Dirty Herbie Chords 73bpm	
Ableton	Chop and Swing	Samples -> Loops and Chords -> Music Loops -> Keys Loops	Drawbar Organ Am 82bpm	
Ableton	Chop and Swing	Samples -> Loops and Chords -> Music Loops -> Keys Loops	E-Piano Aperture E 73bpm	
Ableton	Chop and Swing	Samples -> Loops and Chords -> Music Loops -> Keys Loops	E-Piano Bass A 73bpm	
Ableton	Chop and Swing	Samples -> Loops and Chords -> Music Loops -> Keys Loops	E-Piano Chords D# 73bpm	
Ableton	Chop and Swing	Samples -> Loops and Chords -> Music Loops -> Keys Loops	E-Piano Class Clown D 100bpm	
Ableton	Chop and Swing	Samples -> Loops and Chords -> Music Loops -> Keys Loops	E-Piano Coral Gables F# 100bpm	
Ableton	Chop and Swing	Samples -> Loops and Chords -> Music Loops -> Keys Loops	E-Piano D 80bpm	
Ableton	Chop and Swing	Samples -> Loops and Chords -> Music Loops -> Keys Loops	E-Piano D#m 97bpm	
Ableton	Chop and Swing	Samples -> Loops and Chords -> Music Loops -> Keys Loops	E-Piano Descending Bass C# 73bpm	
Ableton	Chop and Swing	Samples -> Loops and Chords -> Music Loops -> Keys Loops	E-Piano Dm 100bpm	
Ableton	Chop and Swing	Samples -> Loops and Chords -> Music Loops -> Keys Loops	E-Piano F 82bpm	
Ableton	Chop and Swing	Samples -> Loops and Chords -> Music Loops -> Keys Loops	E-Piano Figure C# 73bpm	
Ableton	Chop and Swing	Samples -> Loops and Chords -> Music Loops -> Keys Loops	E-Piano Maschine Drive D#m 100bpm	
Ableton	Chop and Swing	Samples -> Loops and Chords -> Music Loops -> Keys Loops	E-Piano Pan Cm 76bpm	
Ableton	Chop and Swing	Samples -> Loops and Chords -> Music Loops -> Keys Loops	E-Piano Pan F 70bpm	
Ableton	Chop and Swing	Samples -> Loops and Chords -> Music Loops -> Keys Loops	E-Piano Progression Cm 84bpm	
Ableton	Chop and Swing	Samples -> Loops and Chords -> Music Loops -> Keys Loops	E-Piano Sustained Cm 84bpm	
Ableton	Chop and Swing	Samples -> Loops and Chords -> Music Loops -> Keys Loops	E-Piano Unfair G 100bpm	
Ableton	Chop and Swing	Samples -> Loops and Chords -> Music Loops -> Keys Loops	E-Piano Walk G 142bpm	
Ableton	Chop and Swing	Samples -> Loops and Chords -> Music Loops -> Keys Loops	Electronic Piano Dm 88bpm	
Ableton	Chop and Swing	Samples -> Loops and Chords -> Music Loops -> Keys Loops	Gospel Organ Dm	
Ableton	Chop and Swing	Samples -> Loops and Chords -> Music Loops -> Keys Loops	Impulse Chord F	
Ableton	Chop and Swing	Samples -> Loops and Chords -> Music Loops -> Keys Loops	Jazz Piano C#m 80bpm	
Ableton	Chop and Swing	Samples -> Loops and Chords -> Music Loops -> Keys Loops	Large Living 79bpm	
Ableton	Chop and Swing	Samples -> Loops and Chords -> Music Loops -> Keys Loops	Melo Piano D 75bpm	
Ableton	Chop and Swing	Samples -> Loops and Chords -> Music Loops -> Keys Loops	Organ Ebm 85bpm	
Ableton	Chop and Swing	Samples -> Loops and Chords -> Music Loops -> Keys Loops	Padre Progression Am 88bpm	
Ableton	Chop and Swing	Samples -> Loops and Chords -> Music Loops -> Keys Loops	Piano Bm 81bpm	
Ableton	Chop and Swing	Samples -> Loops and Chords -> Music Loops -> Keys Loops	Piano Parts C 76bpm	
Ableton	Chop and Swing	Samples -> Loops and Chords -> Music Loops -> Keys Loops	Piano Progression C 73bpm	
Ableton	Chop and Swing	Samples -> Loops and Chords -> Music Loops -> Keys Loops	Piano Progression Cm 84bpm	
Ableton	Chop and Swing	Samples -> Loops and Chords -> Music Loops -> Keys Loops	Piano Progression E 85bpm	
Ableton	Chop and Swing	Samples -> Loops and Chords -> Music Loops -> Keys Loops	Piano Strings Layer Gm 70bpm	
Ableton	Chop and Swing	Samples -> Loops and Chords -> Music Loops -> Keys Loops	Processed Piano A 74bpm	
Ableton	Chop and Swing	Samples -> Loops and Chords -> Music Loops -> Keys Loops	Rhythm Organ D# 90bpm	
Ableton	Chop and Swing	Samples -> Loops and Chords -> Music Loops -> Keys Loops	Simp Organ Aperture D 100bpm	
Ableton	Chop and Swing	Samples -> Loops and Chords -> Music Loops -> Keys Loops	Smooth E-Piano 1 A 73bpm	
Ableton	Chop and Swing	Samples -> Loops and Chords -> Music Loops -> Keys Loops	Smooth E-Piano 2 A 73bpm	
Ableton	Chop and Swing	Samples -> Loops and Chords -> Music Loops -> Keys Loops	Soul Pianist Glock Bbm 98bpm	
Ableton	Chop and Swing	Samples -> Loops and Chords -> Music Loops -> Keys Loops	Stage Tremo Ebm7 130bpm	
Ableton	Chop and Swing	Samples -> Loops and Chords -> Music Loops -> Keys Loops	Straight Piano Chords Am 87bpm	
Ableton	Chop and Swing	Samples -> Loops and Chords -> Music Loops -> Keys Loops	Tremolo Organ D 114bpm	
Ableton	Chop and Swing	Samples -> Loops and Chords -> Music Loops -> Keys Loops	Vampire Organ Bm 94bpm	
Ableton	Chop and Swing	Samples -> Loops and Chords -> Music Loops -> Keys Loops	Vibes Aperture D 102bpm	
Ableton	Chop and Swing	Samples -> Loops and Chords -> Music Loops -> Keys Loops	Vibes Coral Gables C# 100bpm	
Ableton	Chop and Swing	Samples -> Loops and Chords -> Music Loops -> Keys Loops	Vibes Maschine Drive Eb 100bpm	
Ableton	Chop and Swing	Samples -> Loops and Chords -> Music Loops -> Keys Loops	Vibes The C 100bpm	
Ableton	Chop and Swing	Samples -> Loops and Chords -> Music Loops -> Orchestral Loops	Flute Fm 82bpm	
Ableton	Chop and Swing	Samples -> Loops and Chords -> Music Loops -> Orchestral Loops	Strings F# 80bpm	
Ableton	Chop and Swing	Samples -> Loops and Chords -> Music Loops -> Orchestral Loops	Strings Staccato F#m 86bpm	
Ableton	Chop and Swing	Samples -> Loops and Chords -> Music Loops -> Orchestral Loops	Tape Choir Cm 85bpm	
Ableton	Chop and Swing	Samples -> Loops and Chords -> Music Loops -> Orchestral Loops	Twisted Flutes 148bpm	
Ableton	Chop and Swing	Samples -> Loops and Chords -> Music Loops -> Synth Loops	Bell E 84bpm	
Ableton	Chop and Swing	Samples -> Loops and Chords -> Music Loops -> Synth Loops	Distant Whistles Bbm 98bpm	
Ableton	Chop and Swing	Samples -> Loops and Chords -> Music Loops -> Synth Loops	Flanged lead C# 76bpm	
Ableton	Chop and Swing	Samples -> Loops and Chords -> Music Loops -> Synth Loops	Pad and Bell Dm 109bpm	
Ableton	Chop and Swing	Samples -> Loops and Chords -> Music Loops -> Synth Loops	Sitar Sitdown Dm 88bpm	
Ableton	Chop and Swing	Samples -> Loops and Chords -> Music Loops -> Synth Loops	Soft Synth Arpeggio C	
Ableton	Chop and Swing	Samples -> Loops and Chords -> Music Loops -> Synth Loops	Synth Keys Chords D 104bpm	
Ableton	Chop and Swing	Samples -> Loops and Chords -> Music Loops -> Synth Loops	Synth Killerbees E 90 bpm	
Ableton	Chop and Swing	Samples -> One Shots -> Bass	Bass 212	
Ableton	Chop and Swing	Samples -> One Shots -> Bass	Bass Bang	
Ableton	Chop and Swing	Samples -> One Shots -> Bass	Bass Buttermilk	
Ableton	Chop and Swing	Samples -> One Shots -> Bass	Bass Cry	
Ableton	Chop and Swing	Samples -> One Shots -> Bass	Bass F Fly	
Ableton	Chop and Swing	Samples -> One Shots -> Bass	Bass Guitar Fly	
Ableton	Chop and Swing	Samples -> One Shots -> Bass	Bass Rupert	
Ableton	Chop and Swing	Samples -> One Shots -> Bass	Bass Sub Eb	
Ableton	Chop and Swing	Samples -> One Shots -> Drums -> Bell	Bells Jingle	
Ableton	Chop and Swing	Samples -> One Shots -> Drums -> Bell	Chimes Ruff Sparkle	
Ableton	Chop and Swing	Samples -> One Shots -> Drums -> Bell	Cowbell Corner	
Ableton	Chop and Swing	Samples -> One Shots -> Drums -> Bell	Cowbell Cracked	
Ableton	Chop and Swing	Samples -> One Shots -> Drums -> Bell	Cowbell Vintage	
Ableton	Chop and Swing	Samples -> One Shots -> Drums -> Bell	Triangle Streets	
Ableton	Chop and Swing	Samples -> One Shots -> Drums -> Bell	Triangle Wah Soul	
Ableton	Chop and Swing	Samples -> One Shots -> Drums -> Boom	Boom Butter	
Ableton	Chop and Swing	Samples -> One Shots -> Drums -> Boom	Boom Buttermilk	
Ableton	Chop and Swing	Samples -> One Shots -> Drums -> Boom	Boom Growth	
Ableton	Chop and Swing	Samples -> One Shots -> Drums -> Boom	Boom Heart	
Ableton	Chop and Swing	Samples -> One Shots -> Drums -> Chops	Break Fast	
Ableton	Chop and Swing	Samples -> One Shots -> Drums -> Chops	Choctaw Chop 104bpm	
Ableton	Chop and Swing	Samples -> One Shots -> Drums -> Chops	Chop Hat MSX	
Ableton	Chop and Swing	Samples -> One Shots -> Drums -> Chops	Chop MSX XTRA	
Ableton	Chop and Swing	Samples -> One Shots -> Drums -> Chops	Cowbell Chop Shot	
Ableton	Chop and Swing	Samples -> One Shots -> Drums -> Chops	Crash Kick	
Ableton	Chop and Swing	Samples -> One Shots -> Drums -> Chops	Cymbal Chop	
Ableton	Chop and Swing	Samples -> One Shots -> Drums -> Chops	Dudum Chop	
Ableton	Chop and Swing	Samples -> One Shots -> Drums -> Chops	FatDomino Drums 01 73bpm	
Ableton	Chop and Swing	Samples -> One Shots -> Drums -> Chops	FatDomino Drums 02 73bpm	
Ableton	Chop and Swing	Samples -> One Shots -> Drums -> Chops	FatDomino Drums 03 73bpm	
Ableton	Chop and Swing	Samples -> One Shots -> Drums -> Chops	FatDomino Drums 04 73bpm	
Ableton	Chop and Swing	Samples -> One Shots -> Drums -> Chops	FatDomino Drums 05 73bpm	
Ableton	Chop and Swing	Samples -> One Shots -> Drums -> Chops	FatDomino Drums 06	
Ableton	Chop and Swing	Samples -> One Shots -> Drums -> Chops	FatDomino Drums 07	
Ableton	Chop and Swing	Samples -> One Shots -> Drums -> Chops	FatDomino Drums 08	
Ableton	Chop and Swing	Samples -> One Shots -> Drums -> Chops	FatDomino Drums 09	
Ableton	Chop and Swing	Samples -> One Shots -> Drums -> Chops	FatDomino Drums 10	
Ableton	Chop and Swing	Samples -> One Shots -> Drums -> Chops	FatDomino Drums 11	
Ableton	Chop and Swing	Samples -> One Shots -> Drums -> Chops	FatDomino Drums 12	
Ableton	Chop and Swing	Samples -> One Shots -> Drums -> Chops	FatDomino Drums 13	
Ableton	Chop and Swing	Samples -> One Shots -> Drums -> Chops	Gilbroslap Chop	
Ableton	Chop and Swing	Samples -> One Shots -> Drums -> Chops	Ginger Drums 1	
Ableton	Chop and Swing	Samples -> One Shots -> Drums -> Chops	Ginger Drums 2	
Ableton	Chop and Swing	Samples -> One Shots -> Drums -> Chops	Glyphx Chop	
Ableton	Chop and Swing	Samples -> One Shots -> Drums -> Chops	Hat Choctaw 147bpm	
Ableton	Chop and Swing	Samples -> One Shots -> Drums -> Chops	Hats Off Chop	
Ableton	Chop and Swing	Samples -> One Shots -> Drums -> Chops	Heavy Kicks	
Ableton	Chop and Swing	Samples -> One Shots -> Drums -> Chops	Hoodie Cadence	
Ableton	Chop and Swing	Samples -> One Shots -> Drums -> Chops	Ill Fill	
Ableton	Chop and Swing	Samples -> One Shots -> Drums -> Chops	Jingle Hat	
Ableton	Chop and Swing	Samples -> One Shots -> Drums -> Chops	Jollyvilles Drums 1	
Ableton	Chop and Swing	Samples -> One Shots -> Drums -> Chops	Jollyvilles Drums 2	
Ableton	Chop and Swing	Samples -> One Shots -> Drums -> Chops	Jollyvilles Drums 3	
Ableton	Chop and Swing	Samples -> One Shots -> Drums -> Chops	Kick and clap EQ	
Ableton	Chop and Swing	Samples -> One Shots -> Drums -> Chops	Kick Chop	
Ableton	Chop and Swing	Samples -> One Shots -> Drums -> Chops	Kicks Chop 100bpm	
Ableton	Chop and Swing	Samples -> One Shots -> Drums -> Chops	Mood Swing Slap	
Ableton	Chop and Swing	Samples -> One Shots -> Drums -> Chops	OG Boombap Kick	
Ableton	Chop and Swing	Samples -> One Shots -> Drums -> Chops	Quicken Snip Snare	
Ableton	Chop and Swing	Samples -> One Shots -> Drums -> Chops	Safari Slaps 1	
Ableton	Chop and Swing	Samples -> One Shots -> Drums -> Chops	Safari Slaps 2	
Ableton	Chop and Swing	Samples -> One Shots -> Drums -> Chops	Safari Slaps 3	
Ableton	Chop and Swing	Samples -> One Shots -> Drums -> Chops	Slap Hat	
Ableton	Chop and Swing	Samples -> One Shots -> Drums -> Chops	Snare Ghosts	
Ableton	Chop and Swing	Samples -> One Shots -> Drums -> Chops	Tabloreeen Chop	
Ableton	Chop and Swing	Samples -> One Shots -> Drums -> Chops	Trash Jangles	
Ableton	Chop and Swing	Samples -> One Shots -> Drums -> Clap	Clap Alley	
Ableton	Chop and Swing	Samples -> One Shots -> Drums -> Clap	Clap Analog Temper	
Ableton	Chop and Swing	Samples -> One Shots -> Drums -> Clap	Clap Blueprint	
Ableton	Chop and Swing	Samples -> One Shots -> Drums -> Clap	Clap Broken Heart	
Ableton	Chop and Swing	Samples -> One Shots -> Drums -> Clap	Clap Canvas	
Ableton	Chop and Swing	Samples -> One Shots -> Drums -> Clap	Clap Clampy	
Ableton	Chop and Swing	Samples -> One Shots -> Drums -> Clap	Clap Clappa	
Ableton	Chop and Swing	Samples -> One Shots -> Drums -> Clap	Clap Hat Wah Soul	
Ableton	Chop and Swing	Samples -> One Shots -> Drums -> Clap	Clap High Rise	
Ableton	Chop and Swing	Samples -> One Shots -> Drums -> Clap	Clap Peace	
Ableton	Chop and Swing	Samples -> One Shots -> Drums -> Clap	Clap Perc Vintage	
Ableton	Chop and Swing	Samples -> One Shots -> Drums -> Clap	Clap Semi Real	
Ableton	Chop and Swing	Samples -> One Shots -> Drums -> Clap	Clap Stack	
Ableton	Chop and Swing	Samples -> One Shots -> Drums -> Clap	Clap Streets	
Ableton	Chop and Swing	Samples -> One Shots -> Drums -> Clap	clap sucka	
Ableton	Chop and Swing	Samples -> One Shots -> Drums -> Clap	Clap Taint	
Ableton	Chop and Swing	Samples -> One Shots -> Drums -> Clap	Clap Vicious	
Ableton	Chop and Swing	Samples -> One Shots -> Drums -> Clap	Clap Wild Canvas	
Ableton	Chop and Swing	Samples -> One Shots -> Drums -> Clap	Snap 16	
Ableton	Chop and Swing	Samples -> One Shots -> Drums -> Clap	Snap Bang	
Ableton	Chop and Swing	Samples -> One Shots -> Drums -> Clap	Snap Buttermilk	
Ableton	Chop and Swing	Samples -> One Shots -> Drums -> Clap	Snap Fly	
Ableton	Chop and Swing	Samples -> One Shots -> Drums -> Conga	Conga High Zoned	
Ableton	Chop and Swing	Samples -> One Shots -> Drums -> Conga	Conga Low Zoned	
Ableton	Chop and Swing	Samples -> One Shots -> Drums -> Cymbal	Crash Bang	
Ableton	Chop and Swing	Samples -> One Shots -> Drums -> Cymbal	Crash Blueprint [2019-10-14 171306] R	
Ableton	Chop and Swing	Samples -> One Shots -> Drums -> Cymbal	Crash Blueprint [2019-10-14 171306]	
Ableton	Chop and Swing	Samples -> One Shots -> Drums -> Cymbal	Crash Blueprint	
Ableton	Chop and Swing	Samples -> One Shots -> Drums -> Cymbal	Crash Canvas	
Ableton	Chop and Swing	Samples -> One Shots -> Drums -> Cymbal	Crash Ironman	
Ableton	Chop and Swing	Samples -> One Shots -> Drums -> Cymbal	Crash Milli	
Ableton	Chop and Swing	Samples -> One Shots -> Drums -> Cymbal	Crash Sticky	
Ableton	Chop and Swing	Samples -> One Shots -> Drums -> Cymbal	Crash Streets	
Ableton	Chop and Swing	Samples -> One Shots -> Drums -> Cymbal	Cymbal Crash Food	
Ableton	Chop and Swing	Samples -> One Shots -> Drums -> Cymbal	Cymbal Swell Come Up	
Ableton	Chop and Swing	Samples -> One Shots -> Drums -> Cymbal	Cymbal Swell Rise	
Ableton	Chop and Swing	Samples -> One Shots -> Drums -> Cymbal	Cymbal Vintage	
Ableton	Chop and Swing	Samples -> One Shots -> Drums -> FX Hit	FX Fly	
Ableton	Chop and Swing	Samples -> One Shots -> Drums -> FX Hit	FX Hit Shut The Door	
Ableton	Chop and Swing	Samples -> One Shots -> Drums -> FX Hit	FX Lazer Enterground	
Ableton	Chop and Swing	Samples -> One Shots -> Drums -> FX Hit	FX Perc Numerology	
Ableton	Chop and Swing	Samples -> One Shots -> Drums -> FX Hit	FX Riser Numerology	
Ableton	Chop and Swing	Samples -> One Shots -> Drums -> FX Hit	FX Sweep Vinyl	
Ableton	Chop and Swing	Samples -> One Shots -> Drums -> FX Hit	FX Sweeper Otherworldly	
Ableton	Chop and Swing	Samples -> One Shots -> Drums -> FX Hit	FX Sweeper Split	
Ableton	Chop and Swing	Samples -> One Shots -> Drums -> FX Hit	FX Table Tennis	
Ableton	Chop and Swing	Samples -> One Shots -> Drums -> FX Hit	FX Vinyl Bang	
Ableton	Chop and Swing	Samples -> One Shots -> Drums -> FX Hit	FX Vinyl Noise	
Ableton	Chop and Swing	Samples -> One Shots -> Drums -> Hihat	Hihat Closed 212	
Ableton	Chop and Swing	Samples -> One Shots -> Drums -> Hihat	Hihat Closed 89	
Ableton	Chop and Swing	Samples -> One Shots -> Drums -> Hihat	Hihat Closed 9th Wonder	
Ableton	Chop and Swing	Samples -> One Shots -> Drums -> Hihat	Hihat Closed Airy	
Ableton	Chop and Swing	Samples -> One Shots -> Drums -> Hihat	Hihat Closed Alley	
Ableton	Chop and Swing	Samples -> One Shots -> Drums -> Hihat	Hihat Closed Blueprint	
Ableton	Chop and Swing	Samples -> One Shots -> Drums -> Hihat	Hihat Closed Bright Canvas	
Ableton	Chop and Swing	Samples -> One Shots -> Drums -> Hihat	Hihat Closed Brown	
Ableton	Chop and Swing	Samples -> One Shots -> Drums -> Hihat	Hihat Closed Buttermilk	
Ableton	Chop and Swing	Samples -> One Shots -> Drums -> Hihat	Hihat Closed Buzz	
Ableton	Chop and Swing	Samples -> One Shots -> Drums -> Hihat	Hihat Closed Canvas	
Ableton	Chop and Swing	Samples -> One Shots -> Drums -> Hihat	Hihat Closed Corner	
Ableton	Chop and Swing	Samples -> One Shots -> Drums -> Hihat	Hihat Closed Crust	
Ableton	Chop and Swing	Samples -> One Shots -> Drums -> Hihat	Hihat Closed Dimpless	
Ableton	Chop and Swing	Samples -> One Shots -> Drums -> Hihat	Hihat Closed Dobbs	
Ableton	Chop and Swing	Samples -> One Shots -> Drums -> Hihat	Hihat Closed Fly	
Ableton	Chop and Swing	Samples -> One Shots -> Drums -> Hihat	Hihat Closed Grit	
Ableton	Chop and Swing	Samples -> One Shots -> Drums -> Hihat	Hihat Closed Jiggy	
Ableton	Chop and Swing	Samples -> One Shots -> Drums -> Hihat	Hihat Closed Loop	
Ableton	Chop and Swing	Samples -> One Shots -> Drums -> Hihat	Hihat Closed Numerology	
Ableton	Chop and Swing	Samples -> One Shots -> Drums -> Hihat	Hihat Closed Rusty	
Ableton	Chop and Swing	Samples -> One Shots -> Drums -> Hihat	Hihat Closed Sharp	
Ableton	Chop and Swing	Samples -> One Shots -> Drums -> Hihat	Hihat Closed Short Dobbs	
Ableton	Chop and Swing	Samples -> One Shots -> Drums -> Hihat	Hihat Closed Streets	
Ableton	Chop and Swing	Samples -> One Shots -> Drums -> Hihat	Hihat Closed Tailed	
Ableton	Chop and Swing	Samples -> One Shots -> Drums -> Hihat	Hihat Closed Tambo	
Ableton	Chop and Swing	Samples -> One Shots -> Drums -> Hihat	Hihat Closed TL Sharp	
Ableton	Chop and Swing	Samples -> One Shots -> Drums -> Hihat	Hihat Closed TL Shy	
Ableton	Chop and Swing	Samples -> One Shots -> Drums -> Hihat	Hihat Closed Trident	
Ableton	Chop and Swing	Samples -> One Shots -> Drums -> Hihat	Hihat Closed Vintage	
Ableton	Chop and Swing	Samples -> One Shots -> Drums -> Hihat	Hihat Closed Yoga	
Ableton	Chop and Swing	Samples -> One Shots -> Drums -> Hihat	Hihat Mix Bang	
Ableton	Chop and Swing	Samples -> One Shots -> Drums -> Hihat	Hihat Open Alley	
Ableton	Chop and Swing	Samples -> One Shots -> Drums -> Hihat	Hihat Open Bag	
Ableton	Chop and Swing	Samples -> One Shots -> Drums -> Hihat	Hihat Open Bang	
Ableton	Chop and Swing	Samples -> One Shots -> Drums -> Hihat	Hihat Open Canvas	
Ableton	Chop and Swing	Samples -> One Shots -> Drums -> Hihat	Hihat Open Ironman	
Ableton	Chop and Swing	Samples -> One Shots -> Drums -> Hihat	Hihat Open Kingsway	
Ableton	Chop and Swing	Samples -> One Shots -> Drums -> Hihat	Hihat Open Long	
Ableton	Chop and Swing	Samples -> One Shots -> Drums -> Hihat	Hihat Open Move	
Ableton	Chop and Swing	Samples -> One Shots -> Drums -> Hihat	Hihat Open Peace	
Ableton	Chop and Swing	Samples -> One Shots -> Drums -> Hihat	Hihat Open Pedal Wah Soul	
Ableton	Chop and Swing	Samples -> One Shots -> Drums -> Hihat	Hihat Open Pete	
Ableton	Chop and Swing	Samples -> One Shots -> Drums -> Hihat	Hihat Open Rub	
Ableton	Chop and Swing	Samples -> One Shots -> Drums -> Hihat	Hihat Open Slackjaw	
Ableton	Chop and Swing	Samples -> One Shots -> Drums -> Hihat	Hihat Open Wah Soul	
Ableton	Chop and Swing	Samples -> One Shots -> Drums -> Kick	Kick 212	
Ableton	Chop and Swing	Samples -> One Shots -> Drums -> Kick	Kick 808 Sub 212	
Ableton	Chop and Swing	Samples -> One Shots -> Drums -> Kick	Kick 808 Sub Wah Soul	
Ableton	Chop and Swing	Samples -> One Shots -> Drums -> Kick	Kick Acoustic Canvas	
Ableton	Chop and Swing	Samples -> One Shots -> Drums -> Kick	Kick Allee	
Ableton	Chop and Swing	Samples -> One Shots -> Drums -> Kick	Kick Bang	
Ableton	Chop and Swing	Samples -> One Shots -> Drums -> Kick	Kick Bell Wah Soul	
Ableton	Chop and Swing	Samples -> One Shots -> Drums -> Kick	Kick Booty	
Ableton	Chop and Swing	Samples -> One Shots -> Drums -> Kick	Kick Butter	
Ableton	Chop and Swing	Samples -> One Shots -> Drums -> Kick	Kick Buttermilk	
Ableton	Chop and Swing	Samples -> One Shots -> Drums -> Kick	Kick Canvas	
Ableton	Chop and Swing	Samples -> One Shots -> Drums -> Kick	Kick Classic Blueprint	
Ableton	Chop and Swing	Samples -> One Shots -> Drums -> Kick	Kick Corner	
Ableton	Chop and Swing	Samples -> One Shots -> Drums -> Kick	Kick Dense	
Ableton	Chop and Swing	Samples -> One Shots -> Drums -> Kick	Kick Dobbs	
Ableton	Chop and Swing	Samples -> One Shots -> Drums -> Kick	Kick Firm	
Ableton	Chop and Swing	Samples -> One Shots -> Drums -> Kick	Kick Hat Bang	
Ableton	Chop and Swing	Samples -> One Shots -> Drums -> Kick	Kick Hat Feel	
Ableton	Chop and Swing	Samples -> One Shots -> Drums -> Kick	Kick Hat Ironman	
Ableton	Chop and Swing	Samples -> One Shots -> Drums -> Kick	Kick High Boots	
Ableton	Chop and Swing	Samples -> One Shots -> Drums -> Kick	Kick Ironman	
Ableton	Chop and Swing	Samples -> One Shots -> Drums -> Kick	Kick Jiggy	
Ableton	Chop and Swing	Samples -> One Shots -> Drums -> Kick	Kick Move	
Ableton	Chop and Swing	Samples -> One Shots -> Drums -> Kick	Kick Muffled Blueprint	
Ableton	Chop and Swing	Samples -> One Shots -> Drums -> Kick	Kick Numerology	
Ableton	Chop and Swing	Samples -> One Shots -> Drums -> Kick	Kick Peace	
Ableton	Chop and Swing	Samples -> One Shots -> Drums -> Kick	Kick Reverb Peace	
Ableton	Chop and Swing	Samples -> One Shots -> Drums -> Kick	Kick Rise Classic	
Ableton	Chop and Swing	Samples -> One Shots -> Drums -> Kick	Kick Room Bang	
Ableton	Chop and Swing	Samples -> One Shots -> Drums -> Kick	Kick Simply Molded	
Ableton	Chop and Swing	Samples -> One Shots -> Drums -> Kick	Kick Sob	
Ableton	Chop and Swing	Samples -> One Shots -> Drums -> Kick	Kick Streets	
Ableton	Chop and Swing	Samples -> One Shots -> Drums -> Kick	Kick Sub Butter	
Ableton	Chop and Swing	Samples -> One Shots -> Drums -> Kick	Kick Sub Canvas	
Ableton	Chop and Swing	Samples -> One Shots -> Drums -> Kick	Kick Sub Jiggy	
Ableton	Chop and Swing	Samples -> One Shots -> Drums -> Kick	Kick Sub Move	
Ableton	Chop and Swing	Samples -> One Shots -> Drums -> Kick	Kick Sub Numerology	
Ableton	Chop and Swing	Samples -> One Shots -> Drums -> Kick	Kick Sub Shine	
Ableton	Chop and Swing	Samples -> One Shots -> Drums -> Kick	Kick Sub Wah Soul	
Ableton	Chop and Swing	Samples -> One Shots -> Drums -> Kick	Kick Sweet	
Ableton	Chop and Swing	Samples -> One Shots -> Drums -> Kick	Kick TL	
Ableton	Chop and Swing	Samples -> One Shots -> Drums -> Kick	Kick Tunnel	
Ableton	Chop and Swing	Samples -> One Shots -> Drums -> Kick	Kick Two Pack	
Ableton	Chop and Swing	Samples -> One Shots -> Drums -> Kick	Kick Wah Soul	
Ableton	Chop and Swing	Samples -> One Shots -> Drums -> Kick	Kick Woo	
Ableton	Chop and Swing	Samples -> One Shots -> Drums -> Kick	Kick Zoned	
Ableton	Chop and Swing	Samples -> One Shots -> Drums -> Misc Percussion	Click Saucepan	
Ableton	Chop and Swing	Samples -> One Shots -> Drums -> Misc Percussion	FX Perc Streets	
Ableton	Chop and Swing	Samples -> One Shots -> Drums -> Misc Percussion	Perc Asia Calls	
Ableton	Chop and Swing	Samples -> One Shots -> Drums -> Misc Percussion	Perc Clackkk	
Ableton	Chop and Swing	Samples -> One Shots -> Drums -> Misc Percussion	Perc Jiggy	
Ableton	Chop and Swing	Samples -> One Shots -> Drums -> Misc Percussion	Perc Move	
Ableton	Chop and Swing	Samples -> One Shots -> Drums -> Misc Percussion	Perc Noise Streets	
Ableton	Chop and Swing	Samples -> One Shots -> Drums -> Misc Percussion	Perc Streets	
Ableton	Chop and Swing	Samples -> One Shots -> Drums -> Misc Percussion	Rasgador Fly	
Ableton	Chop and Swing	Samples -> One Shots -> Drums -> Ride	Ride Bang	
Ableton	Chop and Swing	Samples -> One Shots -> Drums -> Ride	Ride Bell Blueprint	
Ableton	Chop and Swing	Samples -> One Shots -> Drums -> Ride	Ride Bell Ironman	
Ableton	Chop and Swing	Samples -> One Shots -> Drums -> Ride	Ride Canvas	
Ableton	Chop and Swing	Samples -> One Shots -> Drums -> Ride	Ride Chop Rise	
Ableton	Chop and Swing	Samples -> One Shots -> Drums -> Ride	Ride MSX Corner	
Ableton	Chop and Swing	Samples -> One Shots -> Drums -> Ride	Ride Peace	
Ableton	Chop and Swing	Samples -> One Shots -> Drums -> Ride	Ride Slackjaw	
Ableton	Chop and Swing	Samples -> One Shots -> Drums -> Ride	Ride Tinsy	
Ableton	Chop and Swing	Samples -> One Shots -> Drums -> Rim	Rim Alley	
Ableton	Chop and Swing	Samples -> One Shots -> Drums -> Rim	Rim Beej	
Ableton	Chop and Swing	Samples -> One Shots -> Drums -> Rim	Rim Brass Knuckles	
Ableton	Chop and Swing	Samples -> One Shots -> Drums -> Rim	Rim Canvas	
Ableton	Chop and Swing	Samples -> One Shots -> Drums -> Rim	Rim Dark Canvas	
Ableton	Chop and Swing	Samples -> One Shots -> Drums -> Rim	Rim Delay Wah Soul	
Ableton	Chop and Swing	Samples -> One Shots -> Drums -> Rim	Rim Dirty Feel	
Ableton	Chop and Swing	Samples -> One Shots -> Drums -> Rim	Rim Dobbs	
Ableton	Chop and Swing	Samples -> One Shots -> Drums -> Rim	Rim Roomy	
Ableton	Chop and Swing	Samples -> One Shots -> Drums -> Rim	Rim Rough Corner	
Ableton	Chop and Swing	Samples -> One Shots -> Drums -> Rim	Rim Vintage	
Ableton	Chop and Swing	Samples -> One Shots -> Drums -> Rim	Rim Way Source	
Ableton	Chop and Swing	Samples -> One Shots -> Drums -> Rim	Rim Zoned	
Ableton	Chop and Swing	Samples -> One Shots -> Drums -> Rim	Stick Slackjaw	
Ableton	Chop and Swing	Samples -> One Shots -> Drums -> Shaker	Shaker Bang	
Ableton	Chop and Swing	Samples -> One Shots -> Drums -> Shaker	Shaker Blueprint	
Ableton	Chop and Swing	Samples -> One Shots -> Drums -> Shaker	Shaker Fly	
Ableton	Chop and Swing	Samples -> One Shots -> Drums -> Shaker	Shaker Gotcha	
Ableton	Chop and Swing	Samples -> One Shots -> Drums -> Shaker	Shaker Hand Angry	
Ableton	Chop and Swing	Samples -> One Shots -> Drums -> Shaker	Shaker Ironman	
Ableton	Chop and Swing	Samples -> One Shots -> Drums -> Shaker	Shaker Jiggy	
Ableton	Chop and Swing	Samples -> One Shots -> Drums -> Shaker	Shaker Sad	
Ableton	Chop and Swing	Samples -> One Shots -> Drums -> Shaker	Shaker Sally	
Ableton	Chop and Swing	Samples -> One Shots -> Drums -> Shaker	Shaker Streets	
Ableton	Chop and Swing	Samples -> One Shots -> Drums -> Shaker	Shaker Zoned	
Ableton	Chop and Swing	Samples -> One Shots -> Drums -> Snare	Snare 1 Corner	
Ableton	Chop and Swing	Samples -> One Shots -> Drums -> Snare	Snare 2 Corner	
Ableton	Chop and Swing	Samples -> One Shots -> Drums -> Snare	Snare 212	
Ableton	Chop and Swing	Samples -> One Shots -> Drums -> Snare	Snare Ace	
Ableton	Chop and Swing	Samples -> One Shots -> Drums -> Snare	Snare African Dream	
Ableton	Chop and Swing	Samples -> One Shots -> Drums -> Snare	Snare Alley	
Ableton	Chop and Swing	Samples -> One Shots -> Drums -> Snare	Snare Avocado	
Ableton	Chop and Swing	Samples -> One Shots -> Drums -> Snare	Snare Bang	
Ableton	Chop and Swing	Samples -> One Shots -> Drums -> Snare	Snare Blueprint	
Ableton	Chop and Swing	Samples -> One Shots -> Drums -> Snare	Snare Boom Bap	
Ableton	Chop and Swing	Samples -> One Shots -> Drums -> Snare	Snare Classic Canvas	
Ableton	Chop and Swing	Samples -> One Shots -> Drums -> Snare	Snare Crunch Wap	
Ableton	Chop and Swing	Samples -> One Shots -> Drums -> Snare	Snare Dobbs	
Ableton	Chop and Swing	Samples -> One Shots -> Drums -> Snare	Snare Fly	
Ableton	Chop and Swing	Samples -> One Shots -> Drums -> Snare	Snare Grit Kit	
Ableton	Chop and Swing	Samples -> One Shots -> Drums -> Snare	Snare Grit	
Ableton	Chop and Swing	Samples -> One Shots -> Drums -> Snare	Snare GSY	
Ableton	Chop and Swing	Samples -> One Shots -> Drums -> Snare	Snare Hard Body	
Ableton	Chop and Swing	Samples -> One Shots -> Drums -> Snare	Snare Hum Titan	
Ableton	Chop and Swing	Samples -> One Shots -> Drums -> Snare	Snare Ironman	
Ableton	Chop and Swing	Samples -> One Shots -> Drums -> Snare	Snare Move	
Ableton	Chop and Swing	Samples -> One Shots -> Drums -> Snare	Snare Numerology	
Ableton	Chop and Swing	Samples -> One Shots -> Drums -> Snare	Snare Peace	
Ableton	Chop and Swing	Samples -> One Shots -> Drums -> Snare	Snare Pirella	
Ableton	Chop and Swing	Samples -> One Shots -> Drums -> Snare	Snare Pocket Gems	
Ableton	Chop and Swing	Samples -> One Shots -> Drums -> Snare	Snare Pop 12 Bit	
Ableton	Chop and Swing	Samples -> One Shots -> Drums -> Snare	Snare Red Snapper	
Ableton	Chop and Swing	Samples -> One Shots -> Drums -> Snare	Snare Ricky	
Ableton	Chop and Swing	Samples -> One Shots -> Drums -> Snare	Snare Roomy Canvas	
Ableton	Chop and Swing	Samples -> One Shots -> Drums -> Snare	Snare Sampled Blueprint	
Ableton	Chop and Swing	Samples -> One Shots -> Drums -> Snare	Snare Short Wah Soul	
Ableton	Chop and Swing	Samples -> One Shots -> Drums -> Snare	Snare Slap Numerology	
Ableton	Chop and Swing	Samples -> One Shots -> Drums -> Snare	Snare Softy	
Ableton	Chop and Swing	Samples -> One Shots -> Drums -> Snare	Snare Streets	
Ableton	Chop and Swing	Samples -> One Shots -> Drums -> Snare	Snare Tambo Ironman	
Ableton	Chop and Swing	Samples -> One Shots -> Drums -> Snare	Snare TL	
Ableton	Chop and Swing	Samples -> One Shots -> Drums -> Snare	Snare Vintage Drum Box	
Ableton	Chop and Swing	Samples -> One Shots -> Drums -> Snare	Snare Vintage	
Ableton	Chop and Swing	Samples -> One Shots -> Drums -> Snare	Snare Vinyl Slackjaw	
Ableton	Chop and Swing	Samples -> One Shots -> Drums -> Snare	Snare Wah Soul	
Ableton	Chop and Swing	Samples -> One Shots -> Drums -> Snare	Snare Whitey	
Ableton	Chop and Swing	Samples -> One Shots -> Drums -> Snare	Snare Wishful	
Ableton	Chop and Swing	Samples -> One Shots -> Drums -> Snare	Snare Wobble	
Ableton	Chop and Swing	Samples -> One Shots -> Drums -> Tambourine	Tambo Boni	
Ableton	Chop and Swing	Samples -> One Shots -> Drums -> Tambourine	Tambo Jiggy	
Ableton	Chop and Swing	Samples -> One Shots -> Drums -> Tambourine	Tambo Shake Wah Soul	
Ableton	Chop and Swing	Samples -> One Shots -> Drums -> Tambourine	Tambo Stick Spring	
Ableton	Chop and Swing	Samples -> One Shots -> Drums -> Tambourine	Tambo Streets	
Ableton	Chop and Swing	Samples -> One Shots -> Drums -> Tambourine	Tambo Wow	
Ableton	Chop and Swing	Samples -> One Shots -> Drums -> Tom	Tom Acoustic Vintage	
Ableton	Chop and Swing	Samples -> One Shots -> Drums -> Tom	Tom Blueprint	
Ableton	Chop and Swing	Samples -> One Shots -> Drums -> Tom	Tom Brooklyn	
Ableton	Chop and Swing	Samples -> One Shots -> Drums -> Tom	Tom Buttermilk	
Ableton	Chop and Swing	Samples -> One Shots -> Drums -> Tom	Tom Crush Wah Soul	
Ableton	Chop and Swing	Samples -> One Shots -> Drums -> Tom	Tom Electronic Vintage	
Ableton	Chop and Swing	Samples -> One Shots -> Drums -> Tom	Tom Fly	
Ableton	Chop and Swing	Samples -> One Shots -> Drums -> Tom	Tom Hats Canvas	
Ableton	Chop and Swing	Samples -> One Shots -> Drums -> Tom	Tom High Alley	
Ableton	Chop and Swing	Samples -> One Shots -> Drums -> Tom	Tom Kat	
Ableton	Chop and Swing	Samples -> One Shots -> Drums -> Tom	Tom Low Alley	
Ableton	Chop and Swing	Samples -> One Shots -> Drums -> Tom	Tom Low Dobbs	
Ableton	Chop and Swing	Samples -> One Shots -> Drums -> Tom	Tom Machine Blip	
Ableton	Chop and Swing	Samples -> One Shots -> Drums -> Tom	Tom Mid Dobbs	
Ableton	Chop and Swing	Samples -> One Shots -> Drums -> Tom	Tom Reunion	
Ableton	Chop and Swing	Samples -> One Shots -> Drums -> Tom	Tom Vintage Tone	
Ableton	Chop and Swing	Samples -> One Shots -> Drums -> Wood	Perc Wood FX	
Ableton	Chop and Swing	Samples -> One Shots -> Drums -> Wood	Perc Wood Streets	
Ableton	Chop and Swing	Samples -> One Shots -> Drums -> Wood	Wood High Kingsway	
Ableton	Chop and Swing	Samples -> One Shots -> Stabs	Brass Stab Blueprint	
Ableton	Chop and Swing	Samples -> One Shots -> Stabs	Brass Stab Wah Soul	
Ableton	Chop and Swing	Samples -> One Shots -> Stabs	E-Piano Fly	
Ableton	Chop and Swing	Samples -> One Shots -> Stabs	Flute 1 Chill	
Ableton	Chop and Swing	Samples -> One Shots -> Stabs	Flute 2 Chill	
Ableton	Chop and Swing	Samples -> One Shots -> Stabs	Flute Stab Streets	
Ableton	Chop and Swing	Samples -> One Shots -> Stabs	Guitar Stab Bang	
Ableton	Chop and Swing	Samples -> One Shots -> Stabs	Guitar Stab Legend	
Ableton	Chop and Swing	Samples -> One Shots -> Stabs	Guitar Stab Vinyl	
Ableton	Chop and Swing	Samples -> One Shots -> Stabs	Guitar Weird	
Ableton	Chop and Swing	Samples -> One Shots -> Stabs	Horn Stab Wah Soul	
Ableton	Chop and Swing	Samples -> One Shots -> Stabs	Orchester Stab Energy	
Ableton	Chop and Swing	Samples -> One Shots -> Stabs	Pad Chord Wah Soul	
Ableton	Chop and Swing	Samples -> One Shots -> Stabs	Piano Bang	
Ableton	Chop and Swing	Samples -> One Shots -> Stabs	Piano Canvas	
Ableton	Chop and Swing	Samples -> One Shots -> Stabs	Piano Jiggy	
Ableton	Chop and Swing	Samples -> One Shots -> Stabs	Piano Stab Band	
Ableton	Chop and Swing	Samples -> One Shots -> Stabs	Stab Band Alley	
Ableton	Chop and Swing	Samples -> One Shots -> Stabs	Stab Bass Alley	
Ableton	Chop and Swing	Samples -> One Shots -> Stabs	Stab Brass 1 Buttermilk	
Ableton	Chop and Swing	Samples -> One Shots -> Stabs	Stab Brass 2 Buttermilk	
Ableton	Chop and Swing	Samples -> One Shots -> Stabs	Stab Brass 3 Buttermilk	
Ableton	Chop and Swing	Samples -> One Shots -> Stabs	Stab Brass Alley	
Ableton	Chop and Swing	Samples -> One Shots -> Stabs	Stab Brass Vinyl	
Ableton	Chop and Swing	Samples -> One Shots -> Stabs	Stab Guitar Alley	
Ableton	Chop and Swing	Samples -> One Shots -> Stabs	Strings Blueprint	
Ableton	Chop and Swing	Samples -> One Shots -> Stabs	Strings Scary Vintage	
Ableton	Chop and Swing	Samples -> One Shots -> Stabs	Synth Keys Delay	
Ableton	Chop and Swing	Samples -> One Shots -> Stabs	Synth Stab 1 212	
Ableton	Chop and Swing	Samples -> One Shots -> Stabs	Synth Stab 2 212	
Ableton	Chop and Swing	Samples -> One Shots -> Stabs	Synth Stab 3 212	
Ableton	Chop and Swing	Samples -> One Shots -> Stabs	Synth Stab Numerology	
Ableton	Chop and Swing	Samples -> One Shots -> Vox	Vox Female Home	
Ableton	Chop and Swing	Samples -> One Shots -> Vox	Vox Female Yeah	
Ableton	Chop and Swing	Samples -> One Shots -> Vox	Vox Grunt Jokers	
Ableton	Chop and Swing	Samples -> One Shots -> Vox	Vox Grunt Rolling	
Ableton	Chop and Swing	Samples -> One Shots -> Vox	Vox Hah Wah Soul	
Ableton	Chop and Swing	Samples -> One Shots -> Vox	Vox Male Ah	
Ableton	Chop and Swing	Samples -> One Shots -> Vox	Vox Male Numerology	
Ableton	Chop and Swing	Samples -> One Shots -> Vox	Vox Pray	
Ableton	Chop and Swing	Samples -> One Shots -> Vox	Vox Scream Wah Soul	
Ableton	Chop and Swing	Samples -> One Shots -> Vox	Vox Storm	
Ableton	Chop and Swing	Samples -> One Shots -> Vox	Vox Uh Freddie	
Ableton	Chop and Swing	Samples -> One Shots -> Vox	Vox Yeah Ironman	
Ableton	Chop and Swing	Sounds -> Bass	Anxious Woofer	
Ableton	Chop and Swing	Sounds -> Bass	Bass Follower	
Ableton	Chop and Swing	Sounds -> Bass	Bear Paint Bass	
Ableton	Chop and Swing	Sounds -> Bass	Beat That Bass	
Ableton	Chop and Swing	Sounds -> Bass	Crazberry Punch	
Ableton	Chop and Swing	Sounds -> Bass	Dirty Sub	
Ableton	Chop and Swing	Sounds -> Bass	Dropped A Bass	
Ableton	Chop and Swing	Sounds -> Bass	Dusty Bass	
Ableton	Chop and Swing	Sounds -> Bass	Elektrolyte Bass	
Ableton	Chop and Swing	Sounds -> Bass	Fluff Face Bass	
Ableton	Chop and Swing	Sounds -> Bass	Freak-o-saur	
Ableton	Chop and Swing	Sounds -> Bass	Grey Panel Bass	
Ableton	Chop and Swing	Sounds -> Bass	Grey Panel Reso Bass	
Ableton	Chop and Swing	Sounds -> Bass	Grind Bass	
Ableton	Chop and Swing	Sounds -> Bass	Hacksaw Bass	
Ableton	Chop and Swing	Sounds -> Bass	Hopped Bass	
Ableton	Chop and Swing	Sounds -> Bass	Modality Bass	
Ableton	Chop and Swing	Sounds -> Bass	Mud Funk	
Ableton	Chop and Swing	Sounds -> Bass	New Old Sub	
Ableton	Chop and Swing	Sounds -> Bass	Orion Bass	
Ableton	Chop and Swing	Sounds -> Bass	OttoBott Lead Bass	
Ableton	Chop and Swing	Sounds -> Bass	Phatskweek Bass	
Ableton	Chop and Swing	Sounds -> Bass	Ratt Bass	
Ableton	Chop and Swing	Sounds -> Bass	Slow Pull Bass	
Ableton	Chop and Swing	Sounds -> Bass	Squiggle Bass	
Ableton	Chop and Swing	Sounds -> Bass	Super Boss Mini Bass	
Ableton	Chop and Swing	Sounds -> Bass	Thick 'n' Rez	
Ableton	Chop and Swing	Sounds -> Bass	Warm Ladder Bass	
Ableton	Chop and Swing	Sounds -> Bass	Wonder Bass	
Ableton	Chop and Swing	Sounds -> Booms	Ballistic Boom	
Ableton	Chop and Swing	Sounds -> Booms	Bending Boom	
Ableton	Chop and Swing	Sounds -> Booms	Command Boom Kick	
Ableton	Chop and Swing	Sounds -> Booms	Tunable Boom Drone	
Ableton	Chop and Swing	Sounds -> Brass	Flyte Brass	
Ableton	Chop and Swing	Sounds -> Brass	Hyper Dee	
Ableton	Chop and Swing	Sounds -> Brass	Obee 12 Voice Brass	
Ableton	Chop and Swing	Sounds -> Brass	Old School Stab	
Ableton	Chop and Swing	Sounds -> Mallets	Dilla Marimba	
Ableton	Chop and Swing	Sounds -> Mallets	LoFi FM EP	
Ableton	Chop and Swing	Sounds -> Mallets	Mallet Synth	
Ableton	Chop and Swing	Sounds -> Mallets	Oldbellz	
Ableton	Chop and Swing	Sounds -> Piano & Keys	Dan Piano	
Ableton	Chop and Swing	Sounds -> Piano & Keys	Dirty Back Roads	
Ableton	Chop and Swing	Sounds -> Piano & Keys	Electric Tubes	
Ableton	Chop and Swing	Sounds -> Piano & Keys	Fuzz Clav	
Ableton	Chop and Swing	Sounds -> Piano & Keys	Jimmy	
Ableton	Chop and Swing	Sounds -> Piano & Keys	Little Amp Electric Piano	
Ableton	Chop and Swing	Sounds -> Piano & Keys	Live Room Drawbars	
Ableton	Chop and Swing	Sounds -> Piano & Keys	Muddy Whirl Piano	
Ableton	Chop and Swing	Sounds -> Piano & Keys	Phantom Rotation	
Ableton	Chop and Swing	Sounds -> Piano & Keys	Rcrd Plnt	
Ableton	Chop and Swing	Sounds -> Piano & Keys	Rise Clav	
Ableton	Chop and Swing	Sounds -> Piano & Keys	Smokey Keys	
Ableton	Chop and Swing	Sounds -> Piano & Keys	Studio Clav	
Ableton	Chop and Swing	Sounds -> Piano & Keys	Tempo Wah Clav	
Ableton	Chop and Swing	Sounds -> Piano & Keys	Turn To Dust	
Ableton	Chop and Swing	Sounds -> Piano & Keys	Twisted Organ	
Ableton	Chop and Swing	Sounds -> Piano & Keys	Vinyl Drawbs	
Ableton	Chop and Swing	Sounds -> Synth Keys	16 Pennies	
Ableton	Chop and Swing	Sounds -> Synth Keys	Fashion Keys	
Ableton	Chop and Swing	Sounds -> Synth Keys	Old Rusty Keys	
Ableton	Chop and Swing	Sounds -> Synth Keys	Pan Party EP	
Ableton	Chop and Swing	Sounds -> Synth Keys	Perfect Midnight	
Ableton	Chop and Swing	Sounds -> Synth Keys	Pitbull	
Ableton	Chop and Swing	Sounds -> Synth Keys	Please Pizza Pluck	
Ableton	Chop and Swing	Sounds -> Synth Keys	Plucky Ducky	
Ableton	Chop and Swing	Sounds -> Synth Keys	Process Keys	
Ableton	Chop and Swing	Sounds -> Synth Keys	R&B Keys	
Ableton	Chop and Swing	Sounds -> Synth Keys	Ritzi Pizzi	
Ableton	Chop and Swing	Sounds -> Synth Lead	A Kinder Bud Lead	
Ableton	Chop and Swing	Sounds -> Synth Lead	A Model D Ford	
Ableton	Chop and Swing	Sounds -> Synth Lead	A Trying Sine	
Ableton	Chop and Swing	Sounds -> Synth Lead	Alpha Lead	
Ableton	Chop and Swing	Sounds -> Synth Lead	Analog Flute Lead	
Ableton	Chop and Swing	Sounds -> Synth Lead	At Your Door Lead	
Ableton	Chop and Swing	Sounds -> Synth Lead	Atomik Sync	
Ableton	Chop and Swing	Sounds -> Synth Lead	Bari Dust EP	
Ableton	Chop and Swing	Sounds -> Synth Lead	Bristle Lead	
Ableton	Chop and Swing	Sounds -> Synth Lead	Buck Jones Lead	
Ableton	Chop and Swing	Sounds -> Synth Lead	Chocolate Sundae Solo	
Ableton	Chop and Swing	Sounds -> Synth Lead	Dirty Funk Lead	
Ableton	Chop and Swing	Sounds -> Synth Lead	Duck Power	
Ableton	Chop and Swing	Sounds -> Synth Lead	Duned Out Lead	
Ableton	Chop and Swing	Sounds -> Synth Lead	Evening Casual	
Ableton	Chop and Swing	Sounds -> Synth Lead	Funk Synth 1	
Ableton	Chop and Swing	Sounds -> Synth Lead	Funk Synth 2	
Ableton	Chop and Swing	Sounds -> Synth Lead	Funkwell Lead	
Ableton	Chop and Swing	Sounds -> Synth Lead	Funland Synth	
Ableton	Chop and Swing	Sounds -> Synth Lead	Greasy Funk	
Ableton	Chop and Swing	Sounds -> Synth Lead	Grey Panel Synth	
Ableton	Chop and Swing	Sounds -> Synth Lead	Halloween Bells	
Ableton	Chop and Swing	Sounds -> Synth Lead	Hammerhead Bass Lead	
Ableton	Chop and Swing	Sounds -> Synth Lead	Herbie Funk Lead	
Ableton	Chop and Swing	Sounds -> Synth Lead	Honey Pulp Lead	
Ableton	Chop and Swing	Sounds -> Synth Lead	Light Horn Synth	
Ableton	Chop and Swing	Sounds -> Synth Lead	Like A Jungle Lead	
Ableton	Chop and Swing	Sounds -> Synth Lead	Mr. Brimbles	
Ableton	Chop and Swing	Sounds -> Synth Lead	Purple Boa Blast	
Ableton	Chop and Swing	Sounds -> Synth Lead	Resurrection Lead	
Ableton	Chop and Swing	Sounds -> Synth Lead	SH Funk Lead	
Ableton	Chop and Swing	Sounds -> Synth Lead	Smooth It Out Lead	
Ableton	Chop and Swing	Sounds -> Synth Lead	Smooth Ride	
Ableton	Chop and Swing	Sounds -> Synth Lead	Spit it Out	
Ableton	Chop and Swing	Sounds -> Synth Lead	Stompbox Pluck	
Ableton	Chop and Swing	Sounds -> Synth Lead	Strange Leap	
Ableton	Chop and Swing	Sounds -> Synth Lead	T-Bone Dregs	
Ableton	Chop and Swing	Sounds -> Synth Lead	The Jump Off	
Ableton	Chop and Swing	Sounds -> Synth Lead	Wood Panel Lead	
Ableton	Chop and Swing	Sounds -> Synth Pad	Bender Chord	
Ableton	Chop and Swing	Sounds -> Synth Pad	Bi-Phase Sector	
Ableton	Chop and Swing	Sounds -> Synth Pad	Brass Wave	
Ableton	Chop and Swing	Sounds -> Synth Pad	Climb Chord Pad	
Ableton	Chop and Swing	Sounds -> Synth Pad	Constant Pad	
Ableton	Chop and Swing	Sounds -> Synth Pad	Creamy Voices	
Ableton	Chop and Swing	Sounds -> Synth Pad	Encryption Pad	
Ableton	Chop and Swing	Sounds -> Synth Pad	Neo Soul Glide Pad	
Ableton	Chop and Swing	Sounds -> Synth Pad	Space Pad	