Roland	SH-101 Collection AXIAL Expansion	Studio Set	01 SLO-SH101 MediOz	
Roland	SH-101 Collection AXIAL Expansion	Studio Set	02 SLO-SH101 Sq Ld	
Roland	SH-101 Collection AXIAL Expansion	Studio Set	03 SLO-SH101 Bzz Ld	
Roland	SH-101 Collection AXIAL Expansion	Studio Set	04 SLO-SH101 Hz Syn	
Roland	SH-101 Collection AXIAL Expansion	Studio Set	05 SLO-SH101 Quaker	
Roland	SH-101 Collection AXIAL Expansion	Studio Set	06 SLO-SH101 Byter	
Roland	SH-101 Collection AXIAL Expansion	Studio Set	07 SLO-SH101Gripper	
Roland	SH-101 Collection AXIAL Expansion	Studio Set	08 SLO-SH101 HotCyc	
Roland	SH-101 Collection AXIAL Expansion	Studio Set	09 SLO-SH101 CremLd	
Roland	SH-101 Collection AXIAL Expansion	Studio Set	10 SLO-SH101 F Bs1	
Roland	SH-101 Collection AXIAL Expansion	Studio Set	11 SLO-SH101 Rabid	
Roland	SH-101 Collection AXIAL Expansion	Studio Set	12 SLO-SH101 BzzBs	
Roland	SH-101 Collection AXIAL Expansion	Studio Set	13 SLO-SH101 HzRez	
Roland	SH-101 Collection AXIAL Expansion	Studio Set	14 SLO-SH101 ShRing	
Roland	SH-101 Collection AXIAL Expansion	Studio Set	15 SLO-SH101 F Bs2	
Roland	SH-101 Collection AXIAL Expansion	Studio Set	16 SLO-SH101 OzLd	
Roland	SH-101 Collection AXIAL Expansion	Studio Set	17 SLO-SH101 Wah	
Roland	SH-101 Collection AXIAL Expansion	SN-S -> USER	0001 SLO-5thKey	
Roland	SH-101 Collection AXIAL Expansion	SN-S -> USER	0002 SLO-SH101 1	
Roland	SH-101 Collection AXIAL Expansion	SN-S -> USER	0003 SLO-SH101 2	
Roland	SH-101 Collection AXIAL Expansion	SN-S -> USER	0004 SLO-SH101 3	
Roland	SH-101 Collection AXIAL Expansion	SN-S -> USER	0005 SLO-SH101 4	
Roland	SH-101 Collection AXIAL Expansion	SN-S -> USER	0006 SLO-SH101 5	
Roland	SH-101 Collection AXIAL Expansion	SN-S -> USER	0007 SLO-SH101 6	
Roland	SH-101 Collection AXIAL Expansion	SN-S -> USER	0008 SLO-SH101 7	
Roland	SH-101 Collection AXIAL Expansion	SN-S -> USER	0009 SLO-SH101 8	
Roland	SH-101 Collection AXIAL Expansion	SN-S -> USER	0010 SLO-SH101 9	
Roland	SH-101 Collection AXIAL Expansion	SN-S -> USER	0011 SLO-SH101 10	
Roland	SH-101 Collection AXIAL Expansion	SN-S -> USER	0012 SLO-SH101 11	
Roland	SH-101 Collection AXIAL Expansion	SN-S -> USER	0013 SLO-SH101 12	
Roland	SH-101 Collection AXIAL Expansion	SN-S -> USER	0014 SLO-SH101 13	
Roland	SH-101 Collection AXIAL Expansion	SN-S -> USER	0015 SLO-SH101 14	
Roland	SH-101 Collection AXIAL Expansion	SN-S -> USER	0016 SLO-SH101 15	
Roland	SH-101 Collection AXIAL Expansion	SN-S -> USER	0017 SLO-SH101 16	
Roland	SH-101 Collection AXIAL Expansion	SN-S -> USER	0018 SLO-SH101 17	