Arturia	Pigments	Preset -> Pigments 3.5 -> Bass -> Bass Line	Dancing In The Acid Rain	
Arturia	Pigments	Preset -> Pigments 3.5 -> Bass -> Bass Line	Harmo Fonky Bass	
Arturia	Pigments	Preset -> Pigments 3.5 -> Bass -> Bass Line	Nervous	
Arturia	Pigments	Preset -> Pigments 3.5 -> Bass -> Bass Line	Rolling Bass	
Arturia	Pigments	Preset -> Pigments 3.5 -> Bass -> Bass Line	Subdued	
Arturia	Pigments	Preset -> Pigments 3.5 -> Bass -> Hard Bass	Athom Blast	
Arturia	Pigments	Preset -> Pigments 3.5 -> Bass -> Hard Bass	Battlebot	
Arturia	Pigments	Preset -> Pigments 3.5 -> Bass -> Hard Bass	Chain Reaction	
Arturia	Pigments	Preset -> Pigments 3.5 -> Bass -> Hard Bass	Charcoal	
Arturia	Pigments	Preset -> Pigments 3.5 -> Bass -> Hard Bass	Collapse	
Arturia	Pigments	Preset -> Pigments 3.5 -> Bass -> Hard Bass	Corrupted Horizon	
Arturia	Pigments	Preset -> Pigments 3.5 -> Bass -> Hard Bass	Digital Cords	
Arturia	Pigments	Preset -> Pigments 3.5 -> Bass -> Hard Bass	Energy Warps	
Arturia	Pigments	Preset -> Pigments 3.5 -> Bass -> Hard Bass	Firefight	
Arturia	Pigments	Preset -> Pigments 3.5 -> Bass -> Hard Bass	Force Of Nature	
Arturia	Pigments	Preset -> Pigments 3.5 -> Bass -> Hard Bass	Gamma Ray	
Arturia	Pigments	Preset -> Pigments 3.5 -> Bass -> Hard Bass	Gravity Waves	
Arturia	Pigments	Preset -> Pigments 3.5 -> Bass -> Hard Bass	Heavy Metal Bass	
Arturia	Pigments	Preset -> Pigments 3.5 -> Bass -> Hard Bass	Howler Bass	
Arturia	Pigments	Preset -> Pigments 3.5 -> Bass -> Hard Bass	Hyperfolder	
Arturia	Pigments	Preset -> Pigments 3.5 -> Bass -> Hard Bass	John Gabber	
Arturia	Pigments	Preset -> Pigments 3.5 -> Bass -> Hard Bass	Leo	
Arturia	Pigments	Preset -> Pigments 3.5 -> Bass -> Hard Bass	LFO Mania	
Arturia	Pigments	Preset -> Pigments 3.5 -> Bass -> Hard Bass	Lunar Far Side	
Arturia	Pigments	Preset -> Pigments 3.5 -> Bass -> Hard Bass	Lunar Map	
Arturia	Pigments	Preset -> Pigments 3.5 -> Bass -> Hard Bass	Metal Bass	
Arturia	Pigments	Preset -> Pigments 3.5 -> Bass -> Hard Bass	Noughty	
Arturia	Pigments	Preset -> Pigments 3.5 -> Bass -> Hard Bass	Perceptions	
Arturia	Pigments	Preset -> Pigments 3.5 -> Bass -> Hard Bass	Pressure Washer	
Arturia	Pigments	Preset -> Pigments 3.5 -> Bass -> Hard Bass	Psylon	
Arturia	Pigments	Preset -> Pigments 3.5 -> Bass -> Hard Bass	Shipyard	
Arturia	Pigments	Preset -> Pigments 3.5 -> Bass -> Hard Bass	Space Monster	
Arturia	Pigments	Preset -> Pigments 3.5 -> Bass -> Hard Bass	Synastry	
Arturia	Pigments	Preset -> Pigments 3.5 -> Bass -> Hard Bass	Tesla Coil Bass	
Arturia	Pigments	Preset -> Pigments 3.5 -> Bass -> Hard Bass	Unilateral Action	
Arturia	Pigments	Preset -> Pigments 3.5 -> Bass -> Plucked Bass	Dark Walker	
Arturia	Pigments	Preset -> Pigments 3.5 -> Bass -> Plucked Bass	Turbo Pluck	
Arturia	Pigments	Preset -> Pigments 3.5 -> Bass -> Sub Bass	Boui Boui	
Arturia	Pigments	Preset -> Pigments 3.5 -> Bass -> Sub Bass	Collider	
Arturia	Pigments	Preset -> Pigments 3.5 -> Bass -> Sub Bass	Dub Bass	
Arturia	Pigments	Preset -> Pigments 3.5 -> Bass -> Sub Bass	Movemain	
Arturia	Pigments	Preset -> Pigments 3.5 -> Bass -> Sub Bass	OG Dubstep Sub	
Arturia	Pigments	Preset -> Pigments 3.5 -> Bass -> Sub Bass	Triplet Bwap	
Arturia	Pigments	Preset -> Pigments 3.5 -> Brass & Winds -> Brass Hybrid	Dissident Brass	
Arturia	Pigments	Preset -> Pigments 3.5 -> Brass & Winds -> Winds Acoustic	Condor	
Arturia	Pigments	Preset -> Pigments 3.5 -> Brass & Winds -> Winds Acoustic	Keys Of Reed	
Arturia	Pigments	Preset -> Pigments 3.5 -> Drums -> Creative Drums	Slox	
Arturia	Pigments	Preset -> Pigments 3.5 -> Drums -> Cymbal	Foundation	
Arturia	Pigments	Preset -> Pigments 3.5 -> Drums -> Drum Loop	Get The Info	
Arturia	Pigments	Preset -> Pigments 3.5 -> Drums -> Kick	Harmonic 808	
Arturia	Pigments	Preset -> Pigments 3.5 -> Drums -> Kick	Zappy Stereo Kick	
Arturia	Pigments	Preset -> Pigments 3.5 -> Drums -> Percussion	Natural Drums	
Arturia	Pigments	Preset -> Pigments 3.5 -> Drums -> Snare	Snare And Kick	
Arturia	Pigments	Preset -> Pigments 3.5 -> Keys -> Bells	Haunted Toy Piano	
Arturia	Pigments	Preset -> Pigments 3.5 -> Keys -> Classic Synth Keys	Bright Future	
Arturia	Pigments	Preset -> Pigments 3.5 -> Keys -> Classic Synth Keys	Equal Beating	
Arturia	Pigments	Preset -> Pigments 3.5 -> Keys -> Classic Synth Keys	F Piano	
Arturia	Pigments	Preset -> Pigments 3.5 -> Keys -> Classic Synth Keys	Glass Case	
Arturia	Pigments	Preset -> Pigments 3.5 -> Keys -> Classic Synth Keys	Sweet DX	
Arturia	Pigments	Preset -> Pigments 3.5 -> Keys -> Evolving Keys	Bouncing Notes	
Arturia	Pigments	Preset -> Pigments 3.5 -> Keys -> Evolving Keys	Ganesha's Sitar	
Arturia	Pigments	Preset -> Pigments 3.5 -> Keys -> Lofi Keys	Ethereal Kiss	
Arturia	Pigments	Preset -> Pigments 3.5 -> Keys -> Lofi Keys	Lost Sun	
Arturia	Pigments	Preset -> Pigments 3.5 -> Keys -> Lofi Keys	Weaving	
Arturia	Pigments	Preset -> Pigments 3.5 -> Keys -> Mallets	Bouncy Xylophone	
Arturia	Pigments	Preset -> Pigments 3.5 -> Keys -> Mallets	Glasstone	
Arturia	Pigments	Preset -> Pigments 3.5 -> Keys -> Mallets	Jungle Xylophone	
Arturia	Pigments	Preset -> Pigments 3.5 -> Keys -> Mallets	Kling Kling Kling	
Arturia	Pigments	Preset -> Pigments 3.5 -> Keys -> Percussive Keys	Big Tines	
Arturia	Pigments	Preset -> Pigments 3.5 -> Keys -> Percussive Keys	Hang With Me	
Arturia	Pigments	Preset -> Pigments 3.5 -> Keys -> Plucked Keys	Fakoto	
Arturia	Pigments	Preset -> Pigments 3.5 -> Keys -> Plucked Keys	Minor De Promo	
Arturia	Pigments	Preset -> Pigments 3.5 -> Keys -> Plucked Keys	Murmure	
Arturia	Pigments	Preset -> Pigments 3.5 -> Lead -> Dirty Lead	Brass And Butter	
Arturia	Pigments	Preset -> Pigments 3.5 -> Lead -> Dirty Lead	Hard Growler	
Arturia	Pigments	Preset -> Pigments 3.5 -> Lead -> Dirty Lead	Minor Threat	
Arturia	Pigments	Preset -> Pigments 3.5 -> Lead -> Percussive Lead	Liquid Blade	
Arturia	Pigments	Preset -> Pigments 3.5 -> Lead -> Percussive Lead	Mighty Mjolnir	
Arturia	Pigments	Preset -> Pigments 3.5 -> Lead -> Percussive Lead	Seoul Sound	
Arturia	Pigments	Preset -> Pigments 3.5 -> Lead -> Soft Lead	Old Depths	
Arturia	Pigments	Preset -> Pigments 3.5 -> Lead -> Soft Lead	Opium Lake	
Arturia	Pigments	Preset -> Pigments 3.5 -> Organ -> Tonewheel Organ	Electric Soul	
Arturia	Pigments	Preset -> Pigments 3.5 -> Pad -> Atmosphere	Celestials	
Arturia	Pigments	Preset -> Pigments 3.5 -> Pad -> Atmosphere	Enchanted Rainstick	
Arturia	Pigments	Preset -> Pigments 3.5 -> Pad -> Atmosphere	Infinity Flight	
Arturia	Pigments	Preset -> Pigments 3.5 -> Pad -> Atmosphere	Overview Effect	
Arturia	Pigments	Preset -> Pigments 3.5 -> Pad -> Atmosphere	Starfield	
Arturia	Pigments	Preset -> Pigments 3.5 -> Pad -> Atmosphere	Textural Crystal	
Arturia	Pigments	Preset -> Pigments 3.5 -> Pad -> Bright Pad	Idle Dream	
Arturia	Pigments	Preset -> Pigments 3.5 -> Pad -> Bright Pad	Metallic Mercury	
Arturia	Pigments	Preset -> Pigments 3.5 -> Pad -> Classic Synth Pad	Ionosphere	
Arturia	Pigments	Preset -> Pigments 3.5 -> Pad -> Classic Synth Pad	Lunar Phase	
Arturia	Pigments	Preset -> Pigments 3.5 -> Pad -> Classic Synth Pad	Minimalist Beauty Mood	
Arturia	Pigments	Preset -> Pigments 3.5 -> Pad -> Classic Synth Pad	Synthetic Pleasures	
Arturia	Pigments	Preset -> Pigments 3.5 -> Pad -> Classic Synth Pad	Twilight Snowfall	
Arturia	Pigments	Preset -> Pigments 3.5 -> Pad -> Evolving Pad	Around The Glass	
Arturia	Pigments	Preset -> Pigments 3.5 -> Pad -> Evolving Pad	Beyond Singularity	
Arturia	Pigments	Preset -> Pigments 3.5 -> Pad -> Evolving Pad	Digital Cinema Layer	
Arturia	Pigments	Preset -> Pigments 3.5 -> Pad -> Evolving Pad	In The Flow	
Arturia	Pigments	Preset -> Pigments 3.5 -> Pad -> Evolving Pad	Magic Realm	
Arturia	Pigments	Preset -> Pigments 3.5 -> Pad -> Evolving Pad	Padology	
Arturia	Pigments	Preset -> Pigments 3.5 -> Pad -> Evolving Pad	Retrograde	
Arturia	Pigments	Preset -> Pigments 3.5 -> Pad -> Evolving Pad	Seagulls	
Arturia	Pigments	Preset -> Pigments 3.5 -> Pad -> Evolving Pad	Super Trip Glucose	
Arturia	Pigments	Preset -> Pigments 3.5 -> Piano -> Hybrid	Combed Grand	
Arturia	Pigments	Preset -> Pigments 3.5 -> Sequence -> Arpeggio	Falling Leaf Motion	
Arturia	Pigments	Preset -> Pigments 3.5 -> Sequence -> Arpeggio	Luminaries	
Arturia	Pigments	Preset -> Pigments 3.5 -> Sequence -> Arpeggio	Rainy Holiday	
Arturia	Pigments	Preset -> Pigments 3.5 -> Sequence -> Melodic Sequence	A Sine In Paradise	
Arturia	Pigments	Preset -> Pigments 3.5 -> Sequence -> Melodic Sequence	Amazing Machine	
Arturia	Pigments	Preset -> Pigments 3.5 -> Sequence -> Melodic Sequence	Ant Sequence	
Arturia	Pigments	Preset -> Pigments 3.5 -> Sequence -> Melodic Sequence	Bet Rave	
Arturia	Pigments	Preset -> Pigments 3.5 -> Sequence -> Melodic Sequence	Black Arts	
Arturia	Pigments	Preset -> Pigments 3.5 -> Sequence -> Melodic Sequence	Buchla Music Even	
Arturia	Pigments	Preset -> Pigments 3.5 -> Sequence -> Melodic Sequence	Glitter Effect	
Arturia	Pigments	Preset -> Pigments 3.5 -> Sequence -> Melodic Sequence	Heroic Arp	
Arturia	Pigments	Preset -> Pigments 3.5 -> Sequence -> Melodic Sequence	In The Zone	
Arturia	Pigments	Preset -> Pigments 3.5 -> Sequence -> Melodic Sequence	Naive Jump	
Arturia	Pigments	Preset -> Pigments 3.5 -> Sequence -> Melodic Sequence	Ratcheting Bells	
Arturia	Pigments	Preset -> Pigments 3.5 -> Sequence -> Melodic Sequence	Rebound AM Bass	
Arturia	Pigments	Preset -> Pigments 3.5 -> Sequence -> Melodic Sequence	Space Euphoria	
Arturia	Pigments	Preset -> Pigments 3.5 -> Sequence -> Melodic Sequence	Tetris Last Level	
Arturia	Pigments	Preset -> Pigments 3.5 -> Sequence -> Melodic Sequence	The Vamp	
Arturia	Pigments	Preset -> Pigments 3.5 -> Sequence -> Melodic Sequence	Three Dimensional Continuum	
Arturia	Pigments	Preset -> Pigments 3.5 -> Sequence -> Melodic Sequence	Transit	
Arturia	Pigments	Preset -> Pigments 3.5 -> Sequence -> Melodic Sequence	Wobbling Seq Inc	
Arturia	Pigments	Preset -> Pigments 3.5 -> Sequence -> Noise Sequence	Hardcorde Lead Sequence	
Arturia	Pigments	Preset -> Pigments 3.5 -> Sequence -> Rhythmic Sequence	Double Buff	
Arturia	Pigments	Preset -> Pigments 3.5 -> Sequence -> Rhythmic Sequence	Drive To Techno	
Arturia	Pigments	Preset -> Pigments 3.5 -> Sequence -> Rhythmic Sequence	Flame Belch	
Arturia	Pigments	Preset -> Pigments 3.5 -> Sequence -> Rhythmic Sequence	Hardware For 23	
Arturia	Pigments	Preset -> Pigments 3.5 -> Sequence -> Rhythmic Sequence	Jaw Harp Seq	
Arturia	Pigments	Preset -> Pigments 3.5 -> Sequence -> Rhythmic Sequence	Nervous Breakdown 1	
Arturia	Pigments	Preset -> Pigments 3.5 -> Sequence -> Rhythmic Sequence	Nervous Breakdown 2	
Arturia	Pigments	Preset -> Pigments 3.5 -> Sequence -> Rhythmic Sequence	Ophely	
Arturia	Pigments	Preset -> Pigments 3.5 -> Sequence -> Rhythmic Sequence	Rival PC	
Arturia	Pigments	Preset -> Pigments 3.5 -> Sequence -> Rhythmic Sequence	Simple Basic	
Arturia	Pigments	Preset -> Pigments 3.5 -> Sequence -> Rhythmic Sequence	Squaring The Cercle	
Arturia	Pigments	Preset -> Pigments 3.5 -> Sequence -> Rhythmic Sequence	Succeed Entering Trance	
Arturia	Pigments	Preset -> Pigments 3.5 -> Sound Effects -> Ambient SFX	Flying Elephant	
Arturia	Pigments	Preset -> Pigments 3.5 -> Sound Effects -> Ambient SFX	Sombre SF	
Arturia	Pigments	Preset -> Pigments 3.5 -> Sound Effects -> Creative SFX	Devil's Nails	
Arturia	Pigments	Preset -> Pigments 3.5 -> Sound Effects -> Creative SFX	Fall In Love	
Arturia	Pigments	Preset -> Pigments 3.5 -> Sound Effects -> Creative SFX	The Delay Y Lama	
Arturia	Pigments	Preset -> Pigments 3.5 -> Sound Effects -> Machines	Geiger Counter	
Arturia	Pigments	Preset -> Pigments 3.5 -> Sound Effects -> Machines	Police Is Coming	
Arturia	Pigments	Preset -> Pigments 3.5 -> Sound Effects -> Nature Sounds	Noche De Selva	
Arturia	Pigments	Preset -> Pigments 3.5 -> Sound Effects -> Soundtrack	Dimensional Beings	
Arturia	Pigments	Preset -> Pigments 3.5 -> Sound Effects -> Sweeps	Cinematic Impact	
Arturia	Pigments	Preset -> Pigments 3.5 -> Vocal -> Synth Choir	Angelous Noise Pad	