Native Instruments	Kontakt Factory Library 2	Acoustic -> 1 - Flutes	Bansuri	
Native Instruments	Kontakt Factory Library 2	Acoustic -> 1 - Flutes	Irish Flute	
Native Instruments	Kontakt Factory Library 2	Acoustic -> 1 - Flutes	Kaval	
Native Instruments	Kontakt Factory Library 2	Acoustic -> 1 - Flutes	Persian Ney	
Native Instruments	Kontakt Factory Library 2	Acoustic -> 1 - Flutes	Recorder (Piccolo)	
Native Instruments	Kontakt Factory Library 2	Acoustic -> 1 - Flutes	Recorder (Soprano)	
Native Instruments	Kontakt Factory Library 2	Acoustic -> 1 - Flutes	Recorder (Tenor)	
Native Instruments	Kontakt Factory Library 2	Acoustic -> 1 - Flutes	Shakuhachi	
Native Instruments	Kontakt Factory Library 2	Acoustic -> 1 - Flutes	Turkish Ney	
Native Instruments	Kontakt Factory Library 2	Acoustic -> 1 - Flutes	Whistle (High)	
Native Instruments	Kontakt Factory Library 2	Acoustic -> 1 - Flutes	Whistle (Low)	
Native Instruments	Kontakt Factory Library 2	Acoustic -> 2 - Reed Instruments	Accordion	
Native Instruments	Kontakt Factory Library 2	Acoustic -> 2 - Reed Instruments	Duduk	
Native Instruments	Kontakt Factory Library 2	Acoustic -> 2 - Reed Instruments	Harmonium	
Native Instruments	Kontakt Factory Library 2	Acoustic -> 2 - Reed Instruments	Melodeon	
Native Instruments	Kontakt Factory Library 2	Acoustic -> 2 - Reed Instruments	Pipes (Highland)	
Native Instruments	Kontakt Factory Library 2	Acoustic -> 2 - Reed Instruments	Pipes (Tulum)	
Native Instruments	Kontakt Factory Library 2	Acoustic -> 2 - Reed Instruments	Pipes (Uilleann)	
Native Instruments	Kontakt Factory Library 2	Acoustic -> 2 - Reed Instruments	Shehnai	
Native Instruments	Kontakt Factory Library 2	Acoustic -> 2 - Reed Instruments	Sho	
Native Instruments	Kontakt Factory Library 2	Acoustic -> 2 - Reed Instruments	Zurna	
Native Instruments	Kontakt Factory Library 2	Acoustic -> 3 - Bowed Strings	Erhu	
Native Instruments	Kontakt Factory Library 2	Acoustic -> 3 - Bowed Strings	Fiddle	
Native Instruments	Kontakt Factory Library 2	Acoustic -> 3 - Bowed Strings	Hurdy Gurdy	
Native Instruments	Kontakt Factory Library 2	Acoustic -> 3 - Bowed Strings	Kemence	
Native Instruments	Kontakt Factory Library 2	Acoustic -> 4 - Plucked Strings	Guzheng	
Native Instruments	Kontakt Factory Library 2	Acoustic -> 4 - Plucked Strings	Kanun	
Native Instruments	Kontakt Factory Library 2	Acoustic -> 4 - Plucked Strings	Kora	
Native Instruments	Kontakt Factory Library 2	Acoustic -> 4 - Plucked Strings	Koto	
Native Instruments	Kontakt Factory Library 2	Acoustic -> 4 - Plucked Strings	Nyatiti	
Native Instruments	Kontakt Factory Library 2	Acoustic -> 5 - Lutes	Oud	
Native Instruments	Kontakt Factory Library 2	Acoustic -> 5 - Lutes	Pipa	
Native Instruments	Kontakt Factory Library 2	Acoustic -> 5 - Lutes	Saz	
Native Instruments	Kontakt Factory Library 2	Acoustic -> 5 - Lutes	Sitar	
Native Instruments	Kontakt Factory Library 2	Acoustic -> 5 - Lutes	Tanpura	
Native Instruments	Kontakt Factory Library 2	Acoustic -> 5 - Lutes	Tres	
Native Instruments	Kontakt Factory Library 2	Acoustic -> 6 - Dulcimer	Santur	
Native Instruments	Kontakt Factory Library 2	Acoustic -> 6 - Dulcimer	Yangqin	
Native Instruments	Kontakt Factory Library 2	Acoustic -> 7 - Mallet Instruments	Balafon	
Native Instruments	Kontakt Factory Library 2	Acoustic -> 7 - Mallet Instruments	Small Gongs	
Native Instruments	Kontakt Factory Library 2	Acoustic -> 7 - Mallet Instruments	Steel Drums	
Native Instruments	Kontakt Factory Library 2	Acoustic -> 7 - Mallet Instruments	Tuned Gongs	
Native Instruments	Kontakt Factory Library 2	Acoustic -> 8 - Ideophones	Celesta	
Native Instruments	Kontakt Factory Library 2	Acoustic -> 8 - Ideophones	Kalimba	
Native Instruments	Kontakt Factory Library 2	Acoustic -> 8 - Ideophones	Music Box	
Native Instruments	Kontakt Factory Library 2	Acoustic -> 8 - Ideophones	Sansa	
Native Instruments	Kontakt Factory Library 2	Acoustic -> 9 - Percussion	African Shakers	
Native Instruments	Kontakt Factory Library 2	Acoustic -> 9 - Percussion	Bongos	
Native Instruments	Kontakt Factory Library 2	Acoustic -> 9 - Percussion	Congas	
Native Instruments	Kontakt Factory Library 2	Acoustic -> 9 - Percussion	Daf - Dayereh	
Native Instruments	Kontakt Factory Library 2	Acoustic -> 9 - Percussion	Darabuka - Dunbek	
Native Instruments	Kontakt Factory Library 2	Acoustic -> 9 - Percussion	Djembes	
Native Instruments	Kontakt Factory Library 2	Acoustic -> 9 - Percussion	Ewe - Toke	
Native Instruments	Kontakt Factory Library 2	Acoustic -> 9 - Percussion	Gongs	
Native Instruments	Kontakt Factory Library 2	Acoustic -> 9 - Percussion	Kroboto - Boba - Kidi	
Native Instruments	Kontakt Factory Library 2	Acoustic -> 9 - Percussion	Riq	
Native Instruments	Kontakt Factory Library 2	Acoustic -> 9 - Percussion	Tabla	
Native Instruments	Kontakt Factory Library 2	Acoustic -> 9 - Percussion	Taikos	
Native Instruments	Kontakt Factory Library 2	Acoustic -> 9 - Percussion	Timbales	
Native Instruments	Kontakt Factory Library 2	Acoustic -> 9 - Percussion	Tonbak - Tar - Davul	
Native Instruments	Kontakt Factory Library 2	Band -> 1 - Horns	Alto Saxophone	
Native Instruments	Kontakt Factory Library 2	Band -> 1 - Horns	Baritone Saxophone	
Native Instruments	Kontakt Factory Library 2	Band -> 1 - Horns	Sax Section	
Native Instruments	Kontakt Factory Library 2	Band -> 1 - Horns	Tenor Saxophone	
Native Instruments	Kontakt Factory Library 2	Band -> 1 - Horns	Trombone	
Native Instruments	Kontakt Factory Library 2	Band -> 1 - Horns	Trombone Section	
Native Instruments	Kontakt Factory Library 2	Band -> 1 - Horns	Trumpet	
Native Instruments	Kontakt Factory Library 2	Band -> 1 - Horns	Trumpet Mute	
Native Instruments	Kontakt Factory Library 2	Band -> 1 - Horns	Trumpet Section	
Native Instruments	Kontakt Factory Library 2	Band -> 2 - Acoustic Pianos	Grand Piano	
Native Instruments	Kontakt Factory Library 2	Band -> 2 - Acoustic Pianos	Ragtime Piano	
Native Instruments	Kontakt Factory Library 2	Band -> 2 - Acoustic Pianos	Upright Piano	
Native Instruments	Kontakt Factory Library 2	Band -> 3 - Electric Pianos	Clavinet	
Native Instruments	Kontakt Factory Library 2	Band -> 3 - Electric Pianos	Clavinet Auto Wah Lead	
Native Instruments	Kontakt Factory Library 2	Band -> 3 - Electric Pianos	Clavinet Stereo Auto Wah	
Native Instruments	Kontakt Factory Library 2	Band -> 3 - Electric Pianos	Clavinet Wah Overdrive	
Native Instruments	Kontakt Factory Library 2	Band -> 3 - Electric Pianos	Mark I Classic	
Native Instruments	Kontakt Factory Library 2	Band -> 3 - Electric Pianos	Mark I Crunchy Expressive	
Native Instruments	Kontakt Factory Library 2	Band -> 3 - Electric Pianos	Mark I Ringmod	
Native Instruments	Kontakt Factory Library 2	Band -> 3 - Electric Pianos	Mark I Suitcase	
Native Instruments	Kontakt Factory Library 2	Band -> 3 - Electric Pianos	Mark II Classic	
Native Instruments	Kontakt Factory Library 2	Band -> 3 - Electric Pianos	Mark II Phaser Ballad	
Native Instruments	Kontakt Factory Library 2	Band -> 3 - Electric Pianos	Mark II Soft Random	
Native Instruments	Kontakt Factory Library 2	Band -> 3 - Electric Pianos	Mark II Sparkly Chorus	
Native Instruments	Kontakt Factory Library 2	Band -> 3 - Electric Pianos	Wurly Crunchy Mellow	
Native Instruments	Kontakt Factory Library 2	Band -> 3 - Electric Pianos	Wurly EP	
Native Instruments	Kontakt Factory Library 2	Band -> 3 - Electric Pianos	Wurly Speaker	
Native Instruments	Kontakt Factory Library 2	Band -> 3 - Electric Pianos	Wurly Vintage Slapback	
Native Instruments	Kontakt Factory Library 2	Band -> 4 - Organ	A Whiter Shade	
Native Instruments	Kontakt Factory Library 2	Band -> 4 - Organ	Born to C3	
Native Instruments	Kontakt Factory Library 2	Band -> 4 - Organ	C3 Blues	
Native Instruments	Kontakt Factory Library 2	Band -> 4 - Organ	Circus	
Native Instruments	Kontakt Factory Library 2	Band -> 4 - Organ	Cool Cats	
Native Instruments	Kontakt Factory Library 2	Band -> 4 - Organ	Disharmonica	
Native Instruments	Kontakt Factory Library 2	Band -> 4 - Organ	Francescos Trumpet	
Native Instruments	Kontakt Factory Library 2	Band -> 4 - Organ	House Plop	
Native Instruments	Kontakt Factory Library 2	Band -> 4 - Organ	Indian Ropemen	
Native Instruments	Kontakt Factory Library 2	Band -> 4 - Organ	Jazz	
Native Instruments	Kontakt Factory Library 2	Band -> 4 - Organ	Jazz Basic	
Native Instruments	Kontakt Factory Library 2	Band -> 4 - Organ	Je t aime	
Native Instruments	Kontakt Factory Library 2	Band -> 4 - Organ	Marquee	
Native Instruments	Kontakt Factory Library 2	Band -> 4 - Organ	Oye Como Va	
Native Instruments	Kontakt Factory Library 2	Band -> 4 - Organ	Preston	
Native Instruments	Kontakt Factory Library 2	Band -> 4 - Organ	Reggae Basic	
Native Instruments	Kontakt Factory Library 2	Band -> 4 - Organ	Rock Basic	
Native Instruments	Kontakt Factory Library 2	Band -> 4 - Organ	The Cat	
Native Instruments	Kontakt Factory Library 2	Band -> 4 - Organ	The Third	
Native Instruments	Kontakt Factory Library 2	Band -> 4 - Organ	Woodstock	
Native Instruments	Kontakt Factory Library 2	Band -> 5 - Guitar	Acoustic Fingered	
Native Instruments	Kontakt Factory Library 2	Band -> 5 - Guitar	Acoustic Fingered 12 Strings	
Native Instruments	Kontakt Factory Library 2	Band -> 5 - Guitar	Acoustic Picked	
Native Instruments	Kontakt Factory Library 2	Band -> 5 - Guitar	Acoustic Picked 12 Strings	
Native Instruments	Kontakt Factory Library 2	Band -> 5 - Guitar	Acoustic Strummed	
Native Instruments	Kontakt Factory Library 2	Band -> 5 - Guitar	Acoustic Strummed 12 Strings	
Native Instruments	Kontakt Factory Library 2	Band -> 5 - Guitar	Akkord Guitar - Default	
Native Instruments	Kontakt Factory Library 2	Band -> 5 - Guitar	Akkord Guitar - Large	
Native Instruments	Kontakt Factory Library 2	Band -> 5 - Guitar	Akkord Guitar (All Chords)	
Native Instruments	Kontakt Factory Library 2	Band -> 5 - Guitar	Elektrik Guitar	
Native Instruments	Kontakt Factory Library 2	Band -> 5 - Guitar	Funk Guitar	
Native Instruments	Kontakt Factory Library 2	Band -> 5 - Guitar	Harmonic Guitar	
Native Instruments	Kontakt Factory Library 2	Band -> 5 - Guitar	Jazz Guitar	
Native Instruments	Kontakt Factory Library 2	Band -> 5 - Guitar	Nylon Guitar	
Native Instruments	Kontakt Factory Library 2	Band -> 5 - Guitar	Rhythm Rock Guitar	
Native Instruments	Kontakt Factory Library 2	Band -> 5 - Guitar	Rock Guitar	
Native Instruments	Kontakt Factory Library 2	Band -> 5 - Guitar	Solo Guitar	
Native Instruments	Kontakt Factory Library 2	Band -> 6 - Bass	Classic Bass	
Native Instruments	Kontakt Factory Library 2	Band -> 6 - Bass	Funk Bass	
Native Instruments	Kontakt Factory Library 2	Band -> 6 - Bass	Jazz Upright	
Native Instruments	Kontakt Factory Library 2	Band -> 6 - Bass	Pop Bass	
Native Instruments	Kontakt Factory Library 2	Band -> 6 - Bass	Upright Bass	
Native Instruments	Kontakt Factory Library 2	Band -> 7 - Drum Kits	Bling Bling Kit	
Native Instruments	Kontakt Factory Library 2	Band -> 7 - Drum Kits	Central Stage Kit	
Native Instruments	Kontakt Factory Library 2	Band -> 7 - Drum Kits	Chocolate City Kit	
Native Instruments	Kontakt Factory Library 2	Band -> 7 - Drum Kits	Crystal Kit	
Native Instruments	Kontakt Factory Library 2	Band -> 7 - Drum Kits	Downtown Kit	
Native Instruments	Kontakt Factory Library 2	Band -> 7 - Drum Kits	Funk Kit	
Native Instruments	Kontakt Factory Library 2	Band -> 7 - Drum Kits	Jazz Kit	
Native Instruments	Kontakt Factory Library 2	Band -> 7 - Drum Kits	Platinum Plus Kit	
Native Instruments	Kontakt Factory Library 2	Band -> 7 - Drum Kits	Pop Kit	
Native Instruments	Kontakt Factory Library 2	Band -> 7 - Drum Kits	Rock Kit	
Native Instruments	Kontakt Factory Library 2	Band -> 7 - Drum Kits	Rolling Ice Kit	
Native Instruments	Kontakt Factory Library 2	Band -> 7 - Drum Kits	Street Knowledge Kit	
Native Instruments	Kontakt Factory Library 2	Band -> 7 - Drum Kits	Studio Break Kit	
Native Instruments	Kontakt Factory Library 2	Beats -> Colour	Colour - Abstract	
Native Instruments	Kontakt Factory Library 2	Beats -> Colour	Colour - Bap	
Native Instruments	Kontakt Factory Library 2	Beats -> Colour	Colour - Blocked	
Native Instruments	Kontakt Factory Library 2	Beats -> Colour	Colour - Chiller	
Native Instruments	Kontakt Factory Library 2	Beats -> Colour	Colour - Cloud	
Native Instruments	Kontakt Factory Library 2	Beats -> Colour	Colour - Cool	
Native Instruments	Kontakt Factory Library 2	Beats -> Colour	Colour - Fever	
Native Instruments	Kontakt Factory Library 2	Beats -> Colour	Colour - Fire	
Native Instruments	Kontakt Factory Library 2	Beats -> Colour	Colour - Home	
Native Instruments	Kontakt Factory Library 2	Beats -> Colour	Colour - Lethal	
Native Instruments	Kontakt Factory Library 2	Beats -> Colour	Colour - Little Goon	
Native Instruments	Kontakt Factory Library 2	Beats -> Colour	Colour - Mental	
Native Instruments	Kontakt Factory Library 2	Beats -> Colour	Colour - Neo	
Native Instruments	Kontakt Factory Library 2	Beats -> Colour	Colour - Power	
Native Instruments	Kontakt Factory Library 2	Beats -> Colour	Colour - Soul	
Native Instruments	Kontakt Factory Library 2	Beats -> Colour	Colour - Spring	
Native Instruments	Kontakt Factory Library 2	Beats -> Colour	Colour - Sunset	
Native Instruments	Kontakt Factory Library 2	Beats -> Colour	Colour - West	
Native Instruments	Kontakt Factory Library 2	Beats -> Distorted	Distorted - Abstract	
Native Instruments	Kontakt Factory Library 2	Beats -> Distorted	Distorted - Bap	
Native Instruments	Kontakt Factory Library 2	Beats -> Distorted	Distorted - Blocked	
Native Instruments	Kontakt Factory Library 2	Beats -> Distorted	Distorted - Chiller	
Native Instruments	Kontakt Factory Library 2	Beats -> Distorted	Distorted - Cloud	
Native Instruments	Kontakt Factory Library 2	Beats -> Distorted	Distorted - Cool	
Native Instruments	Kontakt Factory Library 2	Beats -> Distorted	Distorted - Fever	
Native Instruments	Kontakt Factory Library 2	Beats -> Distorted	Distorted - Fire	
Native Instruments	Kontakt Factory Library 2	Beats -> Distorted	Distorted - Home	
Native Instruments	Kontakt Factory Library 2	Beats -> Distorted	Distorted - Lethal	
Native Instruments	Kontakt Factory Library 2	Beats -> Distorted	Distorted - Little Goon	
Native Instruments	Kontakt Factory Library 2	Beats -> Distorted	Distorted - Mental	
Native Instruments	Kontakt Factory Library 2	Beats -> Distorted	Distorted - Neo	
Native Instruments	Kontakt Factory Library 2	Beats -> Distorted	Distorted - Power	
Native Instruments	Kontakt Factory Library 2	Beats -> Distorted	Distorted - Soul	
Native Instruments	Kontakt Factory Library 2	Beats -> Distorted	Distorted - Spring	
Native Instruments	Kontakt Factory Library 2	Beats -> Distorted	Distorted - Sunset	
Native Instruments	Kontakt Factory Library 2	Beats -> Distorted	Distorted - West	
Native Instruments	Kontakt Factory Library 2	Beats -> Flair	Flair - Abstract	
Native Instruments	Kontakt Factory Library 2	Beats -> Flair	Flair - Bap	
Native Instruments	Kontakt Factory Library 2	Beats -> Flair	Flair - Blocked	
Native Instruments	Kontakt Factory Library 2	Beats -> Flair	Flair - Chiller	
Native Instruments	Kontakt Factory Library 2	Beats -> Flair	Flair - Cloud	
Native Instruments	Kontakt Factory Library 2	Beats -> Flair	Flair - Cool	
Native Instruments	Kontakt Factory Library 2	Beats -> Flair	Flair - Fever	
Native Instruments	Kontakt Factory Library 2	Beats -> Flair	Flair - Fire	
Native Instruments	Kontakt Factory Library 2	Beats -> Flair	Flair - Home	
Native Instruments	Kontakt Factory Library 2	Beats -> Flair	Flair - Lethal	
Native Instruments	Kontakt Factory Library 2	Beats -> Flair	Flair - Little Goon	
Native Instruments	Kontakt Factory Library 2	Beats -> Flair	Flair - Mental	
Native Instruments	Kontakt Factory Library 2	Beats -> Flair	Flair - Neo	
Native Instruments	Kontakt Factory Library 2	Beats -> Flair	Flair - Power	
Native Instruments	Kontakt Factory Library 2	Beats -> Flair	Flair - Soul	
Native Instruments	Kontakt Factory Library 2	Beats -> Flair	Flair - Spring	
Native Instruments	Kontakt Factory Library 2	Beats -> Flair	Flair - Sunset	
Native Instruments	Kontakt Factory Library 2	Beats -> Flair	Flair - West	
Native Instruments	Kontakt Factory Library 2	Beats -> Flanger	Flanger - Abstract	
Native Instruments	Kontakt Factory Library 2	Beats -> Flanger	Flanger - Bap	
Native Instruments	Kontakt Factory Library 2	Beats -> Flanger	Flanger - Blocked	
Native Instruments	Kontakt Factory Library 2	Beats -> Flanger	Flanger - Chiller	
Native Instruments	Kontakt Factory Library 2	Beats -> Flanger	Flanger - Cloud	
Native Instruments	Kontakt Factory Library 2	Beats -> Flanger	Flanger - Cool	
Native Instruments	Kontakt Factory Library 2	Beats -> Flanger	Flanger - Fever	
Native Instruments	Kontakt Factory Library 2	Beats -> Flanger	Flanger - Fire	
Native Instruments	Kontakt Factory Library 2	Beats -> Flanger	Flanger - Home	
Native Instruments	Kontakt Factory Library 2	Beats -> Flanger	Flanger - Lethal	
Native Instruments	Kontakt Factory Library 2	Beats -> Flanger	Flanger - Little Goon	
Native Instruments	Kontakt Factory Library 2	Beats -> Flanger	Flanger - Mental	
Native Instruments	Kontakt Factory Library 2	Beats -> Flanger	Flanger - Neo	
Native Instruments	Kontakt Factory Library 2	Beats -> Flanger	Flanger - Power	
Native Instruments	Kontakt Factory Library 2	Beats -> Flanger	Flanger - Soul	
Native Instruments	Kontakt Factory Library 2	Beats -> Flanger	Flanger - Spring	
Native Instruments	Kontakt Factory Library 2	Beats -> Flanger	Flanger - Sunset	
Native Instruments	Kontakt Factory Library 2	Beats -> Flanger	Flanger - West	
Native Instruments	Kontakt Factory Library 2	Beats -> Space	Space - Abstract	
Native Instruments	Kontakt Factory Library 2	Beats -> Space	Space - Bap	
Native Instruments	Kontakt Factory Library 2	Beats -> Space	Space - Blocked	
Native Instruments	Kontakt Factory Library 2	Beats -> Space	Space - Chiller	
Native Instruments	Kontakt Factory Library 2	Beats -> Space	Space - Cloud	
Native Instruments	Kontakt Factory Library 2	Beats -> Space	Space - Cool	
Native Instruments	Kontakt Factory Library 2	Beats -> Space	Space - Fever	
Native Instruments	Kontakt Factory Library 2	Beats -> Space	Space - Fire	
Native Instruments	Kontakt Factory Library 2	Beats -> Space	Space - Home	
Native Instruments	Kontakt Factory Library 2	Beats -> Space	Space - Lethal	
Native Instruments	Kontakt Factory Library 2	Beats -> Space	Space - Little Goon	
Native Instruments	Kontakt Factory Library 2	Beats -> Space	Space - Mental	
Native Instruments	Kontakt Factory Library 2	Beats -> Space	Space - Neo	
Native Instruments	Kontakt Factory Library 2	Beats -> Space	Space - Power	
Native Instruments	Kontakt Factory Library 2	Beats -> Space	Space - Soul	
Native Instruments	Kontakt Factory Library 2	Beats -> Space	Space - Spring	
Native Instruments	Kontakt Factory Library 2	Beats -> Space	Space - Sunset	
Native Instruments	Kontakt Factory Library 2	Beats -> Space	Space - West	
Native Instruments	Kontakt Factory Library 2	Choir -> 1 - Vowel Morphs	Choir Morph [a-e-i-o-u]	
Native Instruments	Kontakt Factory Library 2	Choir -> 1 - Vowel Morphs	Choir Morph [a-e]	
Native Instruments	Kontakt Factory Library 2	Choir -> 1 - Vowel Morphs	Choir Morph [a-i]	
Native Instruments	Kontakt Factory Library 2	Choir -> 1 - Vowel Morphs	Choir Morph [a-m]	
Native Instruments	Kontakt Factory Library 2	Choir -> 1 - Vowel Morphs	Choir Morph [o-u]	
Native Instruments	Kontakt Factory Library 2	Choir -> 2 - Vowel Keyswitches	Alto Vowels	
Native Instruments	Kontakt Factory Library 2	Choir -> 2 - Vowel Keyswitches	Bass Vowels	
Native Instruments	Kontakt Factory Library 2	Choir -> 2 - Vowel Keyswitches	Choir Vowels	
Native Instruments	Kontakt Factory Library 2	Choir -> 2 - Vowel Keyswitches	Soprano Vowels	
Native Instruments	Kontakt Factory Library 2	Choir -> 2 - Vowel Keyswitches	Tenor Vowels	
Native Instruments	Kontakt Factory Library 2	Choir -> 3 - Choir	Choir [a]	
Native Instruments	Kontakt Factory Library 2	Choir -> 3 - Choir	Choir [e]	
Native Instruments	Kontakt Factory Library 2	Choir -> 3 - Choir	Choir [i]	
Native Instruments	Kontakt Factory Library 2	Choir -> 3 - Choir	Choir [m]	
Native Instruments	Kontakt Factory Library 2	Choir -> 3 - Choir	Choir [o]	
Native Instruments	Kontakt Factory Library 2	Choir -> 3 - Choir	Choir [u]	
Native Instruments	Kontakt Factory Library 2	Choir -> 4 - Soprano	Soprano [a]	
Native Instruments	Kontakt Factory Library 2	Choir -> 4 - Soprano	Soprano [e]	
Native Instruments	Kontakt Factory Library 2	Choir -> 4 - Soprano	Soprano [i]	
Native Instruments	Kontakt Factory Library 2	Choir -> 4 - Soprano	Soprano [m]	
Native Instruments	Kontakt Factory Library 2	Choir -> 4 - Soprano	Soprano [o]	
Native Instruments	Kontakt Factory Library 2	Choir -> 4 - Soprano	Soprano [u]	
Native Instruments	Kontakt Factory Library 2	Choir -> 5 - Alto	Alto [a]	
Native Instruments	Kontakt Factory Library 2	Choir -> 5 - Alto	Alto [e]	
Native Instruments	Kontakt Factory Library 2	Choir -> 5 - Alto	Alto [i]	
Native Instruments	Kontakt Factory Library 2	Choir -> 5 - Alto	Alto [m]	
Native Instruments	Kontakt Factory Library 2	Choir -> 5 - Alto	Alto [o]	
Native Instruments	Kontakt Factory Library 2	Choir -> 5 - Alto	Alto [u]	
Native Instruments	Kontakt Factory Library 2	Choir -> 6 - Tenor	Tenor [a]	
Native Instruments	Kontakt Factory Library 2	Choir -> 6 - Tenor	Tenor [e]	
Native Instruments	Kontakt Factory Library 2	Choir -> 6 - Tenor	Tenor [i]	
Native Instruments	Kontakt Factory Library 2	Choir -> 6 - Tenor	Tenor [m]	
Native Instruments	Kontakt Factory Library 2	Choir -> 6 - Tenor	Tenor [o]	
Native Instruments	Kontakt Factory Library 2	Choir -> 6 - Tenor	Tenor [u]	
Native Instruments	Kontakt Factory Library 2	Choir -> 7 - Bass	Bass [a]	
Native Instruments	Kontakt Factory Library 2	Choir -> 7 - Bass	Bass [e]	
Native Instruments	Kontakt Factory Library 2	Choir -> 7 - Bass	Bass [i]	
Native Instruments	Kontakt Factory Library 2	Choir -> 7 - Bass	Bass [m]	
Native Instruments	Kontakt Factory Library 2	Choir -> 7 - Bass	Bass [o]	
Native Instruments	Kontakt Factory Library 2	Choir -> 7 - Bass	Bass [u]	
Native Instruments	Kontakt Factory Library 2	Choir -> 8 - Strezov Sampling	Strezov Sampling Altos	
Native Instruments	Kontakt Factory Library 2	Choir -> 8 - Strezov Sampling	Strezov Sampling Basses	
Native Instruments	Kontakt Factory Library 2	Choir -> 8 - Strezov Sampling	Strezov Sampling Sopranos	
Native Instruments	Kontakt Factory Library 2	Choir -> 8 - Strezov Sampling	Strezov Sampling Tenors	
Native Instruments	Kontakt Factory Library 2	Orchestral -> 1 - Woodwinds	Bassoon	
Native Instruments	Kontakt Factory Library 2	Orchestral -> 1 - Woodwinds	Clarinet Bb	
Native Instruments	Kontakt Factory Library 2	Orchestral -> 1 - Woodwinds	Flute	
Native Instruments	Kontakt Factory Library 2	Orchestral -> 1 - Woodwinds	Oboe	
Native Instruments	Kontakt Factory Library 2	Orchestral -> 1 - Woodwinds	Piccolo	
Native Instruments	Kontakt Factory Library 2	Orchestral -> 2 - Brass	Horn Ens	
Native Instruments	Kontakt Factory Library 2	Orchestral -> 2 - Brass	Solo Horn	
Native Instruments	Kontakt Factory Library 2	Orchestral -> 2 - Brass	Solo Trombone	
Native Instruments	Kontakt Factory Library 2	Orchestral -> 2 - Brass	Solo Trumpet	
Native Instruments	Kontakt Factory Library 2	Orchestral -> 2 - Brass	Trumpet Ens a3	
Native Instruments	Kontakt Factory Library 2	Orchestral -> 2 - Brass	Tuba	
Native Instruments	Kontakt Factory Library 2	Orchestral -> 3 - Percussion	Bass Drum	
Native Instruments	Kontakt Factory Library 2	Orchestral -> 3 - Percussion	Celesta	
Native Instruments	Kontakt Factory Library 2	Orchestral -> 3 - Percussion	Claves	
Native Instruments	Kontakt Factory Library 2	Orchestral -> 3 - Percussion	Cymbals	
Native Instruments	Kontakt Factory Library 2	Orchestral -> 3 - Percussion	Marimba	
Native Instruments	Kontakt Factory Library 2	Orchestral -> 3 - Percussion	Snare Drum	
Native Instruments	Kontakt Factory Library 2	Orchestral -> 3 - Percussion	Timpani	
Native Instruments	Kontakt Factory Library 2	Orchestral -> 3 - Percussion	Triangle	
Native Instruments	Kontakt Factory Library 2	Orchestral -> 3 - Percussion	Vibraphone	
Native Instruments	Kontakt Factory Library 2	Orchestral -> 3 - Percussion	Woodblock	
Native Instruments	Kontakt Factory Library 2	Orchestral -> 3 - Percussion	Xylophone	
Native Instruments	Kontakt Factory Library 2	Orchestral -> 4 - Strings	Basses	
Native Instruments	Kontakt Factory Library 2	Orchestral -> 4 - Strings	Celli	
Native Instruments	Kontakt Factory Library 2	Orchestral -> 4 - Strings	Harp	
Native Instruments	Kontakt Factory Library 2	Orchestral -> 4 - Strings	Violas	
Native Instruments	Kontakt Factory Library 2	Orchestral -> 4 - Strings	Violins	
Native Instruments	Kontakt Factory Library 2	Synth -> 1 - Pad	Accumulation	
Native Instruments	Kontakt Factory Library 2	Synth -> 1 - Pad	Across The Pacific	
Native Instruments	Kontakt Factory Library 2	Synth -> 1 - Pad	Ahoy	
Native Instruments	Kontakt Factory Library 2	Synth -> 1 - Pad	Ambibella	
Native Instruments	Kontakt Factory Library 2	Synth -> 1 - Pad	April Pan	
Native Instruments	Kontakt Factory Library 2	Synth -> 1 - Pad	Arctic Morning	
Native Instruments	Kontakt Factory Library 2	Synth -> 1 - Pad	Basement Sprites	
Native Instruments	Kontakt Factory Library 2	Synth -> 1 - Pad	Belle De Jour	
Native Instruments	Kontakt Factory Library 2	Synth -> 1 - Pad	Bowgart	
Native Instruments	Kontakt Factory Library 2	Synth -> 1 - Pad	Cerulean	
Native Instruments	Kontakt Factory Library 2	Synth -> 1 - Pad	Chrystal	
Native Instruments	Kontakt Factory Library 2	Synth -> 1 - Pad	Clear Skies	
Native Instruments	Kontakt Factory Library 2	Synth -> 1 - Pad	Cold Cave	
Native Instruments	Kontakt Factory Library 2	Synth -> 1 - Pad	Daft	
Native Instruments	Kontakt Factory Library 2	Synth -> 1 - Pad	Damascus	
Native Instruments	Kontakt Factory Library 2	Synth -> 1 - Pad	Danger	
Native Instruments	Kontakt Factory Library 2	Synth -> 1 - Pad	Dawn Chorus	
Native Instruments	Kontakt Factory Library 2	Synth -> 1 - Pad	Destructive Clusters	
Native Instruments	Kontakt Factory Library 2	Synth -> 1 - Pad	Distant Memory	
Native Instruments	Kontakt Factory Library 2	Synth -> 1 - Pad	Drifting Apart	
Native Instruments	Kontakt Factory Library 2	Synth -> 1 - Pad	Fairy Voice	
Native Instruments	Kontakt Factory Library 2	Synth -> 1 - Pad	Flitered Pad	
Native Instruments	Kontakt Factory Library 2	Synth -> 1 - Pad	Fluctuations	
Native Instruments	Kontakt Factory Library 2	Synth -> 1 - Pad	Forma Choir	
Native Instruments	Kontakt Factory Library 2	Synth -> 1 - Pad	Fragile	
Native Instruments	Kontakt Factory Library 2	Synth -> 1 - Pad	Fudge Pad	
Native Instruments	Kontakt Factory Library 2	Synth -> 1 - Pad	Green Fairy	
Native Instruments	Kontakt Factory Library 2	Synth -> 1 - Pad	Heartbreaking	
Native Instruments	Kontakt Factory Library 2	Synth -> 1 - Pad	Heaven's Sake	
Native Instruments	Kontakt Factory Library 2	Synth -> 1 - Pad	Lesotho	
Native Instruments	Kontakt Factory Library 2	Synth -> 1 - Pad	Liberty Valance	
Native Instruments	Kontakt Factory Library 2	Synth -> 1 - Pad	Light Breaks Through	
Native Instruments	Kontakt Factory Library 2	Synth -> 1 - Pad	Little Magnet	
Native Instruments	Kontakt Factory Library 2	Synth -> 1 - Pad	Marco Polo	
Native Instruments	Kontakt Factory Library 2	Synth -> 1 - Pad	Mountain Dweller	
Native Instruments	Kontakt Factory Library 2	Synth -> 1 - Pad	Nevada Nocturne	
Native Instruments	Kontakt Factory Library 2	Synth -> 1 - Pad	Noir	
Native Instruments	Kontakt Factory Library 2	Synth -> 1 - Pad	Odd Square	
Native Instruments	Kontakt Factory Library 2	Synth -> 1 - Pad	Open Spaces	
Native Instruments	Kontakt Factory Library 2	Synth -> 1 - Pad	Park Day	
Native Instruments	Kontakt Factory Library 2	Synth -> 1 - Pad	Peaceful Forest	
Native Instruments	Kontakt Factory Library 2	Synth -> 1 - Pad	Polypop Chord	
Native Instruments	Kontakt Factory Library 2	Synth -> 1 - Pad	Prestige	
Native Instruments	Kontakt Factory Library 2	Synth -> 1 - Pad	Punch	
Native Instruments	Kontakt Factory Library 2	Synth -> 1 - Pad	Rasper	
Native Instruments	Kontakt Factory Library 2	Synth -> 1 - Pad	Relief	
Native Instruments	Kontakt Factory Library 2	Synth -> 1 - Pad	Rotation	
Native Instruments	Kontakt Factory Library 2	Synth -> 1 - Pad	Rotterdam Nights	
Native Instruments	Kontakt Factory Library 2	Synth -> 1 - Pad	Royal	
Native Instruments	Kontakt Factory Library 2	Synth -> 1 - Pad	Sacre Coeur	
Native Instruments	Kontakt Factory Library 2	Synth -> 1 - Pad	Sad Steam	
Native Instruments	Kontakt Factory Library 2	Synth -> 1 - Pad	Shivers	
Native Instruments	Kontakt Factory Library 2	Synth -> 1 - Pad	SingSang	
Native Instruments	Kontakt Factory Library 2	Synth -> 1 - Pad	Sleeping Squirrel	
Native Instruments	Kontakt Factory Library 2	Synth -> 1 - Pad	Sleepy Hollow	
Native Instruments	Kontakt Factory Library 2	Synth -> 1 - Pad	Slightly Rusty	
Native Instruments	Kontakt Factory Library 2	Synth -> 1 - Pad	South Sweden	
Native Instruments	Kontakt Factory Library 2	Synth -> 1 - Pad	Spring Breeze	
Native Instruments	Kontakt Factory Library 2	Synth -> 1 - Pad	Stand By Me	
Native Instruments	Kontakt Factory Library 2	Synth -> 1 - Pad	Straight Analog	
Native Instruments	Kontakt Factory Library 2	Synth -> 1 - Pad	Strawbrass	
Native Instruments	Kontakt Factory Library 2	Synth -> 1 - Pad	String Cabinet	
Native Instruments	Kontakt Factory Library 2	Synth -> 1 - Pad	Strings Attached	
Native Instruments	Kontakt Factory Library 2	Synth -> 1 - Pad	Suave	
Native Instruments	Kontakt Factory Library 2	Synth -> 1 - Pad	Subtle Bell	
Native Instruments	Kontakt Factory Library 2	Synth -> 1 - Pad	Summer Pad	
Native Instruments	Kontakt Factory Library 2	Synth -> 1 - Pad	Sunset	
Native Instruments	Kontakt Factory Library 2	Synth -> 1 - Pad	Superpathos	
Native Instruments	Kontakt Factory Library 2	Synth -> 1 - Pad	Sylar Says	
Native Instruments	Kontakt Factory Library 2	Synth -> 1 - Pad	Take Off	
Native Instruments	Kontakt Factory Library 2	Synth -> 1 - Pad	Textural Fluttering	
Native Instruments	Kontakt Factory Library 2	Synth -> 1 - Pad	The Wagons Roll At Night	
Native Instruments	Kontakt Factory Library 2	Synth -> 1 - Pad	Twisted Organ	
Native Instruments	Kontakt Factory Library 2	Synth -> 1 - Pad	Two Against The World	
Native Instruments	Kontakt Factory Library 2	Synth -> 1 - Pad	Uncertain Rising	
Native Instruments	Kontakt Factory Library 2	Synth -> 1 - Pad	Underwater Worship	
Native Instruments	Kontakt Factory Library 2	Synth -> 1 - Pad	Underworld Empire	
Native Instruments	Kontakt Factory Library 2	Synth -> 1 - Pad	Up And Down	
Native Instruments	Kontakt Factory Library 2	Synth -> 1 - Pad	Vochor	
Native Instruments	Kontakt Factory Library 2	Synth -> 1 - Pad	Warping	
Native Instruments	Kontakt Factory Library 2	Synth -> 1 - Pad	Washy Voices	
Native Instruments	Kontakt Factory Library 2	Synth -> 1 - Pad	Wavy Organ	
Native Instruments	Kontakt Factory Library 2	Synth -> 1 - Pad	We Dance In Trance	
Native Instruments	Kontakt Factory Library 2	Synth -> 1 - Pad	Winter Keys	
Native Instruments	Kontakt Factory Library 2	Synth -> 2 - Choir	Airy Anthem	
Native Instruments	Kontakt Factory Library 2	Synth -> 2 - Choir	Cellar Serenade	
Native Instruments	Kontakt Factory Library 2	Synth -> 2 - Choir	Digital Ghost	
Native Instruments	Kontakt Factory Library 2	Synth -> 2 - Choir	In A Lonely Place	
Native Instruments	Kontakt Factory Library 2	Synth -> 2 - Choir	Pristine Gospel	
Native Instruments	Kontakt Factory Library 2	Synth -> 2 - Choir	Sailor	
Native Instruments	Kontakt Factory Library 2	Synth -> 2 - Choir	Spirited Away	
Native Instruments	Kontakt Factory Library 2	Synth -> 2 - Choir	We're No Angels	
Native Instruments	Kontakt Factory Library 2	Synth -> 3 - Bass	700 Dirt Bass	
Native Instruments	Kontakt Factory Library 2	Synth -> 3 - Bass	Addition	
Native Instruments	Kontakt Factory Library 2	Synth -> 3 - Bass	Adrenaline	
Native Instruments	Kontakt Factory Library 2	Synth -> 3 - Bass	Amped Modular Bass	
Native Instruments	Kontakt Factory Library 2	Synth -> 3 - Bass	Angry Digital Bass	
Native Instruments	Kontakt Factory Library 2	Synth -> 3 - Bass	Badman Lobbie	
Native Instruments	Kontakt Factory Library 2	Synth -> 3 - Bass	Banzai 23	
Native Instruments	Kontakt Factory Library 2	Synth -> 3 - Bass	Bearded	
Native Instruments	Kontakt Factory Library 2	Synth -> 3 - Bass	Bone Slammer Bass	
Native Instruments	Kontakt Factory Library 2	Synth -> 3 - Bass	Cabinet Bass 1	
Native Instruments	Kontakt Factory Library 2	Synth -> 3 - Bass	Cabinet Bass 2	
Native Instruments	Kontakt Factory Library 2	Synth -> 3 - Bass	Castles Burning	
Native Instruments	Kontakt Factory Library 2	Synth -> 3 - Bass	Circuit Adventure Bass	
Native Instruments	Kontakt Factory Library 2	Synth -> 3 - Bass	Crushed Pain Bass	
Native Instruments	Kontakt Factory Library 2	Synth -> 3 - Bass	Deep Bass	
Native Instruments	Kontakt Factory Library 2	Synth -> 3 - Bass	Double Cell Bass	
Native Instruments	Kontakt Factory Library 2	Synth -> 3 - Bass	Electrified Bass	
Native Instruments	Kontakt Factory Library 2	Synth -> 3 - Bass	ET Bass	
Native Instruments	Kontakt Factory Library 2	Synth -> 3 - Bass	Filter Bass	
Native Instruments	Kontakt Factory Library 2	Synth -> 3 - Bass	Frayed Bass	
Native Instruments	Kontakt Factory Library 2	Synth -> 3 - Bass	Fudge	
Native Instruments	Kontakt Factory Library 2	Synth -> 3 - Bass	Fudge Extreme	
Native Instruments	Kontakt Factory Library 2	Synth -> 3 - Bass	Full Blast Bass	
Native Instruments	Kontakt Factory Library 2	Synth -> 3 - Bass	Funk Bass	
Native Instruments	Kontakt Factory Library 2	Synth -> 3 - Bass	Future Bass	
Native Instruments	Kontakt Factory Library 2	Synth -> 3 - Bass	Galactic Movement	
Native Instruments	Kontakt Factory Library 2	Synth -> 3 - Bass	Groan Bass	
Native Instruments	Kontakt Factory Library 2	Synth -> 3 - Bass	Humanoid Bass	
Native Instruments	Kontakt Factory Library 2	Synth -> 3 - Bass	Impact Bass 1	
Native Instruments	Kontakt Factory Library 2	Synth -> 3 - Bass	Impact Bass 2	
Native Instruments	Kontakt Factory Library 2	Synth -> 3 - Bass	Impact Bass 3	
Native Instruments	Kontakt Factory Library 2	Synth -> 3 - Bass	Impact Bass 4	
Native Instruments	Kontakt Factory Library 2	Synth -> 3 - Bass	Jet Rotor Bass	
Native Instruments	Kontakt Factory Library 2	Synth -> 3 - Bass	Knarzmachine	
Native Instruments	Kontakt Factory Library 2	Synth -> 3 - Bass	Left Hand Sub Bass	
Native Instruments	Kontakt Factory Library 2	Synth -> 3 - Bass	Lofi Bass	
Native Instruments	Kontakt Factory Library 2	Synth -> 3 - Bass	Male Robots Bass	
Native Instruments	Kontakt Factory Library 2	Synth -> 3 - Bass	Mega Bass	
Native Instruments	Kontakt Factory Library 2	Synth -> 3 - Bass	Memory Bass 1	
Native Instruments	Kontakt Factory Library 2	Synth -> 3 - Bass	Memory Bass 2	
Native Instruments	Kontakt Factory Library 2	Synth -> 3 - Bass	Memory Bass 3	
Native Instruments	Kontakt Factory Library 2	Synth -> 3 - Bass	Memory Bass 4	
Native Instruments	Kontakt Factory Library 2	Synth -> 3 - Bass	Memory Bass 5	
Native Instruments	Kontakt Factory Library 2	Synth -> 3 - Bass	Mini Bass 1	
Native Instruments	Kontakt Factory Library 2	Synth -> 3 - Bass	Mini Bass 2	
Native Instruments	Kontakt Factory Library 2	Synth -> 3 - Bass	Mini Bass 3	
Native Instruments	Kontakt Factory Library 2	Synth -> 3 - Bass	Mini Bass 4	
Native Instruments	Kontakt Factory Library 2	Synth -> 3 - Bass	Monster Bass	
Native Instruments	Kontakt Factory Library 2	Synth -> 3 - Bass	Moogy Pac Man Bass	
Native Instruments	Kontakt Factory Library 2	Synth -> 3 - Bass	Motor Bass	
Native Instruments	Kontakt Factory Library 2	Synth -> 3 - Bass	Octave Bass	
Native Instruments	Kontakt Factory Library 2	Synth -> 3 - Bass	Percussive Punch Bass	
Native Instruments	Kontakt Factory Library 2	Synth -> 3 - Bass	Phasored Bass	
Native Instruments	Kontakt Factory Library 2	Synth -> 3 - Bass	Plastik	
Native Instruments	Kontakt Factory Library 2	Synth -> 3 - Bass	PPG Bass	
Native Instruments	Kontakt Factory Library 2	Synth -> 3 - Bass	Punchy Bass	
Native Instruments	Kontakt Factory Library 2	Synth -> 3 - Bass	Pure Pulse	
Native Instruments	Kontakt Factory Library 2	Synth -> 3 - Bass	Pushing Pulse	
Native Instruments	Kontakt Factory Library 2	Synth -> 3 - Bass	Reso Punch Bass	
Native Instruments	Kontakt Factory Library 2	Synth -> 3 - Bass	Resoid Moog 700	
Native Instruments	Kontakt Factory Library 2	Synth -> 3 - Bass	Resonant Bass	
Native Instruments	Kontakt Factory Library 2	Synth -> 3 - Bass	Saege Bass	
Native Instruments	Kontakt Factory Library 2	Synth -> 3 - Bass	Short Moog	
Native Instruments	Kontakt Factory Library 2	Synth -> 3 - Bass	Skinhead	
Native Instruments	Kontakt Factory Library 2	Synth -> 3 - Bass	Sub Engineer Bass	
Native Instruments	Kontakt Factory Library 2	Synth -> 3 - Bass	Substantial Bass	
Native Instruments	Kontakt Factory Library 2	Synth -> 3 - Bass	Swelling Bass	
Native Instruments	Kontakt Factory Library 2	Synth -> 3 - Bass	Tape Bias Bass	
Native Instruments	Kontakt Factory Library 2	Synth -> 3 - Bass	Tape FM Bass	
Native Instruments	Kontakt Factory Library 2	Synth -> 3 - Bass	Tube Bass	
Native Instruments	Kontakt Factory Library 2	Synth -> 3 - Bass	Unexpected Bass	
Native Instruments	Kontakt Factory Library 2	Synth -> 3 - Bass	Wind	
Native Instruments	Kontakt Factory Library 2	Synth -> 3 - Bass	Wroth Filter Bass	
Native Instruments	Kontakt Factory Library 2	Synth -> 4 - Lead	Android Cabinet Lead	
Native Instruments	Kontakt Factory Library 2	Synth -> 4 - Lead	Android PWM Lead 1	
Native Instruments	Kontakt Factory Library 2	Synth -> 4 - Lead	Android PWM Lead 2	
Native Instruments	Kontakt Factory Library 2	Synth -> 4 - Lead	Android Robot Lead	
Native Instruments	Kontakt Factory Library 2	Synth -> 4 - Lead	Android Rotator Lead	
Native Instruments	Kontakt Factory Library 2	Synth -> 4 - Lead	Android Saw Lead 1	
Native Instruments	Kontakt Factory Library 2	Synth -> 4 - Lead	Android Saw Lead 2	
Native Instruments	Kontakt Factory Library 2	Synth -> 4 - Lead	Android Square Lead	
Native Instruments	Kontakt Factory Library 2	Synth -> 4 - Lead	Android Sync Lead	
Native Instruments	Kontakt Factory Library 2	Synth -> 4 - Lead	Broken Circuits	
Native Instruments	Kontakt Factory Library 2	Synth -> 4 - Lead	Cheesy Lead	
Native Instruments	Kontakt Factory Library 2	Synth -> 4 - Lead	Crawling Lead	
Native Instruments	Kontakt Factory Library 2	Synth -> 4 - Lead	December Saw	
Native Instruments	Kontakt Factory Library 2	Synth -> 4 - Lead	Douglas Lead	
Native Instruments	Kontakt Factory Library 2	Synth -> 4 - Lead	Downforce Saw	
Native Instruments	Kontakt Factory Library 2	Synth -> 4 - Lead	Guitar Lead	
Native Instruments	Kontakt Factory Library 2	Synth -> 4 - Lead	Hard'n Dirty	
Native Instruments	Kontakt Factory Library 2	Synth -> 4 - Lead	Hybrid Lead	
Native Instruments	Kontakt Factory Library 2	Synth -> 4 - Lead	Mystic Lead	
Native Instruments	Kontakt Factory Library 2	Synth -> 4 - Lead	Percussive Lead	
Native Instruments	Kontakt Factory Library 2	Synth -> 4 - Lead	Pimped Analog Saw	
Native Instruments	Kontakt Factory Library 2	Synth -> 4 - Lead	Poly Detuned Lead	
Native Instruments	Kontakt Factory Library 2	Synth -> 4 - Lead	Processor Lead	
Native Instruments	Kontakt Factory Library 2	Synth -> 4 - Lead	Re-Amped Lead	
Native Instruments	Kontakt Factory Library 2	Synth -> 4 - Lead	Retro Mono Lead	
Native Instruments	Kontakt Factory Library 2	Synth -> 4 - Lead	Scuzzy Glas Lead	
Native Instruments	Kontakt Factory Library 2	Synth -> 4 - Lead	Singing Lead	
Native Instruments	Kontakt Factory Library 2	Synth -> 4 - Lead	Super Percussive	
Native Instruments	Kontakt Factory Library 2	Synth -> 4 - Lead	Supersaw 1	
Native Instruments	Kontakt Factory Library 2	Synth -> 4 - Lead	Supersaw 2	
Native Instruments	Kontakt Factory Library 2	Synth -> 4 - Lead	Telephaser Lead	
Native Instruments	Kontakt Factory Library 2	Synth -> 4 - Lead	Torny Lead	
Native Instruments	Kontakt Factory Library 2	Synth -> 4 - Lead	Trance Lead	
Native Instruments	Kontakt Factory Library 2	Synth -> 4 - Lead	Trancistor Lead	
Native Instruments	Kontakt Factory Library 2	Synth -> 4 - Lead	Tribute Lead	
Native Instruments	Kontakt Factory Library 2	Synth -> 4 - Lead	Unisono Saw	
Native Instruments	Kontakt Factory Library 2	Synth -> 5 - Mallet	Beginner's Guide	
Native Instruments	Kontakt Factory Library 2	Synth -> 5 - Mallet	Bell Computer	
Native Instruments	Kontakt Factory Library 2	Synth -> 5 - Mallet	Bizarre Beauty	
Native Instruments	Kontakt Factory Library 2	Synth -> 5 - Mallet	Blurred FM Bell	
Native Instruments	Kontakt Factory Library 2	Synth -> 5 - Mallet	Carillon	
Native Instruments	Kontakt Factory Library 2	Synth -> 5 - Mallet	Contemplating	
Native Instruments	Kontakt Factory Library 2	Synth -> 5 - Mallet	Daydreamer Bell	
Native Instruments	Kontakt Factory Library 2	Synth -> 5 - Mallet	Digital Sledge	
Native Instruments	Kontakt Factory Library 2	Synth -> 5 - Mallet	Ethno Mallet	
Native Instruments	Kontakt Factory Library 2	Synth -> 5 - Mallet	FM Freaks 1	
Native Instruments	Kontakt Factory Library 2	Synth -> 5 - Mallet	FM Freaks 2	
Native Instruments	Kontakt Factory Library 2	Synth -> 5 - Mallet	FM Freaks 3	
Native Instruments	Kontakt Factory Library 2	Synth -> 5 - Mallet	FM Freaks 4	
Native Instruments	Kontakt Factory Library 2	Synth -> 5 - Mallet	Fresh Air	
Native Instruments	Kontakt Factory Library 2	Synth -> 5 - Mallet	Hollow Mallets	
Native Instruments	Kontakt Factory Library 2	Synth -> 5 - Mallet	Iron Bell Piano	
Native Instruments	Kontakt Factory Library 2	Synth -> 5 - Mallet	Metalglas	
Native Instruments	Kontakt Factory Library 2	Synth -> 5 - Mallet	Muffled Marimba	
Native Instruments	Kontakt Factory Library 2	Synth -> 5 - Mallet	Pacific Bells	
Native Instruments	Kontakt Factory Library 2	Synth -> 5 - Mallet	Phased Bell	
Native Instruments	Kontakt Factory Library 2	Synth -> 5 - Mallet	Prehistoric Mallet	
Native Instruments	Kontakt Factory Library 2	Synth -> 5 - Mallet	Speaker Bell	
Native Instruments	Kontakt Factory Library 2	Synth -> 5 - Mallet	Startup	
Native Instruments	Kontakt Factory Library 2	Synth -> 5 - Mallet	Wave Bells	
Native Instruments	Kontakt Factory Library 2	Synth -> 5 - Mallet	Winter Night Bell	
Native Instruments	Kontakt Factory Library 2	Synth -> 6 - Synth Drums	Acid	
Native Instruments	Kontakt Factory Library 2	Synth -> 6 - Synth Drums	Aerobic Kit	
Native Instruments	Kontakt Factory Library 2	Synth -> 6 - Synth Drums	April Fools Kit	
Native Instruments	Kontakt Factory Library 2	Synth -> 6 - Synth Drums	Arkade	
Native Instruments	Kontakt Factory Library 2	Synth -> 6 - Synth Drums	Circuits	
Native Instruments	Kontakt Factory Library 2	Synth -> 6 - Synth Drums	Crime	
Native Instruments	Kontakt Factory Library 2	Synth -> 6 - Synth Drums	Crunchy Flakes Kit	
Native Instruments	Kontakt Factory Library 2	Synth -> 6 - Synth Drums	Final Boss	
Native Instruments	Kontakt Factory Library 2	Synth -> 6 - Synth Drums	Hype Disbelief Kit	
Native Instruments	Kontakt Factory Library 2	Synth -> 6 - Synth Drums	Neon Force Kit	
Native Instruments	Kontakt Factory Library 2	Synth -> 6 - Synth Drums	New Rave Kit	
Native Instruments	Kontakt Factory Library 2	Synth -> 6 - Synth Drums	No Mirrors Kit	
Native Instruments	Kontakt Factory Library 2	Synth -> 6 - Synth Drums	Out For Fame Kit	
Native Instruments	Kontakt Factory Library 2	Synth -> 6 - Synth Drums	Radioactive Kit	
Native Instruments	Kontakt Factory Library 2	Synth -> 6 - Synth Drums	Remember The Future Kit	
Native Instruments	Kontakt Factory Library 2	Synth -> 6 - Synth Drums	Suburban Kit	
Native Instruments	Kontakt Factory Library 2	Synth -> 6 - Synth Drums	Ultraviolet Kit	
Native Instruments	Kontakt Factory Library 2	Synth -> 6 - Synth Drums	Up In Smoke Kit	
Native Instruments	Kontakt Factory Library 2	Synth -> 6 - Synth Drums	YMCK Kit	
Native Instruments	Kontakt Factory Library 2	Synth -> 7 - Arpeggiator	Bell Drops	
Native Instruments	Kontakt Factory Library 2	Synth -> 7 - Arpeggiator	Broader View	
Native Instruments	Kontakt Factory Library 2	Synth -> 7 - Arpeggiator	Circular Chord Groover	
Native Instruments	Kontakt Factory Library 2	Synth -> 7 - Arpeggiator	Creamy Drops	
Native Instruments	Kontakt Factory Library 2	Synth -> 7 - Arpeggiator	December Lights	
Native Instruments	Kontakt Factory Library 2	Synth -> 7 - Arpeggiator	Detuned Symphony	
Native Instruments	Kontakt Factory Library 2	Synth -> 7 - Arpeggiator	Dirty Machine	
Native Instruments	Kontakt Factory Library 2	Synth -> 7 - Arpeggiator	Field Day	
Native Instruments	Kontakt Factory Library 2	Synth -> 7 - Arpeggiator	Gatecrasher	
Native Instruments	Kontakt Factory Library 2	Synth -> 7 - Arpeggiator	Glass and Steel	
Native Instruments	Kontakt Factory Library 2	Synth -> 7 - Arpeggiator	Gravity Chute	
Native Instruments	Kontakt Factory Library 2	Synth -> 7 - Arpeggiator	Locomotive	
Native Instruments	Kontakt Factory Library 2	Synth -> 7 - Arpeggiator	Metal Borders	
Native Instruments	Kontakt Factory Library 2	Synth -> 7 - Arpeggiator	Midnight Run	
Native Instruments	Kontakt Factory Library 2	Synth -> 7 - Arpeggiator	Polished Surface	
Native Instruments	Kontakt Factory Library 2	Synth -> 7 - Arpeggiator	Short Circuit	
Native Instruments	Kontakt Factory Library 2	Synth -> 7 - Arpeggiator	Step by Step	
Native Instruments	Kontakt Factory Library 2	Synth -> 7 - Arpeggiator	Stormy Weather	
Native Instruments	Kontakt Factory Library 2	Synth -> 7 - Arpeggiator	Subtractive Flakes	
Native Instruments	Kontakt Factory Library 2	Synth -> 7 - Arpeggiator	Supercharged	
Native Instruments	Kontakt Factory Library 2	Synth -> 8 - Sequencer	12 Bit Scope	
Native Instruments	Kontakt Factory Library 2	Synth -> 8 - Sequencer	Arcaned Noise	
Native Instruments	Kontakt Factory Library 2	Synth -> 8 - Sequencer	Bedrockers	
Native Instruments	Kontakt Factory Library 2	Synth -> 8 - Sequencer	Calculator	
Native Instruments	Kontakt Factory Library 2	Synth -> 8 - Sequencer	Edged and Caustic	
Native Instruments	Kontakt Factory Library 2	Synth -> 8 - Sequencer	FM Melodies	
Native Instruments	Kontakt Factory Library 2	Synth -> 8 - Sequencer	Glasspielzeug	
Native Instruments	Kontakt Factory Library 2	Synth -> 8 - Sequencer	Mini Poly 1	
Native Instruments	Kontakt Factory Library 2	Synth -> 8 - Sequencer	Mini Poly 2	
Native Instruments	Kontakt Factory Library 2	Synth -> 8 - Sequencer	Rave Signals	
Native Instruments	Kontakt Factory Library 2	Synth -> 8 - Sequencer	Running Saws	
Native Instruments	Kontakt Factory Library 2	Synth -> 8 - Sequencer	Smacker	
Native Instruments	Kontakt Factory Library 2	Synth -> 8 - Sequencer	Snertz	
Native Instruments	Kontakt Factory Library 2	Synth -> 8 - Sequencer	Violet Motions	
Native Instruments	Kontakt Factory Library 2	Synth -> 8 - Sequencer	Waved Cycles	
Native Instruments	Kontakt Factory Library 2	Synth -> 9 - Soundscapes	Belltergeist	
Native Instruments	Kontakt Factory Library 2	Synth -> 9 - Soundscapes	Clastrophobia Bird	
Native Instruments	Kontakt Factory Library 2	Synth -> 9 - Soundscapes	Crackle Bow	
Native Instruments	Kontakt Factory Library 2	Synth -> 9 - Soundscapes	Crackly Brass	
Native Instruments	Kontakt Factory Library 2	Synth -> 9 - Soundscapes	Dash Point Ice	
Native Instruments	Kontakt Factory Library 2	Synth -> 9 - Soundscapes	Deep Blue	
Native Instruments	Kontakt Factory Library 2	Synth -> 9 - Soundscapes	Dread Ahead	
Native Instruments	Kontakt Factory Library 2	Synth -> 9 - Soundscapes	Droplets	
Native Instruments	Kontakt Factory Library 2	Synth -> 9 - Soundscapes	Hail Foundry	
Native Instruments	Kontakt Factory Library 2	Synth -> 9 - Soundscapes	Hyper Jumps	
Native Instruments	Kontakt Factory Library 2	Synth -> 9 - Soundscapes	Last Journey	
Native Instruments	Kontakt Factory Library 2	Synth -> 9 - Soundscapes	Malnufacturing	
Native Instruments	Kontakt Factory Library 2	Synth -> 9 - Soundscapes	Memories	
Native Instruments	Kontakt Factory Library 2	Synth -> 9 - Soundscapes	Off Track	
Native Instruments	Kontakt Factory Library 2	Synth -> 9 - Soundscapes	Polarisation	
Native Instruments	Kontakt Factory Library 2	Synth -> 9 - Soundscapes	Sprite Halo	
Native Instruments	Kontakt Factory Library 2	Synth -> 9 - Soundscapes	Troubled Mind	
Native Instruments	Kontakt Factory Library 2	Synth -> 9 - Soundscapes	Undercurrent	
Native Instruments	Kontakt Factory Library 2	Synth -> 9 - Soundscapes	Undersea Grotto	
Native Instruments	Kontakt Factory Library 2	Vintage -> 1 - Analog Machines	Acid Tube Bass	
Native Instruments	Kontakt Factory Library 2	Vintage -> 1 - Analog Machines	Catchy Filter Bass	
Native Instruments	Kontakt Factory Library 2	Vintage -> 1 - Analog Machines	Classic Flute Lead	
Native Instruments	Kontakt Factory Library 2	Vintage -> 1 - Analog Machines	Dirty Saw Lead	
Native Instruments	Kontakt Factory Library 2	Vintage -> 1 - Analog Machines	In Your Face Bass	
Native Instruments	Kontakt Factory Library 2	Vintage -> 1 - Analog Machines	Innocent Lead	
Native Instruments	Kontakt Factory Library 2	Vintage -> 1 - Analog Machines	Loaded Tube Bass 1	
Native Instruments	Kontakt Factory Library 2	Vintage -> 1 - Analog Machines	Loaded Tube Bass 2	
Native Instruments	Kontakt Factory Library 2	Vintage -> 1 - Analog Machines	Melody Lead	
Native Instruments	Kontakt Factory Library 2	Vintage -> 1 - Analog Machines	Metallic Lead	
Native Instruments	Kontakt Factory Library 2	Vintage -> 1 - Analog Machines	Naive Synth Lead	
Native Instruments	Kontakt Factory Library 2	Vintage -> 1 - Analog Machines	Saturated Machine Bass	
Native Instruments	Kontakt Factory Library 2	Vintage -> 1 - Analog Machines	Straight Pad	
Native Instruments	Kontakt Factory Library 2	Vintage -> 1 - Analog Machines	Sub Bass 1	
Native Instruments	Kontakt Factory Library 2	Vintage -> 1 - Analog Machines	Sub Bass 2	
Native Instruments	Kontakt Factory Library 2	Vintage -> 1 - Analog Machines	Sub Bass 3	
Native Instruments	Kontakt Factory Library 2	Vintage -> 1 - Analog Machines	Sub Bass 4	
Native Instruments	Kontakt Factory Library 2	Vintage -> 1 - Analog Machines	Sub Bass 5	
Native Instruments	Kontakt Factory Library 2	Vintage -> 1 - Analog Machines	Sub Bass 6	
Native Instruments	Kontakt Factory Library 2	Vintage -> 1 - Analog Machines	Sub Pusher	
Native Instruments	Kontakt Factory Library 2	Vintage -> 1 - Analog Machines	Vocoder	
Native Instruments	Kontakt Factory Library 2	Vintage -> 1 - Analog Machines	Welcome 1976 Bass	
Native Instruments	Kontakt Factory Library 2	Vintage -> 2 - Digital Machines	Additive Piano	
Native Instruments	Kontakt Factory Library 2	Vintage -> 2 - Digital Machines	Analogue Strings	
Native Instruments	Kontakt Factory Library 2	Vintage -> 2 - Digital Machines	Angry Wavetables	
Native Instruments	Kontakt Factory Library 2	Vintage -> 2 - Digital Machines	Asia Glass Bell	
Native Instruments	Kontakt Factory Library 2	Vintage -> 2 - Digital Machines	Bella Bass	
Native Instruments	Kontakt Factory Library 2	Vintage -> 2 - Digital Machines	Britzel Bass	
Native Instruments	Kontakt Factory Library 2	Vintage -> 2 - Digital Machines	Choirint	
Native Instruments	Kontakt Factory Library 2	Vintage -> 2 - Digital Machines	Digi Punch Bass	
Native Instruments	Kontakt Factory Library 2	Vintage -> 2 - Digital Machines	Disco Bass	
Native Instruments	Kontakt Factory Library 2	Vintage -> 2 - Digital Machines	DX7 EP	
Native Instruments	Kontakt Factory Library 2	Vintage -> 2 - Digital Machines	Electric Grand	
Native Instruments	Kontakt Factory Library 2	Vintage -> 2 - Digital Machines	Ethno Pluck	
Native Instruments	Kontakt Factory Library 2	Vintage -> 2 - Digital Machines	Forma Choir	
Native Instruments	Kontakt Factory Library 2	Vintage -> 2 - Digital Machines	Glassy Bell	
Native Instruments	Kontakt Factory Library 2	Vintage -> 2 - Digital Machines	Jaco Bass	
Native Instruments	Kontakt Factory Library 2	Vintage -> 2 - Digital Machines	Lately FM	
Native Instruments	Kontakt Factory Library 2	Vintage -> 2 - Digital Machines	Metabell	
Native Instruments	Kontakt Factory Library 2	Vintage -> 2 - Digital Machines	Miami DX	
Native Instruments	Kontakt Factory Library 2	Vintage -> 2 - Digital Machines	Modern FM	
Native Instruments	Kontakt Factory Library 2	Vintage -> 2 - Digital Machines	Perc Stab Bass	
Native Instruments	Kontakt Factory Library 2	Vintage -> 2 - Digital Machines	Percu Bass	
Native Instruments	Kontakt Factory Library 2	Vintage -> 2 - Digital Machines	Phuture Bell	
Native Instruments	Kontakt Factory Library 2	Vintage -> 2 - Digital Machines	Portalead	
Native Instruments	Kontakt Factory Library 2	Vintage -> 2 - Digital Machines	Retro Strings 1	
Native Instruments	Kontakt Factory Library 2	Vintage -> 2 - Digital Machines	Retro Strings 2	
Native Instruments	Kontakt Factory Library 2	Vintage -> 2 - Digital Machines	Rude Bass	
Native Instruments	Kontakt Factory Library 2	Vintage -> 2 - Digital Machines	Shaper Bell	
Native Instruments	Kontakt Factory Library 2	Vintage -> 2 - Digital Machines	Table Pad	
Native Instruments	Kontakt Factory Library 2	Vintage -> 2 - Digital Machines	Technoid	
Native Instruments	Kontakt Factory Library 2	Vintage -> 2 - Digital Machines	Verzerrte Saite	
Native Instruments	Kontakt Factory Library 2	Vintage -> 2 - Digital Machines	Wired Bass 1	
Native Instruments	Kontakt Factory Library 2	Vintage -> 2 - Digital Machines	Wired Bass 2	
Native Instruments	Kontakt Factory Library 2	Vintage -> 2 - Digital Machines	Wired Bass 3	
Native Instruments	Kontakt Factory Library 2	Vintage -> 2 - Digital Machines	Wurlitz-FM	
Native Instruments	Kontakt Factory Library 2	Vintage -> 3 - Drum Machines	606 Kit	
Native Instruments	Kontakt Factory Library 2	Vintage -> 3 - Drum Machines	707 Kit	
Native Instruments	Kontakt Factory Library 2	Vintage -> 3 - Drum Machines	808 Kit	
Native Instruments	Kontakt Factory Library 2	Vintage -> 3 - Drum Machines	909 Kit	
Native Instruments	Kontakt Factory Library 2	Vintage -> 3 - Drum Machines	CR-78 Kit	
Native Instruments	Kontakt Factory Library 2	Vintage -> 3 - Drum Machines	DMX Kit	
Native Instruments	Kontakt Factory Library 2	Vintage -> 3 - Drum Machines	DR55 Kit	
Native Instruments	Kontakt Factory Library 2	Vintage -> 3 - Drum Machines	DrumTraks Kit	
Native Instruments	Kontakt Factory Library 2	Vintage -> 3 - Drum Machines	Linndrum Kit	
Native Instruments	Kontakt Factory Library 2	Vintage -> 3 - Drum Machines	Norddrum Kit	
Native Instruments	Kontakt Factory Library 2	Vintage -> 3 - Drum Machines	Xbase 09 Kit	
Native Instruments	Kontakt Factory Library 2	Vintage -> 4 - Electone Organ	Fast Organ	
Native Instruments	Kontakt Factory Library 2	Vintage -> 4 - Electone Organ	Flute Syn	
Native Instruments	Kontakt Factory Library 2	Vintage -> 4 - Electone Organ	Guitar	
Native Instruments	Kontakt Factory Library 2	Vintage -> 4 - Electone Organ	Jazz Guitar	
Native Instruments	Kontakt Factory Library 2	Vintage -> 4 - Electone Organ	Kinura Choir	
Native Instruments	Kontakt Factory Library 2	Vintage -> 4 - Electone Organ	Mute Trumpet	
Native Instruments	Kontakt Factory Library 2	Vintage -> 4 - Electone Organ	Perc Verb	
Native Instruments	Kontakt Factory Library 2	Vintage -> 4 - Electone Organ	Slow Organ	
Native Instruments	Kontakt Factory Library 2	Vintage -> 4 - Electone Organ	Space Harmonics Organ	
Native Instruments	Kontakt Factory Library 2	Vintage -> 4 - Electone Organ	Space Harpsi	
Native Instruments	Kontakt Factory Library 2	Vintage -> 4 - Electone Organ	String Ensemble	
Native Instruments	Kontakt Factory Library 2	Vintage -> 4 - Electone Organ	Strong Wah	
Native Instruments	Kontakt Factory Library 2	Vintage -> 4 - Electone Organ	Trinidad Organ	
Native Instruments	Kontakt Factory Library 2	Vintage -> 4 - Electone Organ	Vibe	
Native Instruments	Kontakt Factory Library 2	Vintage -> 4 - Electone Organ	Vox Humana	
Native Instruments	Kontakt Factory Library 2	Vintage -> 5 - Electronic Pianos	CP11 Clavi Trem	
Native Instruments	Kontakt Factory Library 2	Vintage -> 5 - Electronic Pianos	CP11 Harpsi	
Native Instruments	Kontakt Factory Library 2	Vintage -> 5 - Electronic Pianos	CP11 Trem Piano	
Native Instruments	Kontakt Factory Library 2	Vintage -> 5 - Electronic Pianos	EP10 Harpsi	
Native Instruments	Kontakt Factory Library 2	Vintage -> 5 - Electronic Pianos	EP10 Piano	
Native Instruments	Kontakt Factory Library 2	Vintage -> 5 - Electronic Pianos	EP10 Piano Harpsi	
Native Instruments	Kontakt Factory Library 2	Vintage -> 5 - Electronic Pianos	EP20 Harpsi	
Native Instruments	Kontakt Factory Library 2	Vintage -> 5 - Electronic Pianos	EP20 Piano	
Native Instruments	Kontakt Factory Library 2	Vintage -> 5 - Electronic Pianos	EP20 Piano Harp Trem	
Native Instruments	Kontakt Factory Library 2	Vintage -> 5 - Electronic Pianos	RMI Harpsi Accent	
Native Instruments	Kontakt Factory Library 2	Vintage -> 5 - Electronic Pianos	RMI Lute	
Native Instruments	Kontakt Factory Library 2	Vintage -> 5 - Electronic Pianos	RMI Piano	
Native Instruments	Kontakt Factory Library 2	Vintage -> 5 - Electronic Pianos	RMI Piano Harpsi	
Native Instruments	Kontakt Factory Library 2	Vintage -> 5 - Electronic Pianos	Roady Bass Split	
Native Instruments	Kontakt Factory Library 2	Vintage -> 5 - Electronic Pianos	Roady Bass Vibe	
Native Instruments	Kontakt Factory Library 2	Vintage -> 6 - Electronic Toys	BeeGees Rhythm Drum Kit	
Native Instruments	Kontakt Factory Library 2	Vintage -> 6 - Electronic Toys	BeeGees Square	
Native Instruments	Kontakt Factory Library 2	Vintage -> 6 - Electronic Toys	Concertmate Drum Kit	
Native Instruments	Kontakt Factory Library 2	Vintage -> 6 - Electronic Toys	CS-01 II BASS 1	
Native Instruments	Kontakt Factory Library 2	Vintage -> 6 - Electronic Toys	CS-01 II BASS 2	
Native Instruments	Kontakt Factory Library 2	Vintage -> 6 - Electronic Toys	CS-01 II BASS 3	
Native Instruments	Kontakt Factory Library 2	Vintage -> 6 - Electronic Toys	CS-01 II BASS 4	
Native Instruments	Kontakt Factory Library 2	Vintage -> 6 - Electronic Toys	CS-01 II BASS 5	
Native Instruments	Kontakt Factory Library 2	Vintage -> 6 - Electronic Toys	CS-01 II BASS 6	
Native Instruments	Kontakt Factory Library 2	Vintage -> 6 - Electronic Toys	CS-01 II BASS 7	
Native Instruments	Kontakt Factory Library 2	Vintage -> 6 - Electronic Toys	Droopy FX	
Native Instruments	Kontakt Factory Library 2	Vintage -> 6 - Electronic Toys	Droopy Teaches	
Native Instruments	Kontakt Factory Library 2	Vintage -> 6 - Electronic Toys	Droopy The Dragon	
Native Instruments	Kontakt Factory Library 2	Vintage -> 6 - Electronic Toys	HandySound	
Native Instruments	Kontakt Factory Library 2	Vintage -> 6 - Electronic Toys	Peo 800	
Native Instruments	Kontakt Factory Library 2	Vintage -> 6 - Electronic Toys	Rapman Band Hit	
Native Instruments	Kontakt Factory Library 2	Vintage -> 6 - Electronic Toys	Rapman Brass 1	
Native Instruments	Kontakt Factory Library 2	Vintage -> 6 - Electronic Toys	Rapman Brass 2	
Native Instruments	Kontakt Factory Library 2	Vintage -> 6 - Electronic Toys	Rapman Car Horn	
Native Instruments	Kontakt Factory Library 2	Vintage -> 6 - Electronic Toys	Rapman Drum Kit	
Native Instruments	Kontakt Factory Library 2	Vintage -> 6 - Electronic Toys	Rapman Emergency	
Native Instruments	Kontakt Factory Library 2	Vintage -> 6 - Electronic Toys	Rapman Orchestra Hit	
Native Instruments	Kontakt Factory Library 2	Vintage -> 6 - Electronic Toys	Rapman Piano	
Native Instruments	Kontakt Factory Library 2	Vintage -> 6 - Electronic Toys	Rapman Reed	
Native Instruments	Kontakt Factory Library 2	Vintage -> 6 - Electronic Toys	Rapman Vibraphone	
Native Instruments	Kontakt Factory Library 2	Vintage -> 6 - Electronic Toys	Rapman Vocoder	
Native Instruments	Kontakt Factory Library 2	Vintage -> 6 - Electronic Toys	Rapman Warm Strings	
Native Instruments	Kontakt Factory Library 2	Vintage -> 6 - Electronic Toys	Rapman Waw	
Native Instruments	Kontakt Factory Library 2	Vintage -> 6 - Electronic Toys	SK-1 Drum Kit	
Native Instruments	Kontakt Factory Library 2	Vintage -> 6 - Electronic Toys	SK-1 Piano	
Native Instruments	Kontakt Factory Library 2	Vintage -> 6 - Electronic Toys	SK-1 Voice	
Native Instruments	Kontakt Factory Library 2	Vintage -> 6 - Electronic Toys	Tronichord Full	
Native Instruments	Kontakt Factory Library 2	Vintage -> 6 - Electronic Toys	VL-1 Drum Kit	
Native Instruments	Kontakt Factory Library 2	Vintage -> 6 - Electronic Toys	VL-1 Flute	
Native Instruments	Kontakt Factory Library 2	Vintage -> 6 - Electronic Toys	VL-1 Guitar	
Native Instruments	Kontakt Factory Library 2	Vintage -> 6 - Electronic Toys	VL-1 Piano	
Native Instruments	Kontakt Factory Library 2	Vintage -> 6 - Electronic Toys	VL-1 Violin	
Native Instruments	Kontakt Factory Library 2	Vintage -> 6 - Electronic Toys	VSS-30 Banjo	
Native Instruments	Kontakt Factory Library 2	Vintage -> 6 - Electronic Toys	VSS-30 Brass	
Native Instruments	Kontakt Factory Library 2	Vintage -> 6 - Electronic Toys	VSS-30 Clarinet	
Native Instruments	Kontakt Factory Library 2	Vintage -> 6 - Electronic Toys	VSS-30 Crystal	
Native Instruments	Kontakt Factory Library 2	Vintage -> 6 - Electronic Toys	VSS-30 Galaxy	
Native Instruments	Kontakt Factory Library 2	Vintage -> 6 - Electronic Toys	VSS-30 Harpsichord	
Native Instruments	Kontakt Factory Library 2	Vintage -> 6 - Electronic Toys	VSS-30 Jazz Organ	
Native Instruments	Kontakt Factory Library 2	Vintage -> 6 - Electronic Toys	VSS-30 Piano	
Native Instruments	Kontakt Factory Library 2	Vintage -> 6 - Electronic Toys	VSS-30 Strings	
Native Instruments	Kontakt Factory Library 2	Vintage -> 6 - Electronic Toys	VSS-30 Vibes	
Native Instruments	Kontakt Factory Library 2	Vintage -> 7 - F 100	Brilliant	
Native Instruments	Kontakt Factory Library 2	Vintage -> 7 - F 100	Choir Octaves	
Native Instruments	Kontakt Factory Library 2	Vintage -> 7 - F 100	Crunchy Bass Pedals	
Native Instruments	Kontakt Factory Library 2	Vintage -> 7 - F 100	Fat Staccato	
Native Instruments	Kontakt Factory Library 2	Vintage -> 7 - F 100	Flutes	
Native Instruments	Kontakt Factory Library 2	Vintage -> 7 - F 100	Full Tone	
Native Instruments	Kontakt Factory Library 2	Vintage -> 7 - F 100	Oboe	
Native Instruments	Kontakt Factory Library 2	Vintage -> 7 - F 100	Resonator	
Native Instruments	Kontakt Factory Library 2	Vintage -> 7 - F 100	Stac Bril Res	
Native Instruments	Kontakt Factory Library 2	Vintage -> 7 - F 100	Stac Deep Full	
Native Instruments	Kontakt Factory Library 2	Vintage -> 7 - F 100	Woodwind	
Native Instruments	Kontakt Factory Library 2	Vintage -> 8 - Mellotron	Mellotron Boys Choir	
Native Instruments	Kontakt Factory Library 2	Vintage -> 8 - Mellotron	Mellotron Brass	
Native Instruments	Kontakt Factory Library 2	Vintage -> 8 - Mellotron	Mellotron Female Choir	
Native Instruments	Kontakt Factory Library 2	Vintage -> 8 - Mellotron	Mellotron Flutes	
Native Instruments	Kontakt Factory Library 2	Vintage -> 8 - Mellotron	Mellotron Flutes and Violins	
Native Instruments	Kontakt Factory Library 2	Vintage -> 8 - Mellotron	Mellotron Guitar	
Native Instruments	Kontakt Factory Library 2	Vintage -> 8 - Mellotron	Mellotron Male Choir	
Native Instruments	Kontakt Factory Library 2	Vintage -> 8 - Mellotron	Mellotron Mixed Choir	
Native Instruments	Kontakt Factory Library 2	Vintage -> 8 - Mellotron	Mellotron Organ	
Native Instruments	Kontakt Factory Library 2	Vintage -> 8 - Mellotron	Mellotron Piano	
Native Instruments	Kontakt Factory Library 2	Vintage -> 8 - Mellotron	Mellotron Sax	
Native Instruments	Kontakt Factory Library 2	Vintage -> 8 - Mellotron	Mellotron Sax and Brass	
Native Instruments	Kontakt Factory Library 2	Vintage -> 8 - Mellotron	Mellotron Violins	
Native Instruments	Kontakt Factory Library 2	Vintage -> 8 - Mellotron	Noise Long Hiss	
Native Instruments	Kontakt Factory Library 2	Vintage -> 8 - Mellotron	Noise Long Hum	
Native Instruments	Kontakt Factory Library 2	Vintage -> 8 - Mellotron	Noise Long Mid Hum	
Native Instruments	Kontakt Factory Library 2	Vintage -> 9 - Memory	50's Sci-Fi	
Native Instruments	Kontakt Factory Library 2	Vintage -> 9 - Memory	Bell Lowpass Pad	
Native Instruments	Kontakt Factory Library 2	Vintage -> 9 - Memory	Brite Pad High	
Native Instruments	Kontakt Factory Library 2	Vintage -> 9 - Memory	Brite Syncstab Pad	
Native Instruments	Kontakt Factory Library 2	Vintage -> 9 - Memory	Buh Wang	
Native Instruments	Kontakt Factory Library 2	Vintage -> 9 - Memory	Cozy Pad	
Native Instruments	Kontakt Factory Library 2	Vintage -> 9 - Memory	Dance Bass	
Native Instruments	Kontakt Factory Library 2	Vintage -> 9 - Memory	Dark Pad Oktave	
Native Instruments	Kontakt Factory Library 2	Vintage -> 9 - Memory	Expression Pad	
Native Instruments	Kontakt Factory Library 2	Vintage -> 9 - Memory	Flute Pad	
Native Instruments	Kontakt Factory Library 2	Vintage -> 9 - Memory	Imaginary Strings	
Native Instruments	Kontakt Factory Library 2	Vintage -> 9 - Memory	Low Glider Pad	
Native Instruments	Kontakt Factory Library 2	Vintage -> 9 - Memory	Lowpass Sync Pad	
Native Instruments	Kontakt Factory Library 2	Vintage -> 9 - Memory	Memory FX Bank	
Native Instruments	Kontakt Factory Library 2	Vintage -> 9 - Memory	Metabali	
Native Instruments	Kontakt Factory Library 2	Vintage -> 9 - Memory	Modulation Pad	
Native Instruments	Kontakt Factory Library 2	Vintage -> 9 - Memory	Mono Bass	
Native Instruments	Kontakt Factory Library 2	Vintage -> 9 - Memory	Sneaky Stereo Organ	
Native Instruments	Kontakt Factory Library 2	Vintage -> 10 - Mini	Acid Mini Bass	
Native Instruments	Kontakt Factory Library 2	Vintage -> 10 - Mini	Dirty Mini Bass	
Native Instruments	Kontakt Factory Library 2	Vintage -> 10 - Mini	Dirty Mini Lead	
Native Instruments	Kontakt Factory Library 2	Vintage -> 10 - Mini	Dusty Mini Lead	
Native Instruments	Kontakt Factory Library 2	Vintage -> 10 - Mini	Mini Brass Bass	
Native Instruments	Kontakt Factory Library 2	Vintage -> 10 - Mini	Mini Brass Lead	
Native Instruments	Kontakt Factory Library 2	Vintage -> 10 - Mini	Mini Chord Lead	
Native Instruments	Kontakt Factory Library 2	Vintage -> 10 - Mini	Mini Driven Lead	
Native Instruments	Kontakt Factory Library 2	Vintage -> 10 - Mini	Mini Flute	
Native Instruments	Kontakt Factory Library 2	Vintage -> 10 - Mini	Mini FX Ambience	
Native Instruments	Kontakt Factory Library 2	Vintage -> 10 - Mini	Mini FX Blub	
Native Instruments	Kontakt Factory Library 2	Vintage -> 10 - Mini	Mini FX Collection	
Native Instruments	Kontakt Factory Library 2	Vintage -> 10 - Mini	Mini FX Pitchmod	
Native Instruments	Kontakt Factory Library 2	Vintage -> 10 - Mini	Mini Lead 1	
Native Instruments	Kontakt Factory Library 2	Vintage -> 10 - Mini	Mini Lead 2	
Native Instruments	Kontakt Factory Library 2	Vintage -> 10 - Mini	Mini Lead 3	
Native Instruments	Kontakt Factory Library 2	Vintage -> 10 - Mini	Mini Lead 4	
Native Instruments	Kontakt Factory Library 2	Vintage -> 10 - Mini	Mini Lead 5	
Native Instruments	Kontakt Factory Library 2	Vintage -> 10 - Mini	Mini Lead 6	
Native Instruments	Kontakt Factory Library 2	Vintage -> 10 - Mini	Mini Lead 7	
Native Instruments	Kontakt Factory Library 2	Vintage -> 10 - Mini	Mini Lead 8	
Native Instruments	Kontakt Factory Library 2	Vintage -> 10 - Mini	Mini Lead 9	
Native Instruments	Kontakt Factory Library 2	Vintage -> 10 - Mini	Mini Lead 10	
Native Instruments	Kontakt Factory Library 2	Vintage -> 10 - Mini	Mini Lead 11	
Native Instruments	Kontakt Factory Library 2	Vintage -> 10 - Mini	Mini Lead 12	
Native Instruments	Kontakt Factory Library 2	Vintage -> 10 - Mini	Mini Lead 13	
Native Instruments	Kontakt Factory Library 2	Vintage -> 10 - Mini	Mini Lead 14	
Native Instruments	Kontakt Factory Library 2	Vintage -> 10 - Mini	Minipad 1	
Native Instruments	Kontakt Factory Library 2	Vintage -> 10 - Mini	Minipad 2	
Native Instruments	Kontakt Factory Library 2	Vintage -> 10 - Mini	Noise Sweep Pad	
Native Instruments	Kontakt Factory Library 2	Vintage -> 10 - Mini	Reso Bass	
Native Instruments	Kontakt Factory Library 2	Vintage -> 10 - Mini	Reso Saw Bass	
Native Instruments	Kontakt Factory Library 2	Vintage -> 10 - Mini	Saw Source Bass	
Native Instruments	Kontakt Factory Library 2	Vintage -> 10 - Mini	Slow Motion Pad	
Native Instruments	Kontakt Factory Library 2	Vintage -> 10 - Mini	Sync Sweep Pad	
Native Instruments	Kontakt Factory Library 2	Vintage -> 10 - Mini	Taped Mini Lead	
Native Instruments	Kontakt Factory Library 2	Vintage -> 11 - Mini 700	700 Distorted Lead	
Native Instruments	Kontakt Factory Library 2	Vintage -> 11 - Mini 700	700 Jitter Lead	
Native Instruments	Kontakt Factory Library 2	Vintage -> 11 - Mini 700	700 Nasal Choir	
Native Instruments	Kontakt Factory Library 2	Vintage -> 11 - Mini 700	700 Plastic Lead	
Native Instruments	Kontakt Factory Library 2	Vintage -> 11 - Mini 700	700 Rezo Lead	
Native Instruments	Kontakt Factory Library 2	Vintage -> 11 - Mini 700	700 Seq Bass	
Native Instruments	Kontakt Factory Library 2	Vintage -> 11 - Mini 700	700 Short Saw	
Native Instruments	Kontakt Factory Library 2	Vintage -> 11 - Mini 700	700 Sine Bass	
Native Instruments	Kontakt Factory Library 2	Vintage -> 11 - Mini 700	700 Sine Open	
Native Instruments	Kontakt Factory Library 2	Vintage -> 11 - Mini 700	700 Split Lead	
Native Instruments	Kontakt Factory Library 2	Vintage -> 11 - Mini 700	700 Square Bass	
Native Instruments	Kontakt Factory Library 2	Vintage -> 11 - Mini 700	700 Square Lead	
Native Instruments	Kontakt Factory Library 2	Vintage -> 11 - Mini 700	700 Sub Bass	
Native Instruments	Kontakt Factory Library 2	Vintage -> 11 - Mini 700	700 Taped Lead	
Native Instruments	Kontakt Factory Library 2	Vintage -> 11 - Mini 700	700 Tube Lead	
Native Instruments	Kontakt Factory Library 2	Vintage -> 11 - Mini 700	700 Wawa	
Native Instruments	Kontakt Factory Library 2	Vintage -> 12 - Orchestrator	Brasstrings Pad	
Native Instruments	Kontakt Factory Library 2	Vintage -> 12 - Orchestrator	Clavi Space	
Native Instruments	Kontakt Factory Library 2	Vintage -> 12 - Orchestrator	Fast Trem	
Native Instruments	Kontakt Factory Library 2	Vintage -> 12 - Orchestrator	Momentum Pad	
Native Instruments	Kontakt Factory Library 2	Vintage -> 12 - Orchestrator	Orchestrated Strings	
Native Instruments	Kontakt Factory Library 2	Vintage -> 12 - Orchestrator	Pianospace	
Native Instruments	Kontakt Factory Library 2	Vintage -> 12 - Orchestrator	Rezdecay Pad	
Native Instruments	Kontakt Factory Library 2	Vintage -> 12 - Orchestrator	Split Perf	
Native Instruments	Kontakt Factory Library 2	Vintage -> 13 - String Melody II	Accordion	
Native Instruments	Kontakt Factory Library 2	Vintage -> 13 - String Melody II	High Strings	
Native Instruments	Kontakt Factory Library 2	Vintage -> 13 - String Melody II	Orchestra	
Native Instruments	Kontakt Factory Library 2	Vintage -> 13 - String Melody II	Solo Full	
Native Instruments	Kontakt Factory Library 2	Vintage -> 13 - String Melody II	Solo Half	
Native Instruments	Kontakt Factory Library 2	Vintage -> 14 - Synths -> Juno 106	Bass Deep	
Native Instruments	Kontakt Factory Library 2	Vintage -> 14 - Synths -> Juno 106	Bass Wavy	
Native Instruments	Kontakt Factory Library 2	Vintage -> 14 - Synths -> Juno 106	Lead Monolith	
Native Instruments	Kontakt Factory Library 2	Vintage -> 14 - Synths -> Juno 106	Lead Razor	
Native Instruments	Kontakt Factory Library 2	Vintage -> 14 - Synths -> Juno 106	Organ Hybrid	
Native Instruments	Kontakt Factory Library 2	Vintage -> 14 - Synths -> Juno 106	Pad Bright	
Native Instruments	Kontakt Factory Library 2	Vintage -> 14 - Synths -> Juno 106	Pad Hazy	
Native Instruments	Kontakt Factory Library 2	Vintage -> 14 - Synths -> Juno 106	Peacemaker	
Native Instruments	Kontakt Factory Library 2	Vintage -> 14 - Synths -> Korg XD	Bass Anker	
Native Instruments	Kontakt Factory Library 2	Vintage -> 14 - Synths -> Korg XD	Bass Mag	
Native Instruments	Kontakt Factory Library 2	Vintage -> 14 - Synths -> Korg XD	Keys Claver	
Native Instruments	Kontakt Factory Library 2	Vintage -> 14 - Synths -> Korg XD	Keys Poly	
Native Instruments	Kontakt Factory Library 2	Vintage -> 14 - Synths -> Korg XD	Lead Soften	
Native Instruments	Kontakt Factory Library 2	Vintage -> 14 - Synths -> Korg XD	Mallet Fantasian	
Native Instruments	Kontakt Factory Library 2	Vintage -> 14 - Synths -> Korg XD	Pad Fantom	
Native Instruments	Kontakt Factory Library 2	Vintage -> 14 - Synths -> Korg XD	Strings Velox	
Native Instruments	Kontakt Factory Library 2	Vintage -> 14 - Synths -> Odyssey	Bass First	
Native Instruments	Kontakt Factory Library 2	Vintage -> 14 - Synths -> Odyssey	Bass SH	
Native Instruments	Kontakt Factory Library 2	Vintage -> 14 - Synths -> Odyssey	Bass Subotic	
Native Instruments	Kontakt Factory Library 2	Vintage -> 14 - Synths -> Odyssey	Bass Synced	
Native Instruments	Kontakt Factory Library 2	Vintage -> 14 - Synths -> Odyssey	Lead Detuned	
Native Instruments	Kontakt Factory Library 2	Vintage -> 14 - Synths -> Odyssey	Lead Pianisi	
Native Instruments	Kontakt Factory Library 2	Vintage -> 14 - Synths -> Odyssey	Lead Synced	
Native Instruments	Kontakt Factory Library 2	Vintage -> 14 - Synths -> Odyssey	Pad Eater	
Native Instruments	Kontakt Factory Library 2	Vintage -> 14 - Synths -> Prophet 6	Bass Plastic	
Native Instruments	Kontakt Factory Library 2	Vintage -> 14 - Synths -> Prophet 6	Bass Rounded	
Native Instruments	Kontakt Factory Library 2	Vintage -> 14 - Synths -> Prophet 6	Bass Tough	
Native Instruments	Kontakt Factory Library 2	Vintage -> 14 - Synths -> Prophet 6	Brass Apocalypse	
Native Instruments	Kontakt Factory Library 2	Vintage -> 14 - Synths -> Prophet 6	Lead Noisy	
Native Instruments	Kontakt Factory Library 2	Vintage -> 14 - Synths -> Prophet 6	Lead Shady	
Native Instruments	Kontakt Factory Library 2	Vintage -> 14 - Synths -> Prophet 6	Lead Tense	
Native Instruments	Kontakt Factory Library 2	Vintage -> 14 - Synths -> Prophet 6	Organ Vintage	
Native Instruments	Kontakt Factory Library 2	Vintage -> 15 - YC 30	Full Organ	
Native Instruments	Kontakt Factory Library 2	Vintage -> 15 - YC 30	Marimba Games	
Native Instruments	Kontakt Factory Library 2	Vintage -> 15 - YC 30	Marimba Space Games	
Native Instruments	Kontakt Factory Library 2	Vintage -> 15 - YC 30	Mellow Percussion Organ	
Native Instruments	Kontakt Factory Library 2	Vintage -> 15 - YC 30	Mild Distort Lead	