KORG	03R/W	COMBI -> Bank A	A00 MIDI Piano	
KORG	03R/W	COMBI -> Bank A	A01 The Finale	
KORG	03R/W	COMBI -> Bank A	A02 Whammy&Pad	
KORG	03R/W	COMBI -> Bank A	A03 The Legend	
KORG	03R/W	COMBI -> Bank A	A04 MillerTime	
KORG	03R/W	COMBI -> Bank A	A05 Botswana	
KORG	03R/W	COMBI -> Bank A	A06 Marcato	
KORG	03R/W	COMBI -> Bank A	A07 ChinaBell	
KORG	03R/W	COMBI -> Bank A	A08 Pollen	
KORG	03R/W	COMBI -> Bank A	A09 Death Star	
KORG	03R/W	COMBI -> Bank A	A10 Bass&Piano	
KORG	03R/W	COMBI -> Bank A	A11 LegatoReed	
KORG	03R/W	COMBI -> Bank A	A12 XpressBass	
KORG	03R/W	COMBI -> Bank A	A13 Full Pipes	
KORG	03R/W	COMBI -> Bank A	A14 Salsa Band	
KORG	03R/W	COMBI -> Bank A	A15 LostTemple	
KORG	03R/W	COMBI -> Bank A	A16 Chamber	
KORG	03R/W	COMBI -> Bank A	A17 Warm Bells	
KORG	03R/W	COMBI -> Bank A	A18 PowerOfTwo	
KORG	03R/W	COMBI -> Bank A	A19 HitTheDust	
KORG	03R/W	COMBI -> Bank A	A20 Piano&Strg	
KORG	03R/W	COMBI -> Bank A	A21 Crescendo	
KORG	03R/W	COMBI -> Bank A	A22 12 Stereo	
KORG	03R/W	COMBI -> Bank A	A23 ClickOrgan	
KORG	03R/W	COMBI -> Bank A	A24 Sax Band	
KORG	03R/W	COMBI -> Bank A	A25 Shogun	
KORG	03R/W	COMBI -> Bank A	A26 AnaStrings	
KORG	03R/W	COMBI -> Bank A	A27 VeloVoxBel	
KORG	03R/W	COMBI -> Bank A	A28 Awakening	
KORG	03R/W	COMBI -> Bank A	A29 Eternia	
KORG	03R/W	COMBI -> Bank A	A30 Piano Pad	
KORG	03R/W	COMBI -> Bank A	A31 StringReed	
KORG	03R/W	COMBI -> Bank A	A32 Bass Suite	
KORG	03R/W	COMBI -> Bank A	A33 Mixture	
KORG	03R/W	COMBI -> Bank A	A34 Plungers	
KORG	03R/W	COMBI -> Bank A	A35 Bavaria	
KORG	03R/W	COMBI -> Bank A	A36 Double Bow	
KORG	03R/W	COMBI -> Bank A	A37 Lub Bells	
KORG	03R/W	COMBI -> Bank A	A38 Dreaming	
KORG	03R/W	COMBI -> Bank A	A39 Vectors	
KORG	03R/W	COMBI -> Bank A	A40 Bass&EP 1	
KORG	03R/W	COMBI -> Bank A	A41 HarpString	
KORG	03R/W	COMBI -> Bank A	A42 CountryJam	
KORG	03R/W	COMBI -> Bank A	A43 Tremolo	
KORG	03R/W	COMBI -> Bank A	A44 Big Band	
KORG	03R/W	COMBI -> Bank A	A45 BugForest	
KORG	03R/W	COMBI -> Bank A	A46 Pizz & Bow	
KORG	03R/W	COMBI -> Bank A	A47 Bass&Vibes	
KORG	03R/W	COMBI -> Bank A	A48 TheSweeper	
KORG	03R/W	COMBI -> Bank A	A49 HyperBaby	
KORG	03R/W	COMBI -> Bank A	A50 LayerPiano	
KORG	03R/W	COMBI -> Bank A	A51 OrchSwitch	
KORG	03R/W	COMBI -> Bank A	A52 IMissJimi	
KORG	03R/W	COMBI -> Bank A	A53 SplitOrgan	
KORG	03R/W	COMBI -> Bank A	A54 SweetMutes	
KORG	03R/W	COMBI -> Bank A	A55 Ethno Geo	
KORG	03R/W	COMBI -> Bank A	A56 Amadeus	
KORG	03R/W	COMBI -> Bank A	A57 Fantasy	
KORG	03R/W	COMBI -> Bank A	A58 Biggerldea	
KORG	03R/W	COMBI -> Bank A	A59 Nebulae	
KORG	03R/W	COMBI -> Bank A	A60 Pop Clav	
KORG	03R/W	COMBI -> Bank A	A61 Delicato	
KORG	03R/W	COMBI -> Bank A	A62 Percolator	
KORG	03R/W	COMBI -> Bank A	A63 ThePhantom	
KORG	03R/W	COMBI -> Bank A	A64 Trpt.Brass	
KORG	03R/W	COMBI -> Bank A	A65 Ice Bell	
KORG	03R/W	COMBI -> Bank A	A66 SilkString	
KORG	03R/W	COMBI -> Bank A	A67 RainChimes	
KORG	03R/W	COMBI -> Bank A	A68 Sea Horses	
KORG	03R/W	COMBI -> Bank A	A69 LightBeams	
KORG	03R/W	COMBI -> Bank A	A70 Power Comp	
KORG	03R/W	COMBI -> Bank A	A71 Overture	
KORG	03R/W	COMBI -> Bank A	A72 MetalAlloy	
KORG	03R/W	COMBI -> Bank A	A73 Jazz Hits	
KORG	03R/W	COMBI -> Bank A	A74 BrassSwell	
KORG	03R/W	COMBI -> Bank A	A75 Maraborne	
KORG	03R/W	COMBI -> Bank A	A76 BigStrings	
KORG	03R/W	COMBI -> Bank A	A77 VoxGamelan	
KORG	03R/W	COMBI -> Bank A	A78 TheRedSun	
KORG	03R/W	COMBI -> Bank A	A79 Dagobar	
KORG	03R/W	COMBI -> Bank A	A80 DynoPiano	
KORG	03R/W	COMBI -> Bank A	A81 Concerto	
KORG	03R/W	COMBI -> Bank A	A82 RockShow!!	
KORG	03R/W	COMBI -> Bank A	A83 Woodwinds	
KORG	03R/W	COMBI -> Bank A	A84 Gig Brass	
KORG	03R/W	COMBI -> Bank A	A85 TheBushmen	
KORG	03R/W	COMBI -> Bank A	A86 SuperVoice	
KORG	03R/W	COMBI -> Bank A	A87 LayerDrms1	
KORG	03R/W	COMBI -> Bank A	A88 Snowfall	
KORG	03R/W	COMBI -> Bank A	A89 Sea Storm	
KORG	03R/W	COMBI -> Bank A	A90 The Gospel	
KORG	03R/W	COMBI -> Bank A	A91 Madrigal	
KORG	03R/W	COMBI -> Bank A	A92 Lead & Pad	
KORG	03R/W	COMBI -> Bank A	A93 OrchReeds	
KORG	03R/W	COMBI -> Bank A	A94 Sax Heaven	
KORG	03R/W	COMBI -> Bank A	A95 Polka Box	
KORG	03R/W	COMBI -> Bank A	A96 Acappella	
KORG	03R/W	COMBI -> Bank A	A97 LayerDrms2	
KORG	03R/W	COMBI -> Bank A	A98 Ruff&Ready	
KORG	03R/W	COMBI -> Bank A	A99 Plnetarium	
KORG	03R/W	PROG -> Bank A	A00 Ephemerals	
KORG	03R/W	PROG -> Bank A	A01 Tine Pad	
KORG	03R/W	PROG -> Bank A	A02 Orch Brass	
KORG	03R/W	PROG -> Bank A	A03 Galaxies	
KORG	03R/W	PROG -> Bank A	A04 RosewoodGt	
KORG	03R/W	PROG -> Bank A	A05 VS Bells	
KORG	03R/W	PROG -> Bank A	A06 XFade Bass	
KORG	03R/W	PROG -> Bank A	A07 TheStrings	
KORG	03R/W	PROG -> Bank A	A08 Tasian	
KORG	03R/W	PROG -> Bank A	A09 ProducrKit	
KORG	03R/W	PROG -> Bank A	A10 Air Rider	
KORG	03R/W	PROG -> Bank A	A11 DWGS EP	
KORG	03R/W	PROG -> Bank A	A12 Orch Trpts	
KORG	03R/W	PROG -> Bank A	A13 Borealis	
KORG	03R/W	PROG -> Bank A	A14 Alan's Run	
KORG	03R/W	PROG -> Bank A	A15 Gendar	
KORG	03R/W	PROG -> Bank A	A16 Thumb Bass	
KORG	03R/W	PROG -> Bank A	A17 ChamberEns	
KORG	03R/W	PROG -> Bank A	A18 Tidal Wave	
KORG	03R/W	PROG -> Bank A	A19 Orch Perc	
KORG	03R/W	PROG -> Bank A	A20 OxygenMask	
KORG	03R/W	PROG -> Bank A	A21 Perc.Org 1	
KORG	03R/W	PROG -> Bank A	A22 Brass Band	
KORG	03R/W	PROG -> Bank A	A23 50's SciFi	
KORG	03R/W	PROG -> Bank A	A24 ZingString	
KORG	03R/W	PROG -> Bank A	A25 SolarBells	
KORG	03R/W	PROG -> Bank A	A26 RezzzzBass	
KORG	03R/W	PROG -> Bank A	A27 Woodwind	
KORG	03R/W	PROG -> Bank A	A28 Lub Pole	
KORG	03R/W	PROG -> Bank A	A29 Log Drums	
KORG	03R/W	PROG -> Bank A	A30 AirFlight	
KORG	03R/W	PROG -> Bank A	A31 Spit Organ	
KORG	03R/W	PROG -> Bank A	A32 Trombone 2	
KORG	03R/W	PROG -> Bank A	A33 Lore	
KORG	03R/W	PROG -> Bank A	A34 Harmonics1	
KORG	03R/W	PROG -> Bank A	A35 Bell Tree	
KORG	03R/W	PROG -> Bank A	A36 Tech Bass	
KORG	03R/W	PROG -> Bank A	A37 Choir L+R	
KORG	03R/W	PROG -> Bank A	A38 Raw Deal	
KORG	03R/W	PROG -> Bank A	A39 Mr. Gong	
KORG	03R/W	PROG -> Bank A	A40 Pitzpan	
KORG	03R/W	PROG -> Bank A	A41 Big Organ	
KORG	03R/W	PROG -> Bank A	A42 Fanfare	
KORG	03R/W	PROG -> Bank A	A43 AlienVisit	
KORG	03R/W	PROG -> Bank A	A44 Strategy	
KORG	03R/W	PROG -> Bank A	A45 Gamelan	
KORG	03R/W	PROG -> Bank A	A46 E.Bass 3	
KORG	03R/W	PROG -> Bank A	A47 Heavenly	
KORG	03R/W	PROG -> Bank A	A48 BellShower	
KORG	03R/W	PROG -> Bank A	A49 FreezeDrum	
KORG	03R/W	PROG -> Bank A	A50 DopplerPad	
KORG	03R/W	PROG -> Bank A	A51 Drawbars	
KORG	03R/W	PROG -> Bank A	A52 Brass 2	
KORG	03R/W	PROG -> Bank A	A53 Bell Rise	
KORG	03R/W	PROG -> Bank A	A54 Blue Moon	
KORG	03R/W	PROG -> Bank A	A55 EtherBells	
KORG	03R/W	PROG -> Bank A	A56 A.Bass 1	
KORG	03R/W	PROG -> Bank A	A57 Soft Pad	
KORG	03R/W	PROG -> Bank A	A58 WS Analog	
KORG	03R/W	PROG -> Bank A	A59 VeloGated	
KORG	03R/W	PROG -> Bank A	A60 Lub Pad	
KORG	03R/W	PROG -> Bank A	A61 Piano Pad	
KORG	03R/W	PROG -> Bank A	A62 Mute Ens.	
KORG	03R/W	PROG -> Bank A	A63 Jet Stream	
KORG	03R/W	PROG -> Bank A	A64 FeedBacker	
KORG	03R/W	PROG -> Bank A	A65 Baby'sGone	
KORG	03R/W	PROG -> Bank A	A66 OctaveBass	
KORG	03R/W	PROG -> Bank A	A67 Vox Voice	
KORG	03R/W	PROG -> Bank A	A68 RezzzzzPad	
KORG	03R/W	PROG -> Bank A	A69 Percussion	
KORG	03R/W	PROG -> Bank A	A70 The Void	
KORG	03R/W	PROG -> Bank A	A71 Gospel Org	
KORG	03R/W	PROG -> Bank A	A72 Muted Bone	
KORG	03R/W	PROG -> Bank A	A73 Crickets	
KORG	03R/W	PROG -> Bank A	A74 PedalSteel	
KORG	03R/W	PROG -> Bank A	A75 DigiMallet	
KORG	03R/W	PROG -> Bank A	A76 Seq.Bass	
KORG	03R/W	PROG -> Bank A	A77 ArcoAttack	
KORG	03R/W	PROG -> Bank A	A78 TempleBell	
KORG	03R/W	PROG -> Bank A	A79 Velo Perc	
KORG	03R/W	PROG -> Bank A	A80 Hyperborea	
KORG	03R/W	PROG -> Bank A	A81 Whirly	
KORG	03R/W	PROG -> Bank A	A82 SFZ Brass	
KORG	03R/W	PROG -> Bank A	A83 Steam	
KORG	03R/W	PROG -> Bank A	A84 Mr. Clean	
KORG	03R/W	PROG -> Bank A	A85 Bell Box	
KORG	03R/W	PROG -> Bank A	A86 B.Bass	
KORG	03R/W	PROG -> Bank A	A87 Air Vox	
KORG	03R/W	PROG -> Bank A	A88 NuclearSun	
KORG	03R/W	PROG -> Bank A	A89 Drum Hit	
KORG	03R/W	PROG -> Bank A	A90 UnderWater	
KORG	03R/W	PROG -> Bank A	A91 OrganTrem	
KORG	03R/W	PROG -> Bank A	A92 PerkySaxes	
KORG	03R/W	PROG -> Bank A	A93 Flutter	
KORG	03R/W	PROG -> Bank A	A94 Harmonics2	
KORG	03R/W	PROG -> Bank A	A95 New Bell	
KORG	03R/W	PROG -> Bank A	A96 SynthBass3	
KORG	03R/W	PROG -> Bank A	A97 SweetReeds	
KORG	03R/W	PROG -> Bank A	A98 MonoLead	
KORG	03R/W	PROG -> Bank A	A99 PadPiano 1	
KORG	03R/W	PROG -> Bank G	G01 Piano	
KORG	03R/W	PROG -> Bank G	G02 BritePiano	
KORG	03R/W	PROG -> Bank G	G03 HammerPno	
KORG	03R/W	PROG -> Bank G	G04 HonkeyTonk	
KORG	03R/W	PROG -> Bank G	G05 New Tines	
KORG	03R/W	PROG -> Bank G	G06 Digi Piano	
KORG	03R/W	PROG -> Bank G	G07 Harpsicord	
KORG	03R/W	PROG -> Bank G	G08 Clav	
KORG	03R/W	PROG -> Bank G	G09 Celeste	
KORG	03R/W	PROG -> Bank G	G10 Glocken	
KORG	03R/W	PROG -> Bank G	G11 Music Box	
KORG	03R/W	PROG -> Bank G	G12 Vibes	
KORG	03R/W	PROG -> Bank G	G13 Marimba	
KORG	03R/W	PROG -> Bank G	G14 Xylophone	
KORG	03R/W	PROG -> Bank G	G15 Tubular	
KORG	03R/W	PROG -> Bank G	G16 Santur	
KORG	03R/W	PROG -> Bank G	G17 Full Organ	
KORG	03R/W	PROG -> Bank G	G18 Perc Organ	
KORG	03R/W	PROG -> Bank G	G19 BX-3 Organ	
KORG	03R/W	PROG -> Bank G	G20 ChurchPipe	
KORG	03R/W	PROG -> Bank G	G21 Positive	
KORG	03R/W	PROG -> Bank G	G22 Musette	
KORG	03R/W	PROG -> Bank G	G23 Harmonica	
KORG	03R/W	PROG -> Bank G	G24 Tango	
KORG	03R/W	PROG -> Bank G	G25 ClassicGtr	
KORG	03R/W	PROG -> Bank G	G26 A.Guitar	
KORG	03R/W	PROG -> Bank G	G27 JazzGuitar	
KORG	03R/W	PROG -> Bank G	G28 Clean Gtr	
KORG	03R/W	PROG -> Bank G	G29 MuteGuitar	
KORG	03R/W	PROG -> Bank G	G30 Over Drive	
KORG	03R/W	PROG -> Bank G	G31 Wah Guitar	
KORG	03R/W	PROG -> Bank G	G32 RockMonics	
KORG	03R/W	PROG -> Bank G	G33 Jazz Bass	
KORG	03R/W	PROG -> Bank G	G34 Deep Bass	
KORG	03R/W	PROG -> Bank G	G35 Pick Bass	
KORG	03R/W	PROG -> Bank G	G36 Fretless	
KORG	03R/W	PROG -> Bank G	G37 SlapBass 1	
KORG	03R/W	PROG -> Bank G	G38 SlapBass 2	
KORG	03R/W	PROG -> Bank G	G39 SynthBass1	
KORG	03R/W	PROG -> Bank G	G40 SynthBass2	
KORG	03R/W	PROG -> Bank G	G41 Violin	
KORG	03R/W	PROG -> Bank G	G42 Viola	
KORG	03R/W	PROG -> Bank G	G43 Cello	
KORG	03R/W	PROG -> Bank G	G44 ContraBass	
KORG	03R/W	PROG -> Bank G	G45 TremeloStr	
KORG	03R/W	PROG -> Bank G	G46 Pizzicato	
KORG	03R/W	PROG -> Bank G	G47 Harp	
KORG	03R/W	PROG -> Bank G	G48 Timpani	
KORG	03R/W	PROG -> Bank G	G49 Marcato	
KORG	03R/W	PROG -> Bank G	G50 SlowString	
KORG	03R/W	PROG -> Bank G	G51 Analog Pad	
KORG	03R/W	PROG -> Bank G	G52 String Pad	
KORG	03R/W	PROG -> Bank G	G53 Choir	
KORG	03R/W	PROG -> Bank G	G54 Do Voice	
KORG	03R/W	PROG -> Bank G	G55 Voices	
KORG	03R/W	PROG -> Bank G	G56 Orch Hit	
KORG	03R/W	PROG -> Bank G	G57 Trumpet	
KORG	03R/W	PROG -> Bank G	G58 Trombone 1	
KORG	03R/W	PROG -> Bank G	G59 Tuba	
KORG	03R/W	PROG -> Bank G	G60 Muted Trpt	
KORG	03R/W	PROG -> Bank G	G61 FrenchHorn	
KORG	03R/W	PROG -> Bank G	G62 Brass 1	
KORG	03R/W	PROG -> Bank G	G63 SynBrass 1	
KORG	03R/W	PROG -> Bank G	G64 SynBrass 2	
KORG	03R/W	PROG -> Bank G	G65 SopranoSax	
KORG	03R/W	PROG -> Bank G	G66 Alto Sax	
KORG	03R/W	PROG -> Bank G	G67 Tenor Sax	
KORG	03R/W	PROG -> Bank G	G68 Bari Sax	
KORG	03R/W	PROG -> Bank G	G69 Sweet Oboe	
KORG	03R/W	PROG -> Bank G	G70 EnglishHrn	
KORG	03R/W	PROG -> Bank G	G71 BasoonOboe	
KORG	03R/W	PROG -> Bank G	G72 Clarinet	
KORG	03R/W	PROG -> Bank G	G73 Piccolo	
KORG	03R/W	PROG -> Bank G	G74 Flute	
KORG	03R/W	PROG -> Bank G	G75 Recorder	
KORG	03R/W	PROG -> Bank G	G76 Pan Flute	
KORG	03R/W	PROG -> Bank G	G77 Bottle	
KORG	03R/W	PROG -> Bank G	G78 Shakuhachi	
KORG	03R/W	PROG -> Bank G	G79 Whistle	
KORG	03R/W	PROG -> Bank G	G80 Ocarina	
KORG	03R/W	PROG -> Bank G	G81 SquareWave	
KORG	03R/W	PROG -> Bank G	G82 Saw Wave	
KORG	03R/W	PROG -> Bank G	G83 SynCaliope	
KORG	03R/W	PROG -> Bank G	G84 Syn Chiff	
KORG	03R/W	PROG -> Bank G	G85 Charang	
KORG	03R/W	PROG -> Bank G	G86 Air Chorus	
KORG	03R/W	PROG -> Bank G	G87 Rezzo 4ths	
KORG	03R/W	PROG -> Bank G	G88 Bass&Lead	
KORG	03R/W	PROG -> Bank G	G89 Fantasia	
KORG	03R/W	PROG -> Bank G	G90 Warm Pad	
KORG	03R/W	PROG -> Bank G	G91 Poly Pad	
KORG	03R/W	PROG -> Bank G	G92 Ghost Pad	
KORG	03R/W	PROG -> Bank G	G93 BowedGlass	
KORG	03R/W	PROG -> Bank G	G94 Metal Pad	
KORG	03R/W	PROG -> Bank G	G95 Halo Pad	
KORG	03R/W	PROG -> Bank G	G96 Sweep	
KORG	03R/W	PROG -> Bank G	G97 Ice Rain	
KORG	03R/W	PROG -> Bank G	G98 SoundTrack	
KORG	03R/W	PROG -> Bank G	G99 Crystal	
KORG	03R/W	PROG -> Bank G	G100 Atmosfear	
KORG	03R/W	PROG -> Bank G	G101 Brightness	
KORG	03R/W	PROG -> Bank G	G102 Goblin	
KORG	03R/W	PROG -> Bank G	G103 Echo Drop	
KORG	03R/W	PROG -> Bank G	G104 Star Theme	
KORG	03R/W	PROG -> Bank G	G105 Sitar	
KORG	03R/W	PROG -> Bank G	G106 Banjoe	
KORG	03R/W	PROG -> Bank G	G107 Shamisen	
KORG	03R/W	PROG -> Bank G	G108 Koto	
KORG	03R/W	PROG -> Bank G	G109 Kalimba	
KORG	03R/W	PROG -> Bank G	G110 Scotland	
KORG	03R/W	PROG -> Bank G	G111 Fiddle	
KORG	03R/W	PROG -> Bank G	G112 Shannai	
KORG	03R/W	PROG -> Bank G	G113 Metal Bell	
KORG	03R/W	PROG -> Bank G	G114 Agogo	
KORG	03R/W	PROG -> Bank G	G115 SteelDrums	
KORG	03R/W	PROG -> Bank G	G116 Woodblock	
KORG	03R/W	PROG -> Bank G	G117 Taiko	
KORG	03R/W	PROG -> Bank G	G118 A.Tom	
KORG	03R/W	PROG -> Bank G	G119 Synth Tom	
KORG	03R/W	PROG -> Bank G	G120 Rev Cymbal	
KORG	03R/W	PROG -> Bank G	G121 Fret Noise	
KORG	03R/W	PROG -> Bank G	G122 Flute Taps	
KORG	03R/W	PROG -> Bank G	G123 Seashore	
KORG	03R/W	PROG -> Bank G	G124 Birds	
KORG	03R/W	PROG -> Bank G	G125 Telephone	
KORG	03R/W	PROG -> Bank G	G126 Helicopter	
KORG	03R/W	PROG -> Bank G	G127 Stadium!!!	
KORG	03R/W	PROG -> Bank G	G128 GunShot	
KORG	03R/W	PROG -> Bank G	G129 GM DrumKit	
KORG	03R/W	Multisound	000 A.Piano	
KORG	03R/W	Multisound	001 E.Piano 1	
KORG	03R/W	Multisound	002 E.Piano1LP	
KORG	03R/W	Multisound	003 E.Piano 2	
KORG	03R/W	Multisound	004 E.Piano2LP	
KORG	03R/W	Multisound	005 Hard EP	
KORG	03R/W	Multisound	006 Hard EP LP	
KORG	03R/W	Multisound	007 Soft EP	
KORG	03R/W	Multisound	008 Soft EP LP	
KORG	03R/W	Multisound	009 PianoPad 1	
KORG	03R/W	Multisound	010 P.Pad 1 LP	
KORG	03R/W	Multisound	011 PianoPad 2	
KORG	03R/W	Multisound	012 P.Pad 2 LP	
KORG	03R/W	Multisound	013 Clav	
KORG	03R/W	Multisound	014 Clav LP	
KORG	03R/W	Multisound	015 Harpsicord	
KORG	03R/W	Multisound	016 HarpsicdLP	
KORG	03R/W	Multisound	017 PercOrgan1	
KORG	03R/W	Multisound	018 PercOrg1LP	
KORG	03R/W	Multisound	019 PercOrgan2	
KORG	03R/W	Multisound	020 PercOrg2LP	
KORG	03R/W	Multisound	021 Organ 1	
KORG	03R/W	Multisound	022 Organ 1 LP	
KORG	03R/W	Multisound	023 Organ 2	
KORG	03R/W	Multisound	024 Organ 2 LP	
KORG	03R/W	Multisound	025 PipeOrgan1	
KORG	03R/W	Multisound	026 PipeOrg1LP	
KORG	03R/W	Multisound	027 PipeOrgan2	
KORG	03R/W	Multisound	028 Accordion	
KORG	03R/W	Multisound	029 AcordionLP	
KORG	03R/W	Multisound	030 G.Guitar	
KORG	03R/W	Multisound	031 G.GuitarLP	
KORG	03R/W	Multisound	032 F.Guitar	
KORG	03R/W	Multisound	033 F.GuitarLP	
KORG	03R/W	Multisound	034 A.Gtr Harm	
KORG	03R/W	Multisound	035 Hard Pick	
KORG	03R/W	Multisound	036 E.Guitar	
KORG	03R/W	Multisound	037 MuteGuitar	
KORG	03R/W	Multisound	038 Gtr Harm 1	
KORG	03R/W	Multisound	039 Gtr Harm 2	
KORG	03R/W	Multisound	040 DistGuitar	
KORG	03R/W	Multisound	041 Dist GtrLP	
KORG	03R/W	Multisound	042 Sitar	
KORG	03R/W	Multisound	043 Banjo	
KORG	03R/W	Multisound	044 Shamisen	
KORG	03R/W	Multisound	045 Koto	
KORG	03R/W	Multisound	046 Harp	
KORG	03R/W	Multisound	047 A.Bass 1	
KORG	03R/W	Multisound	048 A.Bass 2	
KORG	03R/W	Multisound	049 A.Bass2 LP	
KORG	03R/W	Multisound	050 A.Bass 3	
KORG	03R/W	Multisound	051 A.Bass3 LP	
KORG	03R/W	Multisound	052 Fretless	
KORG	03R/W	Multisound	053 FretlessLP	
KORG	03R/W	Multisound	054 E.Bass 1	
KORG	03R/W	Multisound	055 E.Bass 2	
KORG	03R/W	Multisound	056 E.Bass 3	
KORG	03R/W	Multisound	057 E.Bass3 LP	
KORG	03R/W	Multisound	058 Slap Bass1	
KORG	03R/W	Multisound	059 SlpBass1LP	
KORG	03R/W	Multisound	060 Slap Bass2	
KORG	03R/W	Multisound	061 SynthBass1	
KORG	03R/W	Multisound	062 SynthBass2	
KORG	03R/W	Multisound	063 Tech Bass	
KORG	03R/W	Multisound	064 TechBassLP	
KORG	03R/W	Multisound	065 Kalimba	
KORG	03R/W	Multisound	066 Music Box	
KORG	03R/W	Multisound	067 Log Drum	
KORG	03R/W	Multisound	068 Marimba	
KORG	03R/W	Multisound	069 Vibe	
KORG	03R/W	Multisound	070 BrightBell	
KORG	03R/W	Multisound	071 B.Bell LP	
KORG	03R/W	Multisound	072 Metal Bell	
KORG	03R/W	Multisound	073 M.Bell LP	
KORG	03R/W	Multisound	074 Gamelan	
KORG	03R/W	Multisound	075 Pole	
KORG	03R/W	Multisound	076 Pole LP	
KORG	03R/W	Multisound	077 Tubular	
KORG	03R/W	Multisound	078 Gong 1	
KORG	03R/W	Multisound	079 Gong 1 LP	
KORG	03R/W	Multisound	080 Gong 2	
KORG	03R/W	Multisound	081 Gong 2 LP	
KORG	03R/W	Multisound	082 Split Bell	
KORG	03R/W	Multisound	083 Tuned bell	
KORG	03R/W	Multisound	084 Harmonica	
KORG	03R/W	Multisound	085 HardFlute1	
KORG	03R/W	Multisound	086 HardFlute2	
KORG	03R/W	Multisound	087 Pan Flute	
KORG	03R/W	Multisound	088 PanFluteLP	
KORG	03R/W	Multisound	089 Shakuhachi	
KORG	03R/W	Multisound	090 Bottle	
KORG	03R/W	Multisound	091 Bassoon	
KORG	03R/W	Multisound	092 Oboe	
KORG	03R/W	Multisound	093 EnglishHrn	
KORG	03R/W	Multisound	094 Eng.HornLP	
KORG	03R/W	Multisound	095 BassonOboe	
KORG	03R/W	Multisound	096 BsonOboeLP	
KORG	03R/W	Multisound	097 Clarinet	
KORG	03R/W	Multisound	098 ClarinetLP	
KORG	03R/W	Multisound	099 Bari.Sax	
KORG	03R/W	Multisound	100 Bari.SaxLP	
KORG	03R/W	Multisound	101 Tenor Sax	
KORG	03R/W	Multisound	102 T.Sax LP	
KORG	03R/W	Multisound	103 Alto Sax	
KORG	03R/W	Multisound	104 A.Sax LP	
KORG	03R/W	Multisound	105 SopranoSax	
KORG	03R/W	Multisound	106 S.Sax LP	
KORG	03R/W	Multisound	107 Tuba/FrH	
KORG	03R/W	Multisound	108 Tuba/FrHLP	
KORG	03R/W	Multisound	109 Trombone 1	
KORG	03R/W	Multisound	110 Trombone 2	
KORG	03R/W	Multisound	111 Mute Tromb	
KORG	03R/W	Multisound	112 Trumpet	
KORG	03R/W	Multisound	113 Trumpet LP	
KORG	03R/W	Multisound	114 Mute TP	
KORG	03R/W	Multisound	115 Mute TP LP	
KORG	03R/W	Multisound	116 Brass 1	
KORG	03R/W	Multisound	117 Brass 2	
KORG	03R/W	Multisound	118 StringEns.	
KORG	03R/W	Multisound	119 StrEns.LP1	
KORG	03R/W	Multisound	120 StrEns.LP2	
KORG	03R/W	Multisound	121 StrEns.LP3	
KORG	03R/W	Multisound	122 AnaStrings	
KORG	03R/W	Multisound	123 PWM	
KORG	03R/W	Multisound	124 Violin	
KORG	03R/W	Multisound	125 Cello	
KORG	03R/W	Multisound	126 Pizzicato	
KORG	03R/W	Multisound	127 Voice	
KORG	03R/W	Multisound	128 Choir	
KORG	03R/W	Multisound	129 Soft Choir	
KORG	03R/W	Multisound	130 Air Vox	
KORG	03R/W	Multisound	131 Chorello	
KORG	03R/W	Multisound	132 Doo Vox	
KORG	03R/W	Multisound	133 Syn Vox	
KORG	03R/W	Multisound	134 Syn Vox LP	
KORG	03R/W	Multisound	135 Lub Wave	
KORG	03R/W	Multisound	136 Ether Bell	
KORG	03R/W	Multisound	137 Ghostly	
KORG	03R/W	Multisound	138 Spectrum	
KORG	03R/W	Multisound	139 Stadium	
KORG	03R/W	Multisound	140 Stadium NT	
KORG	03R/W	Multisound	141 Belltree	
KORG	03R/W	Multisound	142 BelltreeNT	
KORG	03R/W	Multisound	143 Tri Roll	
KORG	03R/W	Multisound	144 TriRoll NT	
KORG	03R/W	Multisound	145 Clicker	
KORG	03R/W	Multisound	146 Clicker NT	
KORG	03R/W	Multisound	147 Lore	
KORG	03R/W	Multisound	148 Lore NT	
KORG	03R/W	Multisound	149 Crickets	
KORG	03R/W	Multisound	150 Crickts NT	
KORG	03R/W	Multisound	151 MagicBell	
KORG	03R/W	Multisound	152 Tron Up	
KORG	03R/W	Multisound	153 TronUp LP	
KORG	03R/W	Multisound	154 TronUp NT	
KORG	03R/W	Multisound	155 Flutter	
KORG	03R/W	Multisound	156 Flutter LP	
KORG	03R/W	Multisound	157 Tap 1	
KORG	03R/W	Multisound	158 Tap 2	
KORG	03R/W	Multisound	159 Tap 3	
KORG	03R/W	Multisound	160 Tap 4	
KORG	03R/W	Multisound	161 Tap 5	
KORG	03R/W	Multisound	162 Tap 6	
KORG	03R/W	Multisound	163 Orch Hit	
KORG	03R/W	Multisound	164 Snare Cast	
KORG	03R/W	Multisound	165 Syn Snare	
KORG	03R/W	Multisound	166 Rev Snare	
KORG	03R/W	Multisound	167 Fist	
KORG	03R/W	Multisound	168 CrshCymbal	
KORG	03R/W	Multisound	169 Orch Perc	
KORG	03R/W	Multisound	170 Hi Hat	
KORG	03R/W	Multisound	171 Hi Hat NT	
KORG	03R/W	Multisound	172 Bell Ride	
KORG	03R/W	Multisound	173 Ping Ride	
KORG	03R/W	Multisound	174 ProccesTom	
KORG	03R/W	Multisound	175 Timpani	
KORG	03R/W	Multisound	176 Timpani LP	
KORG	03R/W	Multisound	177 Cabasa	
KORG	03R/W	Multisound	178 Cabasa NT	
KORG	03R/W	Multisound	179 Agogo	
KORG	03R/W	Multisound	180 Cowbell	
KORG	03R/W	Multisound	181 Low Bongo	
KORG	03R/W	Multisound	182 Claves	
KORG	03R/W	Multisound	183 Timbales	
KORG	03R/W	Multisound	184 WoodBlock1	
KORG	03R/W	Multisound	185 WoodBlock2	
KORG	03R/W	Multisound	186 Vibe Hit	
KORG	03R/W	Multisound	187 Syn Claves	
KORG	03R/W	Multisound	188 A.Tom	
KORG	03R/W	Multisound	189 Syn Tom	
KORG	03R/W	Multisound	190 Zap 1	
KORG	03R/W	Multisound	191 Zap 2	
KORG	03R/W	Multisound	192 Industry 1	
KORG	03R/W	Multisound	193 Industr1NT	
KORG	03R/W	Multisound	194 Industry 2	
KORG	03R/W	Multisound	195 Industr2NT	
KORG	03R/W	Multisound	196 Rev Thing	
KORG	03R/W	Multisound	197 FingerSnap	
KORG	03R/W	Multisound	198 FngrSnapNT	
KORG	03R/W	Multisound	199 Pop	
KORG	03R/W	Multisound	200 Tambourine	
KORG	03R/W	Multisound	201 Hand Claps	
KORG	03R/W	Multisound	202 HandC1psNT	
KORG	03R/W	Multisound	203 Castanet	
KORG	03R/W	Multisound	204 CastanetNT	
KORG	03R/W	Multisound	205 Snap	
KORG	03R/W	Multisound	206 Slurp	
KORG	03R/W	Multisound	207 Slurp NT	
KORG	03R/W	Multisound	208 Gt Scratch	
KORG	03R/W	Multisound	209 Side Stick	
KORG	03R/W	Multisound	210 SideStckNT	
KORG	03R/W	Multisound	211 Syn Rim	
KORG	03R/W	Multisound	212 Syn Rim NT	
KORG	03R/W	Multisound	213 L-Shaker	
KORG	03R/W	Multisound	214 Open HH	
KORG	03R/W	Multisound	215 CloseSynHH	
KORG	03R/W	Multisound	216 Open SynHH	
KORG	03R/W	Multisound	217 Taiko	
KORG	03R/W	Multisound	218 Lo Bongo	
KORG	03R/W	Multisound	219 Slap Bongo	
KORG	03R/W	Multisound	220 Stick Hit	
KORG	03R/W	Multisound	221 StickHitNT	
KORG	03R/W	Multisound	222 Open Conga	
KORG	03R/W	Multisound	223 Slap Conga	
KORG	03R/W	Multisound	224 Palm Conga	
KORG	03R/W	Multisound	225 Mute Conga	
KORG	03R/W	Multisound	226 Maracas	
KORG	03R/W	Multisound	227 MuteTriang	
KORG	03R/W	Multisound	228 OpenTriang	
KORG	03R/W	Multisound	229 Scratch Hi	
KORG	03R/W	Multisound	230 Scratch Lo	
KORG	03R/W	Multisound	231 ScratchDbl	
KORG	03R/W	Multisound	232 Mini 1a	
KORG	03R/W	Multisound	233 VS 102	
KORG	03R/W	Multisound	234 VS 58	
KORG	03R/W	Multisound	235 VS 71	
KORG	03R/W	Multisound	236 VS 72	
KORG	03R/W	Multisound	237 VS 88	
KORG	03R/W	Multisound	238 VS 89	
KORG	03R/W	Multisound	239 13-35	
KORG	03R/W	Multisound	240 DWGS Clav	
KORG	03R/W	Multisound	241 DWGSOrgan1	
KORG	03R/W	Multisound	242 DWGSOrgan2	
KORG	03R/W	Multisound	243 DWGS E.P.1	
KORG	03R/W	Multisound	244 DWGS E.P.2	
KORG	03R/W	Multisound	245 Saw	
KORG	03R/W	Multisound	246 Ramp	
KORG	03R/W	Multisound	247 Square	
KORG	03R/W	Multisound	248 Pulse 25%	
KORG	03R/W	Multisound	249 Pulse 16%	
KORG	03R/W	Multisound	250 Pulse 8%	
KORG	03R/W	Multisound	251 Pulse 4%	
KORG	03R/W	Multisound	252 Syn Sine 1	
KORG	03R/W	Multisound	253 Syn Sine 2	
KORG	03R/W	Multisound	254 Sine	
KORG	03R/W	Drumsound	000 Fat Kick	
KORG	03R/W	Drumsound	001 Rock Kick	
KORG	03R/W	Drumsound	002 Ambi.Kick	
KORG	03R/W	Drumsound	003 Crisp Kick	
KORG	03R/W	Drumsound	004 Punch Kick	
KORG	03R/W	Drumsound	005 Real Kick	
KORG	03R/W	Drumsound	006 Dance Kick	
KORG	03R/W	Drumsound	007 Gated Kick	
KORG	03R/W	Drumsound	008 ProcesKick	
KORG	03R/W	Drumsound	009 Metal Kick	
KORG	03R/W	Drumsound	010 Syn Kick 1	
KORG	03R/W	Drumsound	011 Syn Kick 2	
KORG	03R/W	Drumsound	012 Snare 1	
KORG	03R/W	Drumsound	013 Snare 2	
KORG	03R/W	Drumsound	014 PicloSnare	
KORG	03R/W	Drumsound	015 Soft Snare	
KORG	03R/W	Drumsound	016 TightSnare	
KORG	03R/W	Drumsound	017 Ambi.Snare	
KORG	03R/W	Drumsound	018 Rev Snare	
KORG	03R/W	Drumsound	019 RollSnare1	
KORG	03R/W	Drumsound	020 RollSnare2	
KORG	03R/W	Drumsound	021 Rock Snare	
KORG	03R/W	Drumsound	022 GatedSnare	
KORG	03R/W	Drumsound	023 HouseSnare	
KORG	03R/W	Drumsound	024 Syn Snare1	
KORG	03R/W	Drumsound	025 Syn Snare2	
KORG	03R/W	Drumsound	026 Fist	
KORG	03R/W	Drumsound	027 Side Stick	
KORG	03R/W	Drumsound	028 Syn Rim	
KORG	03R/W	Drumsound	029 CrshCymbal	
KORG	03R/W	Drumsound	030 Tite HH	
KORG	03R/W	Drumsound	031 Close HH	
KORG	03R/W	Drumsound	032 Open HH	
KORG	03R/W	Drumsound	033 Pedal HH	
KORG	03R/W	Drumsound	034 CloseSynHH	
KORG	03R/W	Drumsound	035 Open SynHH	
KORG	03R/W	Drumsound	036 Ride Edge	
KORG	03R/W	Drumsound	037 Ride Cup	
KORG	03R/W	Drumsound	038 Tom	
KORG	03R/W	Drumsound	039 ProcessTom	
KORG	03R/W	Drumsound	040 Syn Tom 1	
KORG	03R/W	Drumsound	041 Syn Tom 2	
KORG	03R/W	Drumsound	042 Agogo	
KORG	03R/W	Drumsound	043 Lo Bongo	
KORG	03R/W	Drumsound	044 Hi Bongo	
KORG	03R/W	Drumsound	045 Slap Bongo	
KORG	03R/W	Drumsound	046 Claves	
KORG	03R/W	Drumsound	047 Syn Claves	
KORG	03R/W	Drumsound	048 Open Conga	
KORG	03R/W	Drumsound	049 Slap Conga	
KORG	03R/W	Drumsound	050 Palm Conga	
KORG	03R/W	Drumsound	051 Mute Conga	
KORG	03R/W	Drumsound	052 Maracas	
KORG	03R/W	Drumsound	053 L-Shaker	
KORG	03R/W	Drumsound	054 S-Shaker	
KORG	03R/W	Drumsound	055 Cabasa	
KORG	03R/W	Drumsound	056 MuteTriang	
KORG	03R/W	Drumsound	057 OpenTriang	
KORG	03R/W	Drumsound	058 Tambourine	
KORG	03R/W	Drumsound	059 Cowbell	
KORG	03R/W	Drumsound	060 R-Timbal	
KORG	03R/W	Drumsound	061 Hi Timbal	
KORG	03R/W	Drumsound	062 Lo Timbal	
KORG	03R/W	Drumsound	063 WoodBlockH	
KORG	03R/W	Drumsound	064 WoodBlockM	
KORG	03R/W	Drumsound	065 WoodBlockL	
KORG	03R/W	Drumsound	066 Hand Claps	
KORG	03R/W	Drumsound	067 Zap 1	
KORG	03R/W	Drumsound	068 Zap 2	
KORG	03R/W	Drumsound	069 Stick Hit	
KORG	03R/W	Drumsound	070 Scratch Hi	
KORG	03R/W	Drumsound	071 Scratch Lo	
KORG	03R/W	Drumsound	072 ScratchDbl	
KORG	03R/W	Drumsound	073 Castanet	
KORG	03R/W	Drumsound	074 FingerSnap	
KORG	03R/W	Drumsound	075 Industry	
KORG	03R/W	Drumsound	076 Rev Thing	
KORG	03R/W	Drumsound	077 Kalimba	
KORG	03R/W	Drumsound	078 Marimba 1	
KORG	03R/W	Drumsound	079 Marimba 2	
KORG	03R/W	Drumsound	080 Marimba 3	
KORG	03R/W	Drumsound	081 Log Drum 1	
KORG	03R/W	Drumsound	082 Log Drum 2	
KORG	03R/W	Drumsound	083 Snap	
KORG	03R/W	Drumsound	084 BrightBell	
KORG	03R/W	Drumsound	085 MetalBell1	
KORG	03R/W	Drumsound	086 MetalBell2	
KORG	03R/W	Drumsound	087 Gamelan 1	
KORG	03R/W	Drumsound	088 Gamelan 2	
KORG	03R/W	Drumsound	089 Pole	
KORG	03R/W	Drumsound	090 TubulBel 1	
KORG	03R/W	Drumsound	091 TubulBel 2	
KORG	03R/W	Drumsound	092 Gong	
KORG	03R/W	Drumsound	093 Gt Scratch	
KORG	03R/W	Drumsound	094 Spectrum a	
KORG	03R/W	Drumsound	095 Spectrum b	
KORG	03R/W	Drumsound	096 Carton Box	
KORG	03R/W	Drumsound	097 Stadium	
KORG	03R/W	Drumsound	098 Pop	
KORG	03R/W	Drumsound	099 Belltree	
KORG	03R/W	Drumsound	100 Tri Roll	
KORG	03R/W	Drumsound	101 Slurp	
KORG	03R/W	Drumsound	102 Flutter	
KORG	03R/W	Drumsound	103 Timpani	
KORG	03R/W	Drumsound	104 Taiko	
KORG	03R/W	Drumsound	105 Music Box1	
KORG	03R/W	Drumsound	106 Music Box2	
KORG	03R/W	Drumsound	107 Tron Up	
KORG	03R/W	Drumsound	108 Clicker 1	
KORG	03R/W	Drumsound	109 Clicker 2	
KORG	03R/W	Drumsound	110 Clicker 3	
KORG	03R/W	Drumsound	111 Crickets	
KORG	03R/W	Drumsound	112 Crash 2	
KORG	03R/W	Drumsound	113 Orch Hit	