Zero-G	ProSamples Vol. 38 - Trance	Partition A -> CK 01 132 D	CK 01 132 D	
Zero-G	ProSamples Vol. 38 - Trance	Partition A -> CK 02 134 C	CK 02 134 C	
Zero-G	ProSamples Vol. 38 - Trance	Partition A -> CK 03 136 A#	CK 03 136 A#	
Zero-G	ProSamples Vol. 38 - Trance	Partition A -> CK 04 137 D#	CK 04 137 D#	
Zero-G	ProSamples Vol. 38 - Trance	Partition A -> CK 05 138 G#	CK 05 138 G#	
Zero-G	ProSamples Vol. 38 - Trance	Partition B -> CK 06 140 D	CK 06 140 D	
Zero-G	ProSamples Vol. 38 - Trance	Partition B -> CK 07 140 D#	CK 07 140 D#	
Zero-G	ProSamples Vol. 38 - Trance	Partition B -> CK 08 142 D#	CK 08 142 D#	
Zero-G	ProSamples Vol. 38 - Trance	Partition C -> CK 09 143 D#	CK 09 143 D#	
Zero-G	ProSamples Vol. 38 - Trance	Partition C -> CK 10 144 E	CK 10 144 E	
Zero-G	ProSamples Vol. 38 - Trance	Partition C -> CK 11 145 A	CK 11 145 A	
Zero-G	ProSamples Vol. 38 - Trance	Partition D -> BASS 01	BASS 01	
Zero-G	ProSamples Vol. 38 - Trance	Partition D -> BASS 02	BASS 02	
Zero-G	ProSamples Vol. 38 - Trance	Partition D -> BASS 03	BASS 03	
Zero-G	ProSamples Vol. 38 - Trance	Partition D -> BASS 04	BASS 04	
Zero-G	ProSamples Vol. 38 - Trance	Partition D -> BASS 05	BASS 05	
Zero-G	ProSamples Vol. 38 - Trance	Partition D -> BASS 06	BASS 06	
Zero-G	ProSamples Vol. 38 - Trance	Partition D -> BASS 07	BASS 07	
Zero-G	ProSamples Vol. 38 - Trance	Partition D -> BASS 08	BASS 08	
Zero-G	ProSamples Vol. 38 - Trance	Partition D -> BASS 09	BASS 09	
Zero-G	ProSamples Vol. 38 - Trance	Partition D -> BASS 10	BASS 10	
Zero-G	ProSamples Vol. 38 - Trance	Partition D -> CK 12 146 D	CK 12 146 D	
Zero-G	ProSamples Vol. 38 - Trance	Partition D -> LEAD 01	LEAD 01	
Zero-G	ProSamples Vol. 38 - Trance	Partition D -> LEAD 02	LEAD 02	
Zero-G	ProSamples Vol. 38 - Trance	Partition D -> LEAD 03	LEAD 03	
Zero-G	ProSamples Vol. 38 - Trance	Partition D -> LEAD 04	LEAD 04	
Zero-G	ProSamples Vol. 38 - Trance	Partition D -> LEAD 05	LEAD 05	
Zero-G	ProSamples Vol. 38 - Trance	Partition D -> LEAD 06	LEAD 06	
Zero-G	ProSamples Vol. 38 - Trance	Partition D -> LEAD 07	LEAD 07	
Zero-G	ProSamples Vol. 38 - Trance	Partition D -> LEAD 08	LEAD 08	
Zero-G	ProSamples Vol. 38 - Trance	Partition D -> LEAD 09	LEAD 09	
Zero-G	ProSamples Vol. 38 - Trance	Partition D -> PAD 01	PAD 01	
Zero-G	ProSamples Vol. 38 - Trance	Partition D -> PAD 02	PAD 02	
Zero-G	ProSamples Vol. 38 - Trance	Partition E -> PAD 03	PAD 03	
Zero-G	ProSamples Vol. 38 - Trance	Partition E -> PAD 04	PAD 04	
Zero-G	ProSamples Vol. 38 - Trance	Partition E -> PAD 05	PAD 05	
Zero-G	ProSamples Vol. 38 - Trance	Partition E -> STRING 01	STRING 01	
Zero-G	ProSamples Vol. 38 - Trance	Partition E -> STRING 02	STRING 02	