Roland	SR-JV80-18 World Collection Latin	Patch -> XP-X	001  96:SalsaMix	
Roland	SR-JV80-18 World Collection Latin	Patch -> XP-X	002  96:SlsParty	
Roland	SR-JV80-18 World Collection Latin	Patch -> XP-X	003  96:CumbiaMx	
Roland	SR-JV80-18 World Collection Latin	Patch -> XP-X	004  96:CmbJamin	
Roland	SR-JV80-18 World Collection Latin	Patch -> XP-X	005 116:MarichMx	
Roland	SR-JV80-18 World Collection Latin	Patch -> XP-X	006 116:MrichSea	
Roland	SR-JV80-18 World Collection Latin	Patch -> XP-X	007 100:JzLatino	
Roland	SR-JV80-18 World Collection Latin	Patch -> XP-X	008  96:Ai ai ai	
Roland	SR-JV80-18 World Collection Latin	Patch -> XP-X	009  96:Salsa Lp	
Roland	SR-JV80-18 World Collection Latin	Patch -> XP-X	010 116:Mrich Lp	
Roland	SR-JV80-18 World Collection Latin	Patch -> XP-X	011  96:CumbiaLp	
Roland	SR-JV80-18 World Collection Latin	Patch -> XP-X	012 132:Brs Beat	
Roland	SR-JV80-18 World Collection Latin	Patch -> XP-X	013 180:HeatPssn	
Roland	SR-JV80-18 World Collection Latin	Patch -> XP-X	014 192:Wet&Long	
Roland	SR-JV80-18 World Collection Latin	Patch -> XP-X	015 104:Shk/Tmbl	
Roland	SR-JV80-18 World Collection Latin	Patch -> XP-X	016 126:CubanLp1	
Roland	SR-JV80-18 World Collection Latin	Patch -> XP-X	017 132:Agg/Btl	
Roland	SR-JV80-18 World Collection Latin	Patch -> XP-X	018 104:MixedLp1	
Roland	SR-JV80-18 World Collection Latin	Patch -> XP-X	019 126:Srd/Cng	
Roland	SR-JV80-18 World Collection Latin	Patch -> XP-X	020 120:Cxa/Tmbl	
Roland	SR-JV80-18 World Collection Latin	Patch -> XP-X	021 100:CubanLp2	
Roland	SR-JV80-18 World Collection Latin	Patch -> XP-X	022  96:CongaMix	
Roland	SR-JV80-18 World Collection Latin	Patch -> XP-X	023 104:Bmb/Shr	
Roland	SR-JV80-18 World Collection Latin	Patch -> XP-X	024 108:Pndr/Btl	
Roland	SR-JV80-18 World Collection Latin	Patch -> XP-X	025 120:MixedLp2	
Roland	SR-JV80-18 World Collection Latin	Patch -> XP-X	026 180:LatinLpl	
Roland	SR-JV80-18 World Collection Latin	Patch -> XP-X	027 192:LatinLp2	
Roland	SR-JV80-18 World Collection Latin	Patch -> XP-X	028  88:CongaLp1	
Roland	SR-JV80-18 World Collection Latin	Patch -> XP-X	029  96:Cng3/4 1	
Roland	SR-JV80-18 World Collection Latin	Patch -> XP-X	030  96:Cng3/4 2	
Roland	SR-JV80-18 World Collection Latin	Patch -> XP-X	031 104:CongaLp2	
Roland	SR-JV80-18 World Collection Latin	Patch -> XP-X	032 120:CongaLp3	
Roland	SR-JV80-18 World Collection Latin	Patch -> XP-X	033 138:CongaLp4	
Roland	SR-JV80-18 World Collection Latin	Patch -> XP-X	034 144:CongaLp5	
Roland	SR-JV80-18 World Collection Latin	Patch -> XP-X	035 160:CongaLp6	
Roland	SR-JV80-18 World Collection Latin	Patch -> XP-X	036 168:CongaLp7	
Roland	SR-JV80-18 World Collection Latin	Patch -> XP-X	037 100:TmblsLp1	
Roland	SR-JV80-18 World Collection Latin	Patch -> XP-X	038 120:TmblsLp2	
Roland	SR-JV80-18 World Collection Latin	Patch -> XP-X	039 132:TmblsLp3	
Roland	SR-JV80-18 World Collection Latin	Patch -> XP-X	040 132:TmblsLp4	
Roland	SR-JV80-18 World Collection Latin	Patch -> XP-X	041 104:ShekerLp	
Roland	SR-JV80-18 World Collection Latin	Patch -> XP-X	042  80:PandlLp1	
Roland	SR-JV80-18 World Collection Latin	Patch -> XP-X	043 108:PandlLp2	
Roland	SR-JV80-18 World Collection Latin	Patch -> XP-X	044 138:PandlLp3	
Roland	SR-JV80-18 World Collection Latin	Patch -> XP-X	045 132:Agogo Lp	
Roland	SR-JV80-18 World Collection Latin	Patch -> XP-X	046 132:BottleLp	
Roland	SR-JV80-18 World Collection Latin	Patch -> XP-X	047 104:Bombo Lp	
Roland	SR-JV80-18 World Collection Latin	Patch -> XP-X	048 108:SurdoLp1	
Roland	SR-JV80-18 World Collection Latin	Patch -> XP-X	049 126:SurdoLp2	
Roland	SR-JV80-18 World Collection Latin	Patch -> XP-X	050 138:Caixa Lp	
Roland	SR-JV80-18 World Collection Latin	Patch -> XP-X	051 132:TambrmLp	
Roland	SR-JV80-18 World Collection Latin	Patch -> XP-X	052 108:RepnqLp1	
Roland	SR-JV80-18 World Collection Latin	Patch -> XP-X	053 144:RepnqLp2	
Roland	SR-JV80-18 World Collection Latin	Patch -> XP-X	054 Join us!	
Roland	SR-JV80-18 World Collection Latin	Patch -> XP-X	055 1,2,3,4!	
Roland	SR-JV80-18 World Collection Latin	Patch -> XP-X	056 1,2,3,4! FX	
Roland	SR-JV80-18 World Collection Latin	Patch -> XP-X	057 Voices	
Roland	SR-JV80-18 World Collection Latin	Patch -> XP-X	058 Sabor!	
Roland	SR-JV80-18 World Collection Latin	Patch -> XP-X	059 Voice Menu 1	
Roland	SR-JV80-18 World Collection Latin	Patch -> XP-X	060 Voice Menu 2	
Roland	SR-JV80-18 World Collection Latin	Patch -> XP-X	061 Split This!	
Roland	SR-JV80-18 World Collection Latin	Patch -> XP-X	062 SpaghetSplit	
Roland	SR-JV80-18 World Collection Latin	Patch -> XP-X	063 Latin Tp Vsw	
Roland	SR-JV80-18 World Collection Latin	Patch -> XP-X	064 Ltn SoloTp 1	
Roland	SR-JV80-18 World Collection Latin	Patch -> XP-X	065 Ltn SoloTp 2	
Roland	SR-JV80-18 World Collection Latin	Patch -> XP-X	066 Ltn SoloTp 3	
Roland	SR-JV80-18 World Collection Latin	Patch -> XP-X	067 Romantic Tp	
Roland	SR-JV80-18 World Collection Latin	Patch -> XP-X	068 Sad Trumpet	
Roland	SR-JV80-18 World Collection Latin	Patch -> XP-X	069 MariachiTp 1	
Roland	SR-JV80-18 World Collection Latin	Patch -> XP-X	070 MariachiTp 2	
Roland	SR-JV80-18 World Collection Latin	Patch -> XP-X	071 Mari/ShakeTp	
Roland	SR-JV80-18 World Collection Latin	Patch -> XP-X	072 Tpt Surprise	
Roland	SR-JV80-18 World Collection Latin	Patch -> XP-X	073 Tpt Shake	
Roland	SR-JV80-18 World Collection Latin	Patch -> XP-X	074 Shakin' Blat	
Roland	SR-JV80-18 World Collection Latin	Patch -> XP-X	075 Ltn Tp Sect1	
Roland	SR-JV80-18 World Collection Latin	Patch -> XP-X	076 Ltn Tp Sect2	
Roland	SR-JV80-18 World Collection Latin	Patch -> XP-X	077 Romantic Brs	
Roland	SR-JV80-18 World Collection Latin	Patch -> XP-X	078 SeasickTrmps	
Roland	SR-JV80-18 World Collection Latin	Patch -> XP-X	079 MoodyTrumpts	
Roland	SR-JV80-18 World Collection Latin	Patch -> XP-X	080 CommonTrumps	
Roland	SR-JV80-18 World Collection Latin	Patch -> XP-X	081 Ltn Trumpets	
Roland	SR-JV80-18 World Collection Latin	Patch -> XP-X	082 Trumpeteer	
Roland	SR-JV80-18 World Collection Latin	Patch -> XP-X	083 Atmo Trumpet	
Roland	SR-JV80-18 World Collection Latin	Patch -> XP-X	084 Rude	
Roland	SR-JV80-18 World Collection Latin	Patch -> XP-X	085 Mute Tp 1	
Roland	SR-JV80-18 World Collection Latin	Patch -> XP-X	086 Mute Too	
Roland	SR-JV80-18 World Collection Latin	Patch -> XP-X	087 Mute Tp 2	
Roland	SR-JV80-18 World Collection Latin	Patch -> XP-X	088 Mute/Growl	
Roland	SR-JV80-18 World Collection Latin	Patch -> XP-X	089 Trombone Vsw	
Roland	SR-JV80-18 World Collection Latin	Patch -> XP-X	090 Lonley Tbone	
Roland	SR-JV80-18 World Collection Latin	Patch -> XP-X	091 Tromantic	
Roland	SR-JV80-18 World Collection Latin	Patch -> XP-X	092 Trombone Alt	
Roland	SR-JV80-18 World Collection Latin	Patch -> XP-X	093 Solo Tromb	
Roland	SR-JV80-18 World Collection Latin	Patch -> XP-X	094 Acc Trombone	
Roland	SR-JV80-18 World Collection Latin	Patch -> XP-X	095 Full Trombz	
Roland	SR-JV80-18 World Collection Latin	Patch -> XP-X	096 2T BS fff	
Roland	SR-JV80-18 World Collection Latin	Patch -> XP-X	097 Fat Bones	
Roland	SR-JV80-18 World Collection Latin	Patch -> XP-X	098 Trombones 2	
Roland	SR-JV80-18 World Collection Latin	Patch -> XP-X	099 Trombone Ens	
Roland	SR-JV80-18 World Collection Latin	Patch -> XP-X	100 Tromb Stabs	
Roland	SR-JV80-18 World Collection Latin	Patch -> XP-X	101 Bone Section	
Roland	SR-JV80-18 World Collection Latin	Patch -> XP-X	102 Stereo Brass	
Roland	SR-JV80-18 World Collection Latin	Patch -> XP-X	103 Ballad Tp	
Roland	SR-JV80-18 World Collection Latin	Patch -> XP-X	104 Bullfight	
Roland	SR-JV80-18 World Collection Latin	Patch -> XP-X	105 Tp&Sax Sect2	
Roland	SR-JV80-18 World Collection Latin	Patch -> XP-X	106 Awards Night	
Roland	SR-JV80-18 World Collection Latin	Patch -> XP-X	107 Brass Ole!	
Roland	SR-JV80-18 World Collection Latin	Patch -> XP-X	108 Brass Melody	
Roland	SR-JV80-18 World Collection Latin	Patch -> XP-X	109 Tp&Tbn Sect.	
Roland	SR-JV80-18 World Collection Latin	Patch -> XP-X	110 St.Ltn BRSSct	
Roland	SR-JV80-18 World Collection Latin	Patch -> XP-X	111 Fat Brass!	
Roland	SR-JV80-18 World Collection Latin	Patch -> XP-X	112 2Tp+Tbn	
Roland	SR-JV80-18 World Collection Latin	Patch -> XP-X	113 2Tp+TbAltTnr	
Roland	SR-JV80-18 World Collection Latin	Patch -> XP-X	114 Muchas Brass	
Roland	SR-JV80-18 World Collection Latin	Patch -> XP-X	115 Trump&Bones	
Roland	SR-JV80-18 World Collection Latin	Patch -> XP-X	116 Miami Brass	
Roland	SR-JV80-18 World Collection Latin	Patch -> XP-X	117 TV Special	
Roland	SR-JV80-18 World Collection Latin	Patch -> XP-X	118 CelestialBrs	
Roland	SR-JV80-18 World Collection Latin	Patch -> XP-X	119 Risin' Brass	
Roland	SR-JV80-18 World Collection Latin	Patch -> XP-X	120 RealStaccato	
Roland	SR-JV80-18 World Collection Latin	Patch -> XP-X	121 Sect Stact	
Roland	SR-JV80-18 World Collection Latin	Patch -> XP-X	122 BrsSect Stac	
Roland	SR-JV80-18 World Collection Latin	Patch -> XP-X	123 Section/Fall	
Roland	SR-JV80-18 World Collection Latin	Patch -> XP-X	124 SforzaFall	
Roland	SR-JV80-18 World Collection Latin	Patch -> XP-X	125 Brasso	
Roland	SR-JV80-18 World Collection Latin	Patch -> XP-X	126 Brass Fall 4	
Roland	SR-JV80-18 World Collection Latin	Patch -> XP-X	127 Blat!!!	
Roland	SR-JV80-18 World Collection Latin	Patch -> XP-X	128 Splat!!!	
Roland	SR-JV80-18 World Collection Latin	Patch -> XP-X	129 Brass Chords	
Roland	SR-JV80-18 World Collection Latin	Patch -> XP-X	130 BrsChrd 13th	
Roland	SR-JV80-18 World Collection Latin	Patch -> XP-X	131 BrsChrd m9th	
Roland	SR-JV80-18 World Collection Latin	Patch -> XP-X	132 BrsChrd Mj9	
Roland	SR-JV80-18 World Collection Latin	Patch -> XP-X	133 Copa	
Roland	SR-JV80-18 World Collection Latin	Patch -> XP-X	134 Vegas	
Roland	SR-JV80-18 World Collection Latin	Patch -> XP-X	135 Solo Tuba	
Roland	SR-JV80-18 World Collection Latin	Patch -> XP-X	136 Latin Tuba	
Roland	SR-JV80-18 World Collection Latin	Patch -> XP-X	137 The Tuba	
Roland	SR-JV80-18 World Collection Latin	Patch -> XP-X	138 LatinAltoSax	
Roland	SR-JV80-18 World Collection Latin	Patch -> XP-X	139 Latin TnrSax	
Roland	SR-JV80-18 World Collection Latin	Patch -> XP-X	140 LatinBariSax	
Roland	SR-JV80-18 World Collection Latin	Patch -> XP-X	141 St.Requinto	
Roland	SR-JV80-18 World Collection Latin	Patch -> XP-X	142 RequintoGt 1	
Roland	SR-JV80-18 World Collection Latin	Patch -> XP-X	143 RequintoGt 2	
Roland	SR-JV80-18 World Collection Latin	Patch -> XP-X	144 RequintoGt 3	
Roland	SR-JV80-18 World Collection Latin	Patch -> XP-X	145 ReqintoTouch	
Roland	SR-JV80-18 World Collection Latin	Patch -> XP-X	146 Guitaro	
Roland	SR-JV80-18 World Collection Latin	Patch -> XP-X	147 AttckyReqint	
Roland	SR-JV80-18 World Collection Latin	Patch -> XP-X	148 Bright Reqs	
Roland	SR-JV80-18 World Collection Latin	Patch -> XP-X	149 Dual Reqinto	
Roland	SR-JV80-18 World Collection Latin	Patch -> XP-X	150 Two Guitars	
Roland	SR-JV80-18 World Collection Latin	Patch -> XP-X	151 Latin bro's	
Roland	SR-JV80-18 World Collection Latin	Patch -> XP-X	152 Nylon Snap!	
Roland	SR-JV80-18 World Collection Latin	Patch -> XP-X	153 Latin Nylon1	
Roland	SR-JV80-18 World Collection Latin	Patch -> XP-X	154 Latin Nylon2	
Roland	SR-JV80-18 World Collection Latin	Patch -> XP-X	155 Nylon Pullup	
Roland	SR-JV80-18 World Collection Latin	Patch -> XP-X	156 Gipsy Man	
Roland	SR-JV80-18 World Collection Latin	Patch -> XP-X	157 Nylon & Harm	
Roland	SR-JV80-18 World Collection Latin	Patch -> XP-X	158 Reqinto Str	
Roland	SR-JV80-18 World Collection Latin	Patch -> XP-X	159 Sad Latino	
Roland	SR-JV80-18 World Collection Latin	Patch -> XP-X	160 Gtr Strings2	
Roland	SR-JV80-18 World Collection Latin	Patch -> XP-X	161 Gtr Dreams	
Roland	SR-JV80-18 World Collection Latin	Patch -> XP-X	162 Andean Belt1	
Roland	SR-JV80-18 World Collection Latin	Patch -> XP-X	163 Andean Belt2	
Roland	SR-JV80-18 World Collection Latin	Patch -> XP-X	164 Gtr Strum 1	
Roland	SR-JV80-18 World Collection Latin	Patch -> XP-X	165 Gtr Strum 2	
Roland	SR-JV80-18 World Collection Latin	Patch -> XP-X	166 Arppeggiota	
Roland	SR-JV80-18 World Collection Latin	Patch -> XP-X	167 AirFlamenco	
Roland	SR-JV80-18 World Collection Latin	Patch -> XP-X	168 Amigo Bass	
Roland	SR-JV80-18 World Collection Latin	Patch -> XP-X	169 Latin Bass	
Roland	SR-JV80-18 World Collection Latin	Patch -> XP-X	170 Sensible Bs	
Roland	SR-JV80-18 World Collection Latin	Patch -> XP-X	171 Baby Bass 1	
Roland	SR-JV80-18 World Collection Latin	Patch -> XP-X	172 Baby Bass 2	
Roland	SR-JV80-18 World Collection Latin	Patch -> XP-X	173 FX'd Bass	
Roland	SR-JV80-18 World Collection Latin	Patch -> XP-X	174 Guitarron Bs	
Roland	SR-JV80-18 World Collection Latin	Patch -> XP-X	175 Guitarron 1	
Roland	SR-JV80-18 World Collection Latin	Patch -> XP-X	176 Guitarron 2	
Roland	SR-JV80-18 World Collection Latin	Patch -> XP-X	177 Octavon Bass	
Roland	SR-JV80-18 World Collection Latin	Patch -> XP-X	178 Gtrrn Oct 1	
Roland	SR-JV80-18 World Collection Latin	Patch -> XP-X	179 Gtrrn Oct 2	
Roland	SR-JV80-18 World Collection Latin	Patch -> XP-X	180 Gtrrn Oct 3	
Roland	SR-JV80-18 World Collection Latin	Patch -> XP-X	181 Ambi Bass	
Roland	SR-JV80-18 World Collection Latin	Patch -> XP-X	182 SlapbackBass	
Roland	SR-JV80-18 World Collection Latin	Patch -> XP-X	183 Stars	
Roland	SR-JV80-18 World Collection Latin	Patch -> XP-X	184 St.Accord Op	
Roland	SR-JV80-18 World Collection Latin	Patch -> XP-X	185 Accordion Op	
Roland	SR-JV80-18 World Collection Latin	Patch -> XP-X	186 Accord ff Op	
Roland	SR-JV80-18 World Collection Latin	Patch -> XP-X	187 St.Accord Cl	
Roland	SR-JV80-18 World Collection Latin	Patch -> XP-X	188 Accordion Cl	
Roland	SR-JV80-18 World Collection Latin	Patch -> XP-X	189 Accordian 4	
Roland	SR-JV80-18 World Collection Latin	Patch -> XP-X	190 Accordian 5	
Roland	SR-JV80-18 World Collection Latin	Patch -> XP-X	191 Squeezers	
Roland	SR-JV80-18 World Collection Latin	Patch -> XP-X	192 2 Acdn Split	
Roland	SR-JV80-18 World Collection Latin	Patch -> XP-X	193 Minstrel Jig	
Roland	SR-JV80-18 World Collection Latin	Patch -> XP-X	194 St.Musette	
Roland	SR-JV80-18 World Collection Latin	Patch -> XP-X	195 Musette	
Roland	SR-JV80-18 World Collection Latin	Patch -> XP-X	196 Violin Solo	
Roland	SR-JV80-18 World Collection Latin	Patch -> XP-X	197 Sad Bowman	
Roland	SR-JV80-18 World Collection Latin	Patch -> XP-X	198 Fiddler On..	
Roland	SR-JV80-18 World Collection Latin	Patch -> XP-X	199 SmallStrSect	
Roland	SR-JV80-18 World Collection Latin	Patch -> XP-X	200 LatinStrings	
Roland	SR-JV80-18 World Collection Latin	Patch -> XP-X	201 LatnStrngEns	
Roland	SR-JV80-18 World Collection Latin	Patch -> XP-X	202 LatinHybStr	
Roland	SR-JV80-18 World Collection Latin	Patch -> XP-X	203 SalsaPiano 1	
Roland	SR-JV80-18 World Collection Latin	Patch -> XP-X	204 SalsaPiano 2	
Roland	SR-JV80-18 World Collection Latin	Patch -> XP-X	205 NylonEPiano2	
Roland	SR-JV80-18 World Collection Latin	Patch -> XP-X	206 Pizza Rhodes	
Roland	SR-JV80-18 World Collection Latin	Patch -> XP-X	207 Siesta Pad	
Roland	SR-JV80-18 World Collection Latin	Patch -> XP-X	208 WhistlersHum	
Roland	SR-JV80-18 World Collection Latin	Patch -> XP-X	209 Sprach Brass	
Roland	SR-JV80-18 World Collection Latin	Patch -> XP-X	210 CelestialAcc	
Roland	SR-JV80-18 World Collection Latin	Patch -> XP-X	211 Romance Step	
Roland	SR-JV80-18 World Collection Latin	Patch -> XP-X	212 Mystery Brass	
Roland	SR-JV80-18 World Collection Latin	Patch -> XP-X	213 Round&Round	
Roland	SR-JV80-18 World Collection Latin	Patch -> XP-X	214 RhythmSlave	
Roland	SR-JV80-18 World Collection Latin	Patch -> XP-X	215 FilterPerc	
Roland	SR-JV80-18 World Collection Latin	Patch -> XP-X	216 Warp 1	
Roland	SR-JV80-18 World Collection Latin	Patch -> XP-X	217 Dawn	
Roland	SR-JV80-18 World Collection Latin	Patch -> XP-X	218 Rachet	
Roland	SR-JV80-18 World Collection Latin	Patch -> XP-X	219 Slice	
Roland	SR-JV80-18 World Collection Latin	Patch -> XP-X	220 Mr.Worm	
Roland	SR-JV80-18 World Collection Latin	Patch -> XP-X	221 Perco Loco!	
Roland	SR-JV80-18 World Collection Latin	Patch -> XP-X	222 Gabby	
Roland	SR-JV80-18 World Collection Latin	Patch -> XP-X	223 Annoying	
Roland	SR-JV80-18 World Collection Latin	Patch -> XP-X	224 Cry	
Roland	SR-JV80-18 World Collection Latin	Patch -> XP-X	225 Caw	
Roland	SR-JV80-18 World Collection Latin	Patch -> XP-X	226 126:SnakeDnc	
Roland	SR-JV80-18 World Collection Latin	Patch -> XP-X	227 FactoryBeat	
Roland	SR-JV80-18 World Collection Latin	Patch -> XP-X	228 BongoFury	
Roland	SR-JV80-18 World Collection Latin	Patch -> XP-X	229 160:Cantina	
Roland	SR-JV80-18 World Collection Latin	Patch -> XP-X	230 132:Gizmo	
Roland	SR-JV80-18 World Collection Latin	Patch -> XP-X	231 132:BellSong	
Roland	SR-JV80-18 World Collection Latin	Patch -> XP-X	232 152:Sensuall	
Roland	SR-JV80-18 World Collection Latin	Patch -> XP-X	233 178:Sensual2	
Roland	SR-JV80-18 World Collection Latin	Patch -> XP-X	234 IncaIndustrl	
Roland	SR-JV80-18 World Collection Latin	Patch -> XP-X	235 Warp 2	
Roland	SR-JV80-18 World Collection Latin	Patch -> XP-X	236 Thirst	
Roland	SR-JV80-18 World Collection Latin	Patch -> XP-X	237 116:NightB4	
Roland	SR-JV80-18 World Collection Latin	Patch -> XP-X	238 Bass Surdo	
Roland	SR-JV80-18 World Collection Latin	Patch -> XP-X	239 SurdoSpecial	
Roland	SR-JV80-18 World Collection Latin	Patch -> XP-X	240 AmbientDrums	
Roland	SR-JV80-18 World Collection Latin	Patch -> XP-X	241 MexiPopcorn	
Roland	SR-JV80-18 World Collection Latin	Patch -> XP-X	242 Velo & Split	
Roland	SR-JV80-18 World Collection Latin	Patch -> XP-X	243 Conga Split	
Roland	SR-JV80-18 World Collection Latin	Patch -> XP-X	244 CowBl Split	
Roland	SR-JV80-18 World Collection Latin	Patch -> XP-X	245 LatinPre Vsw	
Roland	SR-JV80-18 World Collection Latin	Patch -> XP-X	246 PitchdTimbls	
Roland	SR-JV80-18 World Collection Latin	Patch -> XP-X	247 Bongo Split	
Roland	SR-JV80-18 World Collection Latin	Patch -> XP-X	248 Timbal Split	
Roland	SR-JV80-18 World Collection Latin	Patch -> XP-X	249 Sd+Cx Split	
Roland	SR-JV80-18 World Collection Latin	Patch -> XP-X	250 Rp+Bl Split	
Roland	SR-JV80-18 World Collection Latin	Patch -> XP-X	251 Tm+Cb Split	
Roland	SR-JV80-18 World Collection Latin	Patch -> XP-X	252 Pandr Split	
Roland	SR-JV80-18 World Collection Latin	Patch -> XP-X	253 Conga&Repinq	
Roland	SR-JV80-18 World Collection Latin	Patch -> XP-X	254 Timbale/Srdo	
Roland	SR-JV80-18 World Collection Latin	Patch -> XP-X	255 Muchas Percs	
Roland	SR-JV80-18 World Collection Latin	Patch -> XP-X	256 Otro's Percs	
Roland	SR-JV80-18 World Collection Latin	Rhythm -> XP-X	001 LatinSet1	
Roland	SR-JV80-18 World Collection Latin	Rhythm -> XP-X	002 LatinSet2	
Roland	SR-JV80-18 World Collection Latin	Rhythm -> XP-X	003 LatinPopSet1	
Roland	SR-JV80-18 World Collection Latin	Rhythm -> XP-X	004 LatinPopSet2	
Roland	SR-JV80-18 World Collection Latin	Rhythm -> XP-X	005 GM Latin	
Roland	SR-JV80-18 World Collection Latin	Rhythm -> XP-X	006 BrazilianPrc	
Roland	SR-JV80-18 World Collection Latin	Rhythm -> XP-X	007 Cuban Perc.	
Roland	SR-JV80-18 World Collection Latin	Rhythm -> XP-X	008 Bongo Conga	
Roland	SR-JV80-18 World Collection Latin	Waveform -> XP-X	001 Trumpets f A	
Roland	SR-JV80-18 World Collection Latin	Waveform -> XP-X	002 Trumpets f B	
Roland	SR-JV80-18 World Collection Latin	Waveform -> XP-X	003 Trumpets f C	
Roland	SR-JV80-18 World Collection Latin	Waveform -> XP-X	004 Tp Ambient A	
Roland	SR-JV80-18 World Collection Latin	Waveform -> XP-X	005 Tp Ambient B	
Roland	SR-JV80-18 World Collection Latin	Waveform -> XP-X	006 Tp Ambient C	
Roland	SR-JV80-18 World Collection Latin	Waveform -> XP-X	007 SoloTp Vib1A	
Roland	SR-JV80-18 World Collection Latin	Waveform -> XP-X	008 SoloTp Vib1B	
Roland	SR-JV80-18 World Collection Latin	Waveform -> XP-X	009 SoloTp Vib1C	
Roland	SR-JV80-18 World Collection Latin	Waveform -> XP-X	010 SoloTp Vib2A	
Roland	SR-JV80-18 World Collection Latin	Waveform -> XP-X	011 SoloTp Vib2B	
Roland	SR-JV80-18 World Collection Latin	Waveform -> XP-X	012 SoloTp Vib2C	
Roland	SR-JV80-18 World Collection Latin	Waveform -> XP-X	013 Tp RomanticA	
Roland	SR-JV80-18 World Collection Latin	Waveform -> XP-X	014 Tp RomanticB	
Roland	SR-JV80-18 World Collection Latin	Waveform -> XP-X	015 Tp RomanticC	
Roland	SR-JV80-18 World Collection Latin	Waveform -> XP-X	016 Tp Vib MariA	
Roland	SR-JV80-18 World Collection Latin	Waveform -> XP-X	017 Tp Vib MariB	
Roland	SR-JV80-18 World Collection Latin	Waveform -> XP-X	018 Tp Vib MariC	
Roland	SR-JV80-18 World Collection Latin	Waveform -> XP-X	019 Tp Shake A	
Roland	SR-JV80-18 World Collection Latin	Waveform -> XP-X	020 Tp Shake B	
Roland	SR-JV80-18 World Collection Latin	Waveform -> XP-X	021 Tp Shake C	
Roland	SR-JV80-18 World Collection Latin	Waveform -> XP-X	022 Tp Grrwah A	
Roland	SR-JV80-18 World Collection Latin	Waveform -> XP-X	023 Tp Grrwah B	
Roland	SR-JV80-18 World Collection Latin	Waveform -> XP-X	024 Tp Grrwah C	
Roland	SR-JV80-18 World Collection Latin	Waveform -> XP-X	025 MuteTp 2 A	
Roland	SR-JV80-18 World Collection Latin	Waveform -> XP-X	026 MuteTp 2 B	
Roland	SR-JV80-18 World Collection Latin	Waveform -> XP-X	027 MuteTp 2 C	
Roland	SR-JV80-18 World Collection Latin	Waveform -> XP-X	028 Tbns ff A	
Roland	SR-JV80-18 World Collection Latin	Waveform -> XP-X	029 Tbns ff B	
Roland	SR-JV80-18 World Collection Latin	Waveform -> XP-X	030 Tbns ff C	
Roland	SR-JV80-18 World Collection Latin	Waveform -> XP-X	031 Fat Tbns A	
Roland	SR-JV80-18 World Collection Latin	Waveform -> XP-X	032 Fat Tbns B	
Roland	SR-JV80-18 World Collection Latin	Waveform -> XP-X	033 Fat Tbns C	
Roland	SR-JV80-18 World Collection Latin	Waveform -> XP-X	034 Tbn Accent A	
Roland	SR-JV80-18 World Collection Latin	Waveform -> XP-X	035 Tbn Accent B	
Roland	SR-JV80-18 World Collection Latin	Waveform -> XP-X	036 Tbn Accent C	
Roland	SR-JV80-18 World Collection Latin	Waveform -> XP-X	037 Trombone3mfA	
Roland	SR-JV80-18 World Collection Latin	Waveform -> XP-X	038 Trombone3mfB	
Roland	SR-JV80-18 World Collection Latin	Waveform -> XP-X	039 Trombone3mfC	
Roland	SR-JV80-18 World Collection Latin	Waveform -> XP-X	040 Trombone3 fA	
Roland	SR-JV80-18 World Collection Latin	Waveform -> XP-X	041 Trombone3 fB	
Roland	SR-JV80-18 World Collection Latin	Waveform -> XP-X	042 Trombone3 fC	
Roland	SR-JV80-18 World Collection Latin	Waveform -> XP-X	043 Tbn Alto A	
Roland	SR-JV80-18 World Collection Latin	Waveform -> XP-X	044 Tbn Alto B	
Roland	SR-JV80-18 World Collection Latin	Waveform -> XP-X	045 Tbn Alto C	
Roland	SR-JV80-18 World Collection Latin	Waveform -> XP-X	046 2Tp+Tbn A	
Roland	SR-JV80-18 World Collection Latin	Waveform -> XP-X	047 2Tp+Tbn B	
Roland	SR-JV80-18 World Collection Latin	Waveform -> XP-X	048 2Tp+Tbn C	
Roland	SR-JV80-18 World Collection Latin	Waveform -> XP-X	049 2Tp+TbAltTnA	
Roland	SR-JV80-18 World Collection Latin	Waveform -> XP-X	050 2Tp+TbAltTnB	
Roland	SR-JV80-18 World Collection Latin	Waveform -> XP-X	051 2Tp+TbAltTnC	
Roland	SR-JV80-18 World Collection Latin	Waveform -> XP-X	052 Sect Fall A	
Roland	SR-JV80-18 World Collection Latin	Waveform -> XP-X	053 Sect Fall B	
Roland	SR-JV80-18 World Collection Latin	Waveform -> XP-X	054 Sect Fall C	
Roland	SR-JV80-18 World Collection Latin	Waveform -> XP-X	055 Sect Stact A	
Roland	SR-JV80-18 World Collection Latin	Waveform -> XP-X	056 Sect Stact B	
Roland	SR-JV80-18 World Collection Latin	Waveform -> XP-X	057 Sect Stact C	
Roland	SR-JV80-18 World Collection Latin	Waveform -> XP-X	058 SectChd 13th	
Roland	SR-JV80-18 World Collection Latin	Waveform -> XP-X	059 SectChd m9	
Roland	SR-JV80-18 World Collection Latin	Waveform -> XP-X	060 SectChd Mj9	
Roland	SR-JV80-18 World Collection Latin	Waveform -> XP-X	061 Tuba f A	
Roland	SR-JV80-18 World Collection Latin	Waveform -> XP-X	062 Tuba f B	
Roland	SR-JV80-18 World Collection Latin	Waveform -> XP-X	063 Tuba f C	
Roland	SR-JV80-18 World Collection Latin	Waveform -> XP-X	064 RequintoGtrA	
Roland	SR-JV80-18 World Collection Latin	Waveform -> XP-X	065 RequintoGtrB	
Roland	SR-JV80-18 World Collection Latin	Waveform -> XP-X	066 RequintoGtrC	
Roland	SR-JV80-18 World Collection Latin	Waveform -> XP-X	067 Nylon Gtr 3A	
Roland	SR-JV80-18 World Collection Latin	Waveform -> XP-X	068 Nylon Gtr 3B	
Roland	SR-JV80-18 World Collection Latin	Waveform -> XP-X	069 Nylon Gtr 3C	
Roland	SR-JV80-18 World Collection Latin	Waveform -> XP-X	070 Gtr Strum 1	
Roland	SR-JV80-18 World Collection Latin	Waveform -> XP-X	071 Gtr Strum 2	
Roland	SR-JV80-18 World Collection Latin	Waveform -> XP-X	072 Nyln GtrNz 1	
Roland	SR-JV80-18 World Collection Latin	Waveform -> XP-X	073 Nyln GtrNz 2	
Roland	SR-JV80-18 World Collection Latin	Waveform -> XP-X	074 Baby Bass ff	
Roland	SR-JV80-18 World Collection Latin	Waveform -> XP-X	075 Baby Bass Nz	
Roland	SR-JV80-18 World Collection Latin	Waveform -> XP-X	076 Guitarron	
Roland	SR-JV80-18 World Collection Latin	Waveform -> XP-X	077 GuitarronOct	
Roland	SR-JV80-18 World Collection Latin	Waveform -> XP-X	078 Guitarron Nz	
Roland	SR-JV80-18 World Collection Latin	Waveform -> XP-X	079 Accrd ff OpA	
Roland	SR-JV80-18 World Collection Latin	Waveform -> XP-X	080 Accrd ff OpB	
Roland	SR-JV80-18 World Collection Latin	Waveform -> XP-X	081 Accrd ff OpC	
Roland	SR-JV80-18 World Collection Latin	Waveform -> XP-X	082 Accrd Cls A	
Roland	SR-JV80-18 World Collection Latin	Waveform -> XP-X	083 Accrd Cls B	
Roland	SR-JV80-18 World Collection Latin	Waveform -> XP-X	084 Accrd Cls C	
Roland	SR-JV80-18 World Collection Latin	Waveform -> XP-X	085 Musette 4 A	
Roland	SR-JV80-18 World Collection Latin	Waveform -> XP-X	086 Musette 4 B	
Roland	SR-JV80-18 World Collection Latin	Waveform -> XP-X	087 Musette 4 C	
Roland	SR-JV80-18 World Collection Latin	Waveform -> XP-X	088 Violin 2 A	
Roland	SR-JV80-18 World Collection Latin	Waveform -> XP-X	089 Violin 2 B	
Roland	SR-JV80-18 World Collection Latin	Waveform -> XP-X	090 Violin 2 C	
Roland	SR-JV80-18 World Collection Latin	Waveform -> XP-X	091 Voice Menu 1	
Roland	SR-JV80-18 World Collection Latin	Waveform -> XP-X	092 Sabor!	
Roland	SR-JV80-18 World Collection Latin	Waveform -> XP-X	093 Arriba!	
Roland	SR-JV80-18 World Collection Latin	Waveform -> XP-X	094 Ole!	
Roland	SR-JV80-18 World Collection Latin	Waveform -> XP-X	095 Uno!	
Roland	SR-JV80-18 World Collection Latin	Waveform -> XP-X	096 Dos!	
Roland	SR-JV80-18 World Collection Latin	Waveform -> XP-X	097 Tres!	
Roland	SR-JV80-18 World Collection Latin	Waveform -> XP-X	098 Quatro!	
Roland	SR-JV80-18 World Collection Latin	Waveform -> XP-X	099 Grito-Hahaha	
Roland	SR-JV80-18 World Collection Latin	Waveform -> XP-X	100 Grito-Ahaha!	
Roland	SR-JV80-18 World Collection Latin	Waveform -> XP-X	101 Grito-Haahai	
Roland	SR-JV80-18 World Collection Latin	Waveform -> XP-X	102 Grito-Rrrrr!	
Roland	SR-JV80-18 World Collection Latin	Waveform -> XP-X	103 Voice Menu 2	
Roland	SR-JV80-18 World Collection Latin	Waveform -> XP-X	104 Tiquitito!	
Roland	SR-JV80-18 World Collection Latin	Waveform -> XP-X	105 Grito-Oa Oa!	
Roland	SR-JV80-18 World Collection Latin	Waveform -> XP-X	106 Grito-Eh Eh!	
Roland	SR-JV80-18 World Collection Latin	Waveform -> XP-X	107 Ama ya ahi!	
Roland	SR-JV80-18 World Collection Latin	Waveform -> XP-X	108 Fuego!	
Roland	SR-JV80-18 World Collection Latin	Waveform -> XP-X	109 Bongo Menu	
Roland	SR-JV80-18 World Collection Latin	Waveform -> XP-X	110 Bongo LoOp f	
Roland	SR-JV80-18 World Collection Latin	Waveform -> XP-X	111 Bongo Lo Hrd	
Roland	SR-JV80-18 World Collection Latin	Waveform -> XP-X	112 Bongo Lo Sft	
Roland	SR-JV80-18 World Collection Latin	Waveform -> XP-X	113 Bongo LoOpmf	
Roland	SR-JV80-18 World Collection Latin	Waveform -> XP-X	114 Bongo LoSlap	
Roland	SR-JV80-18 World Collection Latin	Waveform -> XP-X	115 Bongo Hi Hrd	
Roland	SR-JV80-18 World Collection Latin	Waveform -> XP-X	116 Bongo HiOp f	
Roland	SR-JV80-18 World Collection Latin	Waveform -> XP-X	117 BongoHiSlap1	
Roland	SR-JV80-18 World Collection Latin	Waveform -> XP-X	118 BongoHiSlap2	
Roland	SR-JV80-18 World Collection Latin	Waveform -> XP-X	119 Conga Menu	
Roland	SR-JV80-18 World Collection Latin	Waveform -> XP-X	120 CongaLoOp f	
Roland	SR-JV80-18 World Collection Latin	Waveform -> XP-X	121 CongaLoOp mf	
Roland	SR-JV80-18 World Collection Latin	Waveform -> XP-X	122 Conga Lo Mt	
Roland	SR-JV80-18 World Collection Latin	Waveform -> XP-X	123 Conga Slap	
Roland	SR-JV80-18 World Collection Latin	Waveform -> XP-X	124 Conga Hi Op	
Roland	SR-JV80-18 World Collection Latin	Waveform -> XP-X	125 Conga Hi Mt	
Roland	SR-JV80-18 World Collection Latin	Waveform -> XP-X	126 Conga Thumb	
Roland	SR-JV80-18 World Collection Latin	Waveform -> XP-X	127 Conga Link	
Roland	SR-JV80-18 World Collection Latin	Waveform -> XP-X	128 Conga Roll	
Roland	SR-JV80-18 World Collection Latin	Waveform -> XP-X	129 TimbalesMenu	
Roland	SR-JV80-18 World Collection Latin	Waveform -> XP-X	130 Timbles LoOp	
Roland	SR-JV80-18 World Collection Latin	Waveform -> XP-X	131 Timbles LoMt	
Roland	SR-JV80-18 World Collection Latin	Waveform -> XP-X	132 Timbles HiOp	
Roland	SR-JV80-18 World Collection Latin	Waveform -> XP-X	133 Timbles HiMt	
Roland	SR-JV80-18 World Collection Latin	Waveform -> XP-X	134 TimbalesHand	
Roland	SR-JV80-18 World Collection Latin	Waveform -> XP-X	135 Timbales Rim	
Roland	SR-JV80-18 World Collection Latin	Waveform -> XP-X	136 TmbSideStick	
Roland	SR-JV80-18 World Collection Latin	Waveform -> XP-X	137 TimbalesFil1	
Roland	SR-JV80-18 World Collection Latin	Waveform -> XP-X	138 TimbalesFil2	
Roland	SR-JV80-18 World Collection Latin	Waveform -> XP-X	139 TimbalesFil3	
Roland	SR-JV80-18 World Collection Latin	Waveform -> XP-X	140 TimbalesFil4	
Roland	SR-JV80-18 World Collection Latin	Waveform -> XP-X	141 Clv&CucaMenu	
Roland	SR-JV80-18 World Collection Latin	Waveform -> XP-X	142 Clave!	
Roland	SR-JV80-18 World Collection Latin	Waveform -> XP-X	143 Claves Lo 2	
Roland	SR-JV80-18 World Collection Latin	Waveform -> XP-X	144 Cuica Lo 1	
Roland	SR-JV80-18 World Collection Latin	Waveform -> XP-X	145 Cuica Lo 2	
Roland	SR-JV80-18 World Collection Latin	Waveform -> XP-X	146 Cuica Hi 1	
Roland	SR-JV80-18 World Collection Latin	Waveform -> XP-X	147 Cuica Hi 2	
Roland	SR-JV80-18 World Collection Latin	Waveform -> XP-X	148 Surdo Menu	
Roland	SR-JV80-18 World Collection Latin	Waveform -> XP-X	149 Surdo Hard	
Roland	SR-JV80-18 World Collection Latin	Waveform -> XP-X	150 Surdo Open1	
Roland	SR-JV80-18 World Collection Latin	Waveform -> XP-X	151 Surdo Open2	
Roland	SR-JV80-18 World Collection Latin	Waveform -> XP-X	152 Surdo Mute2	
Roland	SR-JV80-18 World Collection Latin	Waveform -> XP-X	153 Surdo Rim 2	
Roland	SR-JV80-18 World Collection Latin	Waveform -> XP-X	154 Surdo Soft	
Roland	SR-JV80-18 World Collection Latin	Waveform -> XP-X	155 Caixa Menu	
Roland	SR-JV80-18 World Collection Latin	Waveform -> XP-X	156 Caixa Open3	
Roland	SR-JV80-18 World Collection Latin	Waveform -> XP-X	157 Caixa Mute2	
Roland	SR-JV80-18 World Collection Latin	Waveform -> XP-X	158 Caixa Roll2	
Roland	SR-JV80-18 World Collection Latin	Waveform -> XP-X	159 Caixa Rim	
Roland	SR-JV80-18 World Collection Latin	Waveform -> XP-X	160 Rpnq&RpqMenu	
Roland	SR-JV80-18 World Collection Latin	Waveform -> XP-X	161 RepiniqueHrd	
Roland	SR-JV80-18 World Collection Latin	Waveform -> XP-X	162 RepiniqueSft	
Roland	SR-JV80-18 World Collection Latin	Waveform -> XP-X	163 Repinique1	
Roland	SR-JV80-18 World Collection Latin	Waveform -> XP-X	164 Repinique2	
Roland	SR-JV80-18 World Collection Latin	Waveform -> XP-X	165 Repique Open	
Roland	SR-JV80-18 World Collection Latin	Waveform -> XP-X	166 Repique Rim	
Roland	SR-JV80-18 World Collection Latin	Waveform -> XP-X	167 Repique Roll	
Roland	SR-JV80-18 World Collection Latin	Waveform -> XP-X	168 Guiro Menu	
Roland	SR-JV80-18 World Collection Latin	Waveform -> XP-X	169 Quide Long	
Roland	SR-JV80-18 World Collection Latin	Waveform -> XP-X	170 Quide Short	
Roland	SR-JV80-18 World Collection Latin	Waveform -> XP-X	171 Guiro Long2	
Roland	SR-JV80-18 World Collection Latin	Waveform -> XP-X	172 Guiro Short2	
Roland	SR-JV80-18 World Collection Latin	Waveform -> XP-X	173 RecoRecoLng	
Roland	SR-JV80-18 World Collection Latin	Waveform -> XP-X	174 RecoRecoSht	
Roland	SR-JV80-18 World Collection Latin	Waveform -> XP-X	175 MtlGuiroLng	
Roland	SR-JV80-18 World Collection Latin	Waveform -> XP-X	176 MtlGuiroSht	
Roland	SR-JV80-18 World Collection Latin	Waveform -> XP-X	177 MrcsShkrMenu	
Roland	SR-JV80-18 World Collection Latin	Waveform -> XP-X	178 Maracas 2	
Roland	SR-JV80-18 World Collection Latin	Waveform -> XP-X	179 MaracasUpDwn	
Roland	SR-JV80-18 World Collection Latin	Waveform -> XP-X	180 Shaker Long	
Roland	SR-JV80-18 World Collection Latin	Waveform -> XP-X	181 Shaker Short	
Roland	SR-JV80-18 World Collection Latin	Waveform -> XP-X	182 CbsCxGnzMenu	
Roland	SR-JV80-18 World Collection Latin	Waveform -> XP-X	183 Real Cabasa1	
Roland	SR-JV80-18 World Collection Latin	Waveform -> XP-X	184 Real Cabasa2	
Roland	SR-JV80-18 World Collection Latin	Waveform -> XP-X	185 Cabasa Roll	
Roland	SR-JV80-18 World Collection Latin	Waveform -> XP-X	186 Caxixi	
Roland	SR-JV80-18 World Collection Latin	Waveform -> XP-X	187 Ganza Soft	
Roland	SR-JV80-18 World Collection Latin	Waveform -> XP-X	188 Ganza Hard	
Roland	SR-JV80-18 World Collection Latin	Waveform -> XP-X	189 AggoCwblMenu	
Roland	SR-JV80-18 World Collection Latin	Waveform -> XP-X	190 BongoBell Op	
Roland	SR-JV80-18 World Collection Latin	Waveform -> XP-X	191 BongoBell Mt	
Roland	SR-JV80-18 World Collection Latin	Waveform -> XP-X	192 MamboBell Op	
Roland	SR-JV80-18 World Collection Latin	Waveform -> XP-X	193 MamboBell Mt	
Roland	SR-JV80-18 World Collection Latin	Waveform -> XP-X	194 Cowbell Op 1	
Roland	SR-JV80-18 World Collection Latin	Waveform -> XP-X	195 Cowbell Mt 1	
Roland	SR-JV80-18 World Collection Latin	Waveform -> XP-X	196 Cowbell Op 2	
Roland	SR-JV80-18 World Collection Latin	Waveform -> XP-X	197 Cowbell Mt 2	
Roland	SR-JV80-18 World Collection Latin	Waveform -> XP-X	198 PandTambMenu	
Roland	SR-JV80-18 World Collection Latin	Waveform -> XP-X	199 PandeiroOpen	
Roland	SR-JV80-18 World Collection Latin	Waveform -> XP-X	200 PandeiroMute	
Roland	SR-JV80-18 World Collection Latin	Waveform -> XP-X	201 PandeiroHit	
Roland	SR-JV80-18 World Collection Latin	Waveform -> XP-X	202 PandeiroRim	
Roland	SR-JV80-18 World Collection Latin	Waveform -> XP-X	203 PandeiroCrsh	
Roland	SR-JV80-18 World Collection Latin	Waveform -> XP-X	204 PandeiroRoll	
Roland	SR-JV80-18 World Collection Latin	Waveform -> XP-X	205 TamborimOpen	
Roland	SR-JV80-18 World Collection Latin	Waveform -> XP-X	206 TamborimRim	
Roland	SR-JV80-18 World Collection Latin	Waveform -> XP-X	207 TamborimMute	
Roland	SR-JV80-18 World Collection Latin	Waveform -> XP-X	208 TamborimRoll	
Roland	SR-JV80-18 World Collection Latin	Waveform -> XP-X	209 Tambrin Hit	
Roland	SR-JV80-18 World Collection Latin	Waveform -> XP-X	210 TambrinShake	
Roland	SR-JV80-18 World Collection Latin	Waveform -> XP-X	211 Others Menu	
Roland	SR-JV80-18 World Collection Latin	Waveform -> XP-X	212 ApitoHiShort	
Roland	SR-JV80-18 World Collection Latin	Waveform -> XP-X	213 ApitoLoShort	
Roland	SR-JV80-18 World Collection Latin	Waveform -> XP-X	214 Quijada	
Roland	SR-JV80-18 World Collection Latin	Waveform -> XP-X	215 Chekere 3	
Roland	SR-JV80-18 World Collection Latin	Waveform -> XP-X	216 CajonClpMenu	
Roland	SR-JV80-18 World Collection Latin	Waveform -> XP-X	217 Cajon Lo	
Roland	SR-JV80-18 World Collection Latin	Waveform -> XP-X	218 Cajon Hi	
Roland	SR-JV80-18 World Collection Latin	Waveform -> XP-X	219 Cajon Rol Hi	
Roland	SR-JV80-18 World Collection Latin	Waveform -> XP-X	220 Cajon Rol Lo	
Roland	SR-JV80-18 World Collection Latin	Waveform -> XP-X	221 Hand Clap 2	
Roland	SR-JV80-18 World Collection Latin	Waveform -> XP-X	222 BomboBbnMenu	
Roland	SR-JV80-18 World Collection Latin	Waveform -> XP-X	223 SoftSet Menu	
Roland	SR-JV80-18 World Collection Latin	Waveform -> XP-X	224 HardSet Menu	
Roland	SR-JV80-18 World Collection Latin	Waveform -> XP-X	225 192:LatinPt1	
Roland	SR-JV80-18 World Collection Latin	Waveform -> XP-X	226 180:LatinPt2	
Roland	SR-JV80-18 World Collection Latin	Waveform -> XP-X	227  96:Cng6/8 1	
Roland	SR-JV80-18 World Collection Latin	Waveform -> XP-X	228  96:Cng6/8 2	
Roland	SR-JV80-18 World Collection Latin	Waveform -> XP-X	229 144:CgBolero	
Roland	SR-JV80-18 World Collection Latin	Waveform -> XP-X	230 168:CgChacha	
Roland	SR-JV80-18 World Collection Latin	Waveform -> XP-X	231  88:CgCumbia	
Roland	SR-JV80-18 World Collection Latin	Waveform -> XP-X	232 160:CgMambo	
Roland	SR-JV80-18 World Collection Latin	Waveform -> XP-X	233 104:CgMriach	
Roland	SR-JV80-18 World Collection Latin	Waveform -> XP-X	234 138:CgMarinr	
Roland	SR-JV80-18 World Collection Latin	Waveform -> XP-X	235 126:CgWonwn	
Roland	SR-JV80-18 World Collection Latin	Waveform -> XP-X	236 132:TmblPtn1	
Roland	SR-JV80-18 World Collection Latin	Waveform -> XP-X	237 132:TmblPtn2	
Roland	SR-JV80-18 World Collection Latin	Waveform -> XP-X	238 100:TmblPtn3	
Roland	SR-JV80-18 World Collection Latin	Waveform -> XP-X	239 120:TmblPtn4	
Roland	SR-JV80-18 World Collection Latin	Waveform -> XP-X	240 104:Shakin'	
Roland	SR-JV80-18 World Collection Latin	Waveform -> XP-X	241  80:PndrPtn1	
Roland	SR-JV80-18 World Collection Latin	Waveform -> XP-X	242 108:PndrPtn2	
Roland	SR-JV80-18 World Collection Latin	Waveform -> XP-X	243 138:PndrPtn3	
Roland	SR-JV80-18 World Collection Latin	Waveform -> XP-X	244 132:AgogoPtn	
Roland	SR-JV80-18 World Collection Latin	Waveform -> XP-X	245 132:BotlePtn	
Roland	SR-JV80-18 World Collection Latin	Waveform -> XP-X	246 104:BomboPtn	
Roland	SR-JV80-18 World Collection Latin	Waveform -> XP-X	247 126:SurdoPt1	
Roland	SR-JV80-18 World Collection Latin	Waveform -> XP-X	248 108:SurdoPt2	
Roland	SR-JV80-18 World Collection Latin	Waveform -> XP-X	249 138:CaixaPtn	
Roland	SR-JV80-18 World Collection Latin	Waveform -> XP-X	250 132:TambrmPt	
Roland	SR-JV80-18 World Collection Latin	Waveform -> XP-X	251 108:RepnqPt1	
Roland	SR-JV80-18 World Collection Latin	Waveform -> XP-X	252 144:RepnqPt2	
Roland	SR-JV80-18 World Collection Latin	Waveform -> XP-X	253  96:Salsa	
Roland	SR-JV80-18 World Collection Latin	Waveform -> XP-X	254 116:Mariachi	
Roland	SR-JV80-18 World Collection Latin	Waveform -> XP-X	255  96:Cumbia	