Emagic	ES2		#reset	
Emagic	ES2	Factory Patches -> A Peter Krischker -> 001 Bass	001 Basic Bass 1 PK	
Emagic	ES2	Factory Patches -> A Peter Krischker -> 001 Bass	002 Basic Bass 2 PK	
Emagic	ES2	Factory Patches -> A Peter Krischker -> 001 Bass	003 Basic Punch PK	
Emagic	ES2	Factory Patches -> A Peter Krischker -> 001 Bass	004 Big Osc PK	
Emagic	ES2	Factory Patches -> A Peter Krischker -> 001 Bass	005 Brachialo PK	
Emagic	ES2	Factory Patches -> A Peter Krischker -> 001 Bass	006 Breaky Bass PK	
Emagic	ES2	Factory Patches -> A Peter Krischker -> 001 Bass	007 Breakz PK	
Emagic	ES2	Factory Patches -> A Peter Krischker -> 001 Bass	008 Dirty Drone PK	
Emagic	ES2	Factory Patches -> A Peter Krischker -> 001 Bass	009 Fat Dark PK	
Emagic	ES2	Factory Patches -> A Peter Krischker -> 001 Bass	010 Fat Octave PK	
Emagic	ES2	Factory Patches -> A Peter Krischker -> 001 Bass	011 Fat Seq Bass PK	
Emagic	ES2	Factory Patches -> A Peter Krischker -> 001 Bass	012 FM Wahbass PK	
Emagic	ES2	Factory Patches -> A Peter Krischker -> 001 Bass	013 Hard Noiz PK	
Emagic	ES2	Factory Patches -> A Peter Krischker -> 001 Bass	014 Noize Baz PK	
Emagic	ES2	Factory Patches -> A Peter Krischker -> 001 Bass	015 PWM Dark PK	
Emagic	ES2	Factory Patches -> A Peter Krischker -> 001 Bass	016 Real Fat PK	
Emagic	ES2	Factory Patches -> A Peter Krischker -> 001 Bass	017 Reso Legato PK	
Emagic	ES2	Factory Patches -> A Peter Krischker -> 001 Bass	018 Rezz Attack PK	
Emagic	ES2	Factory Patches -> A Peter Krischker -> 001 Bass	019 Rezz FM-Filter PK	
Emagic	ES2	Factory Patches -> A Peter Krischker -> 001 Bass	020 Rezz Puls PK	
Emagic	ES2	Factory Patches -> A Peter Krischker -> 001 Bass	021 Rezz Velo PK	
Emagic	ES2	Factory Patches -> A Peter Krischker -> 001 Bass	022 Short + Fat PK	
Emagic	ES2	Factory Patches -> A Peter Krischker -> 001 Bass	023 Trance Square PK	
Emagic	ES2	Factory Patches -> A Peter Krischker -> 001 Bass	024 Xtreme Kick PK	
Emagic	ES2	Factory Patches -> A Peter Krischker -> 002 Leads	001 Attack Lead Classic PK	
Emagic	ES2	Factory Patches -> A Peter Krischker -> 002 Leads	002 Big Trance Now! PK	
Emagic	ES2	Factory Patches -> A Peter Krischker -> 002 Leads	003 Classic Square PK	
Emagic	ES2	Factory Patches -> A Peter Krischker -> 002 Leads	004 Dancy Lead PK	
Emagic	ES2	Factory Patches -> A Peter Krischker -> 002 Leads	005 Digi Colors PK	
Emagic	ES2	Factory Patches -> A Peter Krischker -> 002 Leads	006 DJ Minor PK	
Emagic	ES2	Factory Patches -> A Peter Krischker -> 002 Leads	007 Everlasting PK	
Emagic	ES2	Factory Patches -> A Peter Krischker -> 002 Leads	008 Lucky 2001 PK	
Emagic	ES2	Factory Patches -> A Peter Krischker -> 002 Leads	009 Miami Lead PK	
Emagic	ES2	Factory Patches -> A Peter Krischker -> 002 Leads	010 My Hook PK	
Emagic	ES2	Factory Patches -> A Peter Krischker -> 002 Leads	011 Petit Wave PK	
Emagic	ES2	Factory Patches -> A Peter Krischker -> 002 Leads	012 Simple Saw Glide PK	
Emagic	ES2	Factory Patches -> A Peter Krischker -> 002 Leads	013 Soft Sawlead PK	
Emagic	ES2	Factory Patches -> A Peter Krischker -> 002 Leads	014 Tech Tune PK	
Emagic	ES2	Factory Patches -> A Peter Krischker -> 002 Leads	015 The Crazy PK	
Emagic	ES2	Factory Patches -> A Peter Krischker -> 002 Leads	016 The Sync! PK	
Emagic	ES2	Factory Patches -> A Peter Krischker -> 002 Leads	017 Three Osc Hook PK	
Emagic	ES2	Factory Patches -> A Peter Krischker -> 002 Leads	018 Trance 5th PK	
Emagic	ES2	Factory Patches -> A Peter Krischker -> 002 Leads	019 Vintage Mix PK	
Emagic	ES2	Factory Patches -> A Peter Krischker -> 002 Leads	020 Vintage Saw PK	
Emagic	ES2	Factory Patches -> A Peter Krischker -> 003 Motions	001 Art work PK	
Emagic	ES2	Factory Patches -> A Peter Krischker -> 003 Motions	002 Basixx 86 PK	
Emagic	ES2	Factory Patches -> A Peter Krischker -> 003 Motions	003 Berlin 2001 PK	
Emagic	ES2	Factory Patches -> A Peter Krischker -> 003 Motions	004 Best Wave PK	
Emagic	ES2	Factory Patches -> A Peter Krischker -> 003 Motions	005 C-Flange PK	
Emagic	ES2	Factory Patches -> A Peter Krischker -> 003 Motions	006 Carthago PK	
Emagic	ES2	Factory Patches -> A Peter Krischker -> 003 Motions	007 Future FM PK	
Emagic	ES2	Factory Patches -> A Peter Krischker -> 003 Motions	008 Journey PK	
Emagic	ES2	Factory Patches -> A Peter Krischker -> 003 Motions	009 Late Wheel! PK	
Emagic	ES2	Factory Patches -> A Peter Krischker -> 003 Motions	010 Leaving you PK	
Emagic	ES2	Factory Patches -> A Peter Krischker -> 003 Motions	011 LFO Filter down PK	
Emagic	ES2	Factory Patches -> A Peter Krischker -> 003 Motions	012 LFO Filter Random PK	
Emagic	ES2	Factory Patches -> A Peter Krischker -> 003 Motions	013 LFO Filter square PK	
Emagic	ES2	Factory Patches -> A Peter Krischker -> 003 Motions	014 Macrowave PK	
Emagic	ES2	Factory Patches -> A Peter Krischker -> 003 Motions	015 Micropad PK	
Emagic	ES2	Factory Patches -> A Peter Krischker -> 003 Motions	016 Never walk alone PK	
Emagic	ES2	Factory Patches -> A Peter Krischker -> 003 Motions	017 Orange PK	
Emagic	ES2	Factory Patches -> A Peter Krischker -> 003 Motions	018 PWM Vectorpad PK	
Emagic	ES2	Factory Patches -> A Peter Krischker -> 003 Motions	019 Random Sines PK	
Emagic	ES2	Factory Patches -> A Peter Krischker -> 003 Motions	020 Rezzy Vector PK	
Emagic	ES2	Factory Patches -> A Peter Krischker -> 003 Motions	021 Self Random PK	
Emagic	ES2	Factory Patches -> A Peter Krischker -> 003 Motions	022 Singing Vec PK	
Emagic	ES2	Factory Patches -> A Peter Krischker -> 003 Motions	023 Spinning Wheel PK	
Emagic	ES2	Factory Patches -> A Peter Krischker -> 003 Motions	024 Terrible Night PK	
Emagic	ES2	Factory Patches -> A Peter Krischker -> 003 Motions	025 Vector come! PK	
Emagic	ES2	Factory Patches -> A Peter Krischker -> 003 Motions	026 Vector Gruv PK	
Emagic	ES2	Factory Patches -> A Peter Krischker -> 004 Pads	001 Brassy Pad PK	
Emagic	ES2	Factory Patches -> A Peter Krischker -> 004 Pads	002 Dark Pad PK	
Emagic	ES2	Factory Patches -> A Peter Krischker -> 004 Pads	003 FM Tune PK	
Emagic	ES2	Factory Patches -> A Peter Krischker -> 004 Pads	004 Hard Attack Pad PK	
Emagic	ES2	Factory Patches -> A Peter Krischker -> 004 Pads	005 Hipa FM PK	
Emagic	ES2	Factory Patches -> A Peter Krischker -> 004 Pads	006 HPF Sweep PK	
Emagic	ES2	Factory Patches -> A Peter Krischker -> 004 Pads	007 LPFM Pad PK	
Emagic	ES2	Factory Patches -> A Peter Krischker -> 004 Pads	008 Noisy Sweep PK	
Emagic	ES2	Factory Patches -> A Peter Krischker -> 004 Pads	009 PWM Fine Strings PK	
Emagic	ES2	Factory Patches -> A Peter Krischker -> 004 Pads	010 PWM Phasepad PK	
Emagic	ES2	Factory Patches -> A Peter Krischker -> 004 Pads	011 PWM Slow Pad PK	
Emagic	ES2	Factory Patches -> A Peter Krischker -> 004 Pads	012 PWM Softpad PK	
Emagic	ES2	Factory Patches -> A Peter Krischker -> 004 Pads	013 PWM Strings 1 PK	
Emagic	ES2	Factory Patches -> A Peter Krischker -> 004 Pads	014 PWM Strings 2 PK	
Emagic	ES2	Factory Patches -> A Peter Krischker -> 004 Pads	015 PWM Strings 3 PK	
Emagic	ES2	Factory Patches -> A Peter Krischker -> 004 Pads	016 Sawstrings PK	
Emagic	ES2	Factory Patches -> A Peter Krischker -> 004 Pads	017 Sharp Sweep PK	
Emagic	ES2	Factory Patches -> A Peter Krischker -> 004 Pads	018 Slow Pulsepad PK	
Emagic	ES2	Factory Patches -> A Peter Krischker -> 004 Pads	019 Soft Attack Pad PK	
Emagic	ES2	Factory Patches -> A Peter Krischker -> 004 Pads	020 Square Pad PK	
Emagic	ES2	Factory Patches -> A Peter Krischker -> 004 Pads	021 Stringbells PK	
Emagic	ES2	Factory Patches -> A Peter Krischker -> 004 Pads	022 Warm Swell PK	
Emagic	ES2	Factory Patches -> A Peter Krischker -> 005 Percussive	001 Breakz Kick 1 PK	
Emagic	ES2	Factory Patches -> A Peter Krischker -> 005 Percussive	002 Breakz Kick 2 PK	
Emagic	ES2	Factory Patches -> A Peter Krischker -> 005 Percussive	003 Breakz Snare 1 PK	
Emagic	ES2	Factory Patches -> A Peter Krischker -> 005 Percussive	004 Breakz Snare 2 PK	
Emagic	ES2	Factory Patches -> A Peter Krischker -> 005 Percussive	005 Dance Kick 1 PK	
Emagic	ES2	Factory Patches -> A Peter Krischker -> 005 Percussive	006 Dance Kick 2 PK	
Emagic	ES2	Factory Patches -> A Peter Krischker -> 005 Percussive	007 Dance Kick 3 PK	
Emagic	ES2	Factory Patches -> A Peter Krischker -> 005 Percussive	008 Fat Klick PK	
Emagic	ES2	Factory Patches -> A Peter Krischker -> 005 Percussive	009 FM HiHat Velo PK	
Emagic	ES2	Factory Patches -> A Peter Krischker -> 005 Percussive	010 FM Percux PK	
Emagic	ES2	Factory Patches -> A Peter Krischker -> 005 Percussive	011 FM Snare PK	
Emagic	ES2	Factory Patches -> A Peter Krischker -> 005 Percussive	012 Hi Q PK	
Emagic	ES2	Factory Patches -> A Peter Krischker -> 005 Percussive	013 HiHat Closed PK	
Emagic	ES2	Factory Patches -> A Peter Krischker -> 005 Percussive	014 HiHat Open PK	
Emagic	ES2	Factory Patches -> A Peter Krischker -> 005 Percussive	015 Sub Kick PK	
Emagic	ES2	Factory Patches -> A Peter Krischker -> 005 Percussive	016 Tambousyn 1 PK	
Emagic	ES2	Factory Patches -> A Peter Krischker -> 005 Percussive	017 Tambousyn 2 PK	
Emagic	ES2	Factory Patches -> A Peter Krischker -> 005 Percussive	018 Vector Kick1 PK	
Emagic	ES2	Factory Patches -> A Peter Krischker -> 005 Percussive	019 Vector Kick2 PK	
Emagic	ES2	Factory Patches -> A Peter Krischker -> 005 Percussive	020 Vector Kick3 PK	
Emagic	ES2	Factory Patches -> A Peter Krischker -> 005 Percussive	021 Vector Kick4 PK	
Emagic	ES2	Factory Patches -> A Peter Krischker -> 005 Percussive	022 Vector Kick5 PK	
Emagic	ES2	Factory Patches -> A Peter Krischker -> 006 Sequence	001 Ana Velo PK	
Emagic	ES2	Factory Patches -> A Peter Krischker -> 006 Sequence	002 Arp SQ1 PK	
Emagic	ES2	Factory Patches -> A Peter Krischker -> 006 Sequence	003 Arp SQ2 PK	
Emagic	ES2	Factory Patches -> A Peter Krischker -> 006 Sequence	004 Basic Dance PK	
Emagic	ES2	Factory Patches -> A Peter Krischker -> 006 Sequence	005 Breakz SQ PK	
Emagic	ES2	Factory Patches -> A Peter Krischker -> 006 Sequence	006 Dark Trance PK	
Emagic	ES2	Factory Patches -> A Peter Krischker -> 006 Sequence	007 Disty Trance 1 PK	
Emagic	ES2	Factory Patches -> A Peter Krischker -> 006 Sequence	008 Disty Trance 2 PK	
Emagic	ES2	Factory Patches -> A Peter Krischker -> 006 Sequence	009 Disty Wow PK	
Emagic	ES2	Factory Patches -> A Peter Krischker -> 006 Sequence	010 E-Magic PK	
Emagic	ES2	Factory Patches -> A Peter Krischker -> 006 Sequence	011 Fat Ana PK	
Emagic	ES2	Factory Patches -> A Peter Krischker -> 006 Sequence	012 Fat Fuzz PK	
Emagic	ES2	Factory Patches -> A Peter Krischker -> 006 Sequence	013 Fat Pulse PK	
Emagic	ES2	Factory Patches -> A Peter Krischker -> 006 Sequence	014 FM Dist PK	
Emagic	ES2	Factory Patches -> A Peter Krischker -> 006 Sequence	015 FM Over PK	
Emagic	ES2	Factory Patches -> A Peter Krischker -> 006 Sequence	016 Fuzzy Guy PK	
Emagic	ES2	Factory Patches -> A Peter Krischker -> 006 Sequence	017 Intro SQ MW PK	
Emagic	ES2	Factory Patches -> A Peter Krischker -> 006 Sequence	018 Junox PK	
Emagic	ES2	Factory Patches -> A Peter Krischker -> 006 Sequence	019 Lovely PK	
Emagic	ES2	Factory Patches -> A Peter Krischker -> 006 Sequence	020 Monday PK	
Emagic	ES2	Factory Patches -> A Peter Krischker -> 006 Sequence	021 PWM Arp LFO PK	
Emagic	ES2	Factory Patches -> A Peter Krischker -> 006 Sequence	022 PWM Basic PK	
Emagic	ES2	Factory Patches -> A Peter Krischker -> 006 Sequence	023 Short Vector PK	
Emagic	ES2	Factory Patches -> A Peter Krischker -> 006 Sequence	024 Shorty PK	
Emagic	ES2	Factory Patches -> A Peter Krischker -> 006 Sequence	025 SQ Basic PK	
Emagic	ES2	Factory Patches -> A Peter Krischker -> 006 Sequence	026 Square Perc PK	
Emagic	ES2	Factory Patches -> A Peter Krischker -> 006 Sequence	027 Sync MW PK	
Emagic	ES2	Factory Patches -> A Peter Krischker -> 006 Sequence	028 Trance Chord PK	
Emagic	ES2	Factory Patches -> A Peter Krischker -> 006 Sequence	029 Warm PWM PK	
Emagic	ES2	Factory Patches -> A Peter Krischker -> 007 Synthcomp	001 Chorus Organ PK	
Emagic	ES2	Factory Patches -> A Peter Krischker -> 007 Synthcomp	002 Classic Synbrass PK	
Emagic	ES2	Factory Patches -> A Peter Krischker -> 007 Synthcomp	003 Dgibells PK	
Emagic	ES2	Factory Patches -> A Peter Krischker -> 007 Synthcomp	004 Digicomp PK	
Emagic	ES2	Factory Patches -> A Peter Krischker -> 007 Synthcomp	005 Digisphere PK	
Emagic	ES2	Factory Patches -> A Peter Krischker -> 007 Synthcomp	006 Fat Polysynth PK	
Emagic	ES2	Factory Patches -> A Peter Krischker -> 007 Synthcomp	007 First Drawbars PK	
Emagic	ES2	Factory Patches -> A Peter Krischker -> 007 Synthcomp	008 FM Clavi PK	
Emagic	ES2	Factory Patches -> A Peter Krischker -> 007 Synthcomp	009 FM Comp PK	
Emagic	ES2	Factory Patches -> A Peter Krischker -> 007 Synthcomp	010 Funky Wave PK	
Emagic	ES2	Factory Patches -> A Peter Krischker -> 007 Synthcomp	011 Hipa Comp PK	
Emagic	ES2	Factory Patches -> A Peter Krischker -> 007 Synthcomp	012 Microtone PK	
Emagic	ES2	Factory Patches -> A Peter Krischker -> 007 Synthcomp	013 Octave Brass PK	
Emagic	ES2	Factory Patches -> A Peter Krischker -> 007 Synthcomp	014 Percussive Drawbars PK	
Emagic	ES2	Factory Patches -> A Peter Krischker -> 007 Synthcomp	015 Pulsiar PK	
Emagic	ES2	Factory Patches -> A Peter Krischker -> 007 Synthcomp	016 PWM Brass PK	
Emagic	ES2	Factory Patches -> A Peter Krischker -> 007 Synthcomp	017 PWM Comp PK	
Emagic	ES2	Factory Patches -> A Peter Krischker -> 007 Synthcomp	018 Ringbells PK	
Emagic	ES2	Factory Patches -> A Peter Krischker -> 007 Synthcomp	019 Sleepin Bells PK	
Emagic	ES2	Factory Patches -> A Peter Krischker -> 008 Tutorial	001 Analog Bass clean	
Emagic	ES2	Factory Patches -> A Peter Krischker -> 008 Tutorial	002 Analog Bass distorted	
Emagic	ES2	Factory Patches -> A Peter Krischker -> 008 Tutorial	003 Analog Saw 3Osc	
Emagic	ES2	Factory Patches -> A Peter Krischker -> 008 Tutorial	004 Analog Saw Init	
Emagic	ES2	Factory Patches -> A Peter Krischker -> 008 Tutorial	005 Analog Saw Unison	
Emagic	ES2	Factory Patches -> A Peter Krischker -> 008 Tutorial	006 FM Digiwave	
Emagic	ES2	Factory Patches -> A Peter Krischker -> 008 Tutorial	007 FM Drive	
Emagic	ES2	Factory Patches -> A Peter Krischker -> 008 Tutorial	008 FM Envelope	
Emagic	ES2	Factory Patches -> A Peter Krischker -> 008 Tutorial	009 FM Megafat	
Emagic	ES2	Factory Patches -> A Peter Krischker -> 008 Tutorial	010 FM Out of Tune	
Emagic	ES2	Factory Patches -> A Peter Krischker -> 008 Tutorial	011 FM Start	
Emagic	ES2	Factory Patches -> A Peter Krischker -> 008 Tutorial	012 FM Tuned	
Emagic	ES2	Factory Patches -> A Peter Krischker -> 008 Tutorial	013 FM Wavetable	
Emagic	ES2	Factory Patches -> A Peter Krischker -> 008 Tutorial	014 PWM 2 Osc	
Emagic	ES2	Factory Patches -> A Peter Krischker -> 008 Tutorial	015 PWM Fast	
Emagic	ES2	Factory Patches -> A Peter Krischker -> 008 Tutorial	016 PWM Scaled	
Emagic	ES2	Factory Patches -> A Peter Krischker -> 008 Tutorial	017 PWM Slow	
Emagic	ES2	Factory Patches -> A Peter Krischker -> 008 Tutorial	018 PWM Soft Strings	
Emagic	ES2	Factory Patches -> A Peter Krischker -> 008 Tutorial	019 PWM Start	
Emagic	ES2	Factory Patches -> A Peter Krischker -> 008 Tutorial	020 Ringmod Start	
Emagic	ES2	Factory Patches -> A Peter Krischker -> 008 Tutorial	021 Sync Start	
Emagic	ES2	Factory Patches -> A Peter Krischker -> 008 Tutorial	022 Vector Envelope	
Emagic	ES2	Factory Patches -> A Peter Krischker -> 008 Tutorial	023 Vector Kick	
Emagic	ES2	Factory Patches -> A Peter Krischker -> 008 Tutorial	024 Vector Loop	
Emagic	ES2	Factory Patches -> A Peter Krischker -> 008 Tutorial	025 Vector Perc Synth	
Emagic	ES2	Factory Patches -> A Peter Krischker -> 008 Tutorial	026 Vector Punch Bass	
Emagic	ES2	Factory Patches -> A Peter Krischker -> 008 Tutorial	027 Vector Start	
Emagic	ES2	Factory Patches -> A Peter Krischker -> 008 Tutorial	028 Vector XY	
Emagic	ES2	Factory Patches -> B HJ Scheffler -> 016 Bass	001 Bass Partout	
Emagic	ES2	Factory Patches -> B HJ Scheffler -> 016 Bass	002 Divine Bass	
Emagic	ES2	Factory Patches -> B HJ Scheffler -> 016 Bass	003 Monster Sine	
Emagic	ES2	Factory Patches -> B HJ Scheffler -> 016 Bass	004 Tri Bass	
Emagic	ES2	Factory Patches -> B HJ Scheffler -> 017 Bells	001 Bali Bells	
Emagic	ES2	Factory Patches -> B HJ Scheffler -> 017 Bells	002 Dark Bells	
Emagic	ES2	Factory Patches -> B HJ Scheffler -> 018 Drums and Percussion	001 ES Hat	
Emagic	ES2	Factory Patches -> B HJ Scheffler -> 018 Drums and Percussion	002 ES Kick	
Emagic	ES2	Factory Patches -> B HJ Scheffler -> 018 Drums and Percussion	003 ES Snare	
Emagic	ES2	Factory Patches -> B HJ Scheffler -> 018 Drums and Percussion	004 ES Timpani	
Emagic	ES2	Factory Patches -> B HJ Scheffler -> 018 Drums and Percussion	005 Synbal	
Emagic	ES2	Factory Patches -> B HJ Scheffler -> 019 Keyboards	001 ES Clavinet	
Emagic	ES2	Factory Patches -> B HJ Scheffler -> 019 Keyboards	002 ES Wurly	
Emagic	ES2	Factory Patches -> B HJ Scheffler -> 019 Keyboards	003 EScomp	
Emagic	ES2	Factory Patches -> B HJ Scheffler -> 019 Keyboards	004 ESteban	
Emagic	ES2	Factory Patches -> B HJ Scheffler -> 019 Keyboards	005 Major Dude	
Emagic	ES2	Factory Patches -> B HJ Scheffler -> 019 Keyboards	006 Phunky FM	
Emagic	ES2	Factory Patches -> B HJ Scheffler -> 019 Keyboards	007 Valen Tine	
Emagic	ES2	Factory Patches -> B HJ Scheffler -> 019 Keyboards	008 Valentine2	
Emagic	ES2	Factory Patches -> B HJ Scheffler -> 020 Lead	001 Desaster Area	
Emagic	ES2	Factory Patches -> B HJ Scheffler -> 020 Lead	002 Dynamic Lead	
Emagic	ES2	Factory Patches -> B HJ Scheffler -> 020 Lead	003 ES Harmonica	
Emagic	ES2	Factory Patches -> B HJ Scheffler -> 020 Lead	004 ESpecial Lead	
Emagic	ES2	Factory Patches -> B HJ Scheffler -> 020 Lead	005 ESperanto	
Emagic	ES2	Factory Patches -> B HJ Scheffler -> 020 Lead	006 ESpresso	
Emagic	ES2	Factory Patches -> B HJ Scheffler -> 020 Lead	007 Fuzzy Sine	
Emagic	ES2	Factory Patches -> B HJ Scheffler -> 020 Lead	008 Lyle Style Lead	
Emagic	ES2	Factory Patches -> B HJ Scheffler -> 020 Lead	009 Soft Saturator	
Emagic	ES2	Factory Patches -> B HJ Scheffler -> 021 Miscellaneous	001 Big Muffin	
Emagic	ES2	Factory Patches -> B HJ Scheffler -> 021 Miscellaneous	002 Electric Harmonics	
Emagic	ES2	Factory Patches -> B HJ Scheffler -> 021 Miscellaneous	003 ES Chord	
Emagic	ES2	Factory Patches -> B HJ Scheffler -> 021 Miscellaneous	004 ES Stabs	
Emagic	ES2	Factory Patches -> B HJ Scheffler -> 021 Miscellaneous	005 EScalator	
Emagic	ES2	Factory Patches -> B HJ Scheffler -> 021 Miscellaneous	006 ESprit	
Emagic	ES2	Factory Patches -> B HJ Scheffler -> 021 Miscellaneous	007 No Static at all	
Emagic	ES2	Factory Patches -> B HJ Scheffler -> 021 Miscellaneous	008 Polyboy	
Emagic	ES2	Factory Patches -> B HJ Scheffler -> 021 Miscellaneous	009 Ringin FM2	
Emagic	ES2	Factory Patches -> B HJ Scheffler -> 021 Miscellaneous	010 Ringing FM	
Emagic	ES2	Factory Patches -> B HJ Scheffler -> 022 Pads	001 Carpet Diem	
Emagic	ES2	Factory Patches -> B HJ Scheffler -> 022 Pads	002 Lite Buzz	
Emagic	ES2	Factory Patches -> B HJ Scheffler -> 022 Pads	003 Overbowed	
Emagic	ES2	Factory Patches -> B HJ Scheffler -> 022 Pads	004 Saw strings	
Emagic	ES2	Factory Patches -> B HJ Scheffler -> 022 Pads	005 Xtra brite	
Emagic	ES2	Factory Patches -> B HJ Scheffler -> 023 Plucked Things	001 Angular Banjoes	
Emagic	ES2	Factory Patches -> B HJ Scheffler -> 023 Plucked Things	002 Muted GTR2	
Emagic	ES2	Factory Patches -> B HJ Scheffler -> 023 Plucked Things	003 Muted Guitar	
Emagic	ES2	Factory Patches -> B HJ Scheffler -> 023 Plucked Things	004 Pluckativ	
Emagic	ES2	Factory Patches -> B HJ Scheffler -> 023 Plucked Things	005 Release Me	
Emagic	ES2	Factory Patches -> B HJ Scheffler -> 024 Short	001 BP Shorts	
Emagic	ES2	Factory Patches -> B HJ Scheffler -> 024 Short	002 Decay Dance	
Emagic	ES2	Factory Patches -> B HJ Scheffler -> 024 Short	003 ES Mallets	
Emagic	ES2	Factory Patches -> B HJ Scheffler -> 024 Short	004 EScapade	
Emagic	ES2	Factory Patches -> B HJ Scheffler -> 024 Short	005 FM Arpeggio	
Emagic	ES2	Factory Patches -> B HJ Scheffler -> 024 Short	006 Muted Synth	
Emagic	ES2	Factory Patches -> B HJ Scheffler -> 024 Short	007 Percolator	
Emagic	ES2	Factory Patches -> B HJ Scheffler -> 024 Short	008 Percolator2	
Emagic	ES2	Factory Patches -> B HJ Scheffler -> 024 Short	009 Simple Comb	
Emagic	ES2	Factory Patches -> B HJ Scheffler -> 025 Special	001 Atonal Melody	
Emagic	ES2	Factory Patches -> B HJ Scheffler -> 025 Special	002 Reanimation	
Emagic	ES2	Factory Patches -> B HJ Scheffler -> 025 Special	003 Sala Bim	
Emagic	ES2	Factory Patches -> B HJ Scheffler -> 025 Special	004 Wavescanner	
Emagic	ES2	Factory Patches -> C Hubertus Maass -> 032 Bass	001 bs Acid Bass HM	
Emagic	ES2	Factory Patches -> C Hubertus Maass -> 032 Bass	002 bs Analogue 1 HM	
Emagic	ES2	Factory Patches -> C Hubertus Maass -> 032 Bass	003 bs Dyna Sweep HM	
Emagic	ES2	Factory Patches -> C Hubertus Maass -> 032 Bass	004 bs Fat Smacks HM	
Emagic	ES2	Factory Patches -> C Hubertus Maass -> 032 Bass	005 bs Fretless Type HM	
Emagic	ES2	Factory Patches -> C Hubertus Maass -> 032 Bass	006 bs Fun-damental HM	
Emagic	ES2	Factory Patches -> C Hubertus Maass -> 032 Bass	007 bs Housebass HM	
Emagic	ES2	Factory Patches -> C Hubertus Maass -> 032 Bass	008 bs Modular ArpBs HM	
Emagic	ES2	Factory Patches -> C Hubertus Maass -> 032 Bass	009 bs Plec Bass 1 HM	
Emagic	ES2	Factory Patches -> C Hubertus Maass -> 032 Bass	010 bs Plec Bass 2 HM	
Emagic	ES2	Factory Patches -> C Hubertus Maass -> 032 Bass	011 bs Respondse HM	
Emagic	ES2	Factory Patches -> C Hubertus Maass -> 032 Bass	012 bs Roto Bass 1 HM	
Emagic	ES2	Factory Patches -> C Hubertus Maass -> 032 Bass	013 bs Roto Bass 2 HM	
Emagic	ES2	Factory Patches -> C Hubertus Maass -> 032 Bass	014 bs Rubber Band Thang HM	
Emagic	ES2	Factory Patches -> C Hubertus Maass -> 032 Bass	015 bs Slappenter HM	
Emagic	ES2	Factory Patches -> C Hubertus Maass -> 032 Bass	016 bs Woodke 1 HM	
Emagic	ES2	Factory Patches -> C Hubertus Maass -> 032 Bass	017 bs Woodke 2 HM	
Emagic	ES2	Factory Patches -> C Hubertus Maass -> 033 Brass	001 brs Brass Section HM	
Emagic	ES2	Factory Patches -> C Hubertus Maass -> 033 Brass	002 brs Fair Brass HM	
Emagic	ES2	Factory Patches -> C Hubertus Maass -> 033 Brass	003 brs Fat Syn Brass 1 HM	
Emagic	ES2	Factory Patches -> C Hubertus Maass -> 033 Brass	004 brs Fat Syn Brass 2 HM	
Emagic	ES2	Factory Patches -> C Hubertus Maass -> 033 Brass	005 brs Fat Syn Brass 3 HM	
Emagic	ES2	Factory Patches -> C Hubertus Maass -> 033 Brass	006 brs French Horns 1 HM	
Emagic	ES2	Factory Patches -> C Hubertus Maass -> 033 Brass	007 brs French Horns 2 HM	
Emagic	ES2	Factory Patches -> C Hubertus Maass -> 033 Brass	008 brs Knead-Brass HM	
Emagic	ES2	Factory Patches -> C Hubertus Maass -> 033 Brass	009 brs Octa-Section HM	
Emagic	ES2	Factory Patches -> C Hubertus Maass -> 033 Brass	010 brs Olympic HM	
Emagic	ES2	Factory Patches -> C Hubertus Maass -> 033 Brass	011 brs Slow Cres Brass HM	
Emagic	ES2	Factory Patches -> C Hubertus Maass -> 033 Brass	012 brs Stab Brass 1 HM	
Emagic	ES2	Factory Patches -> C Hubertus Maass -> 033 Brass	013 brs Stab Brass 2 HM	
Emagic	ES2	Factory Patches -> C Hubertus Maass -> 033 Brass	014 brs Synthbrass HM	
Emagic	ES2	Factory Patches -> C Hubertus Maass -> 033 Brass	015 wnd Bariton Section HM	
Emagic	ES2	Factory Patches -> C Hubertus Maass -> 033 Brass	016 wnd Sax Section HM	
Emagic	ES2	Factory Patches -> C Hubertus Maass -> 034 Effects	001 fx Biplane HM	
Emagic	ES2	Factory Patches -> C Hubertus Maass -> 034 Effects	002 fx HiFi Vinyl HM	
Emagic	ES2	Factory Patches -> C Hubertus Maass -> 034 Effects	003 fx Morse Thing HM	
Emagic	ES2	Factory Patches -> C Hubertus Maass -> 034 Effects	004 fx Schellack Vinyl HM	
Emagic	ES2	Factory Patches -> C Hubertus Maass -> 034 Effects	005 fx Video Game HM	
Emagic	ES2	Factory Patches -> C Hubertus Maass -> 034 Effects	006 fx Zwirbel HM	
Emagic	ES2	Factory Patches -> C Hubertus Maass -> 035 Fretted Insts	001 frt Aliaser HM	
Emagic	ES2	Factory Patches -> C Hubertus Maass -> 035 Fretted Insts	002 frt Blues Guitar 1 HM	
Emagic	ES2	Factory Patches -> C Hubertus Maass -> 035 Fretted Insts	003 frt Blues Guitar 2 HM	
Emagic	ES2	Factory Patches -> C Hubertus Maass -> 035 Fretted Insts	004 frt Chorus Strat 1 HM	
Emagic	ES2	Factory Patches -> C Hubertus Maass -> 035 Fretted Insts	005 frt Chorus Strat 2 HM	
Emagic	ES2	Factory Patches -> C Hubertus Maass -> 035 Fretted Insts	006 frt Chorus Strat 3 HM	
Emagic	ES2	Factory Patches -> C Hubertus Maass -> 035 Fretted Insts	007 frt Chorus Strat 4 HM	
Emagic	ES2	Factory Patches -> C Hubertus Maass -> 035 Fretted Insts	008 frt Chorus Strat 5 HM	
Emagic	ES2	Factory Patches -> C Hubertus Maass -> 035 Fretted Insts	009 frt ChrsdDreadnaught1HM	
Emagic	ES2	Factory Patches -> C Hubertus Maass -> 035 Fretted Insts	010 frt ChrsdDreadnaught2HM	
Emagic	ES2	Factory Patches -> C Hubertus Maass -> 035 Fretted Insts	011 frt ChrsdDreadnaught3HM	
Emagic	ES2	Factory Patches -> C Hubertus Maass -> 035 Fretted Insts	012 frt CleanDreadnaught1HM	
Emagic	ES2	Factory Patches -> C Hubertus Maass -> 035 Fretted Insts	013 frt CleanDreadnaught2HM	
Emagic	ES2	Factory Patches -> C Hubertus Maass -> 035 Fretted Insts	014 frt Cyber-Spainard 1 HM	
Emagic	ES2	Factory Patches -> C Hubertus Maass -> 035 Fretted Insts	015 frt Cyber-Spainard 2 HM	
Emagic	ES2	Factory Patches -> C Hubertus Maass -> 035 Fretted Insts	016 frt Frettenbude HM	
Emagic	ES2	Factory Patches -> C Hubertus Maass -> 035 Fretted Insts	017 frt Fuji-Koto HM	
Emagic	ES2	Factory Patches -> C Hubertus Maass -> 035 Fretted Insts	018 frt Glassy Fret PianoHM	
Emagic	ES2	Factory Patches -> C Hubertus Maass -> 035 Fretted Insts	019 frt Sitar 1 HM	
Emagic	ES2	Factory Patches -> C Hubertus Maass -> 035 Fretted Insts	020 frt Sitar 2 HM	
Emagic	ES2	Factory Patches -> C Hubertus Maass -> 035 Fretted Insts	021 frt Sitar 3 HM	
Emagic	ES2	Factory Patches -> C Hubertus Maass -> 035 Fretted Insts	022 frt Slapped Strat HM	
Emagic	ES2	Factory Patches -> C Hubertus Maass -> 035 Fretted Insts	023 frt Slapped Strat2 HM	
Emagic	ES2	Factory Patches -> C Hubertus Maass -> 035 Fretted Insts	024 frt Strat Pad 1 HM	
Emagic	ES2	Factory Patches -> C Hubertus Maass -> 035 Fretted Insts	025 frt wirebox HM	
Emagic	ES2	Factory Patches -> C Hubertus Maass -> 035 Fretted Insts	026 frt Zither HM	
Emagic	ES2	Factory Patches -> C Hubertus Maass -> 036 Keys	001 kb Cheap House Piano HM	
Emagic	ES2	Factory Patches -> C Hubertus Maass -> 036 Keys	002 kb Clavi pur HM	
Emagic	ES2	Factory Patches -> C Hubertus Maass -> 036 Keys	003 kb Clavinet 1 HM	
Emagic	ES2	Factory Patches -> C Hubertus Maass -> 036 Keys	004 kb Condenser Rhodes HM	
Emagic	ES2	Factory Patches -> C Hubertus Maass -> 036 Keys	005 kb Dyno FM HM	
Emagic	ES2	Factory Patches -> C Hubertus Maass -> 036 Keys	006 kb E-Piano Plus HM	
Emagic	ES2	Factory Patches -> C Hubertus Maass -> 036 Keys	007 kb Flange Clavinet HM	
Emagic	ES2	Factory Patches -> C Hubertus Maass -> 036 Keys	008 kb GS Model FM HM	
Emagic	ES2	Factory Patches -> C Hubertus Maass -> 036 Keys	009 kb Hamsterkla4 HM	
Emagic	ES2	Factory Patches -> C Hubertus Maass -> 036 Keys	010 kb Magneto HM	
Emagic	ES2	Factory Patches -> C Hubertus Maass -> 036 Keys	011 kb My old Uprite HM	
Emagic	ES2	Factory Patches -> C Hubertus Maass -> 036 Keys	012 kb Phase Clavi HM	
Emagic	ES2	Factory Patches -> C Hubertus Maass -> 036 Keys	013 kb Piano Prototype 1 HM	
Emagic	ES2	Factory Patches -> C Hubertus Maass -> 036 Keys	014 kb Piano Prototype 2 HM	
Emagic	ES2	Factory Patches -> C Hubertus Maass -> 036 Keys	015 kb Piano Prototype 3 HM	
Emagic	ES2	Factory Patches -> C Hubertus Maass -> 036 Keys	016 kb Tremolo Wurlitzer1HM	
Emagic	ES2	Factory Patches -> C Hubertus Maass -> 036 Keys	017 kb Tremolo Wurlitzer2HM	
Emagic	ES2	Factory Patches -> C Hubertus Maass -> 036 Keys	018 kb Tremolo Wurlitzer3HM	
Emagic	ES2	Factory Patches -> C Hubertus Maass -> 036 Keys	019 kb Wahwah Piano 1 HM	
Emagic	ES2	Factory Patches -> C Hubertus Maass -> 036 Keys	020 kb Wahwah Piano 2 HM	
Emagic	ES2	Factory Patches -> C Hubertus Maass -> 037 Leads	001 ldClassicalSQPanfluteHM	
Emagic	ES2	Factory Patches -> C Hubertus Maass -> 037 Leads	002 ld ES Melodies HM	
Emagic	ES2	Factory Patches -> C Hubertus Maass -> 037 Leads	003 ld Fat Pulse Snapper HM	
Emagic	ES2	Factory Patches -> C Hubertus Maass -> 037 Leads	004 ld Fiddle-Lead HM	
Emagic	ES2	Factory Patches -> C Hubertus Maass -> 037 Leads	005 ld Leadhorn HM	
Emagic	ES2	Factory Patches -> C Hubertus Maass -> 037 Leads	006 ld Mini-Sync HM	
Emagic	ES2	Factory Patches -> C Hubertus Maass -> 037 Leads	007 ldMinimoogFusionStyleHM	
Emagic	ES2	Factory Patches -> C Hubertus Maass -> 037 Leads	008 ld Ping Lead HM	
Emagic	ES2	Factory Patches -> C Hubertus Maass -> 037 Leads	009 ld Simple Saw SweeperHM	
Emagic	ES2	Factory Patches -> C Hubertus Maass -> 037 Leads	010 ld Talking Mouse HM	
Emagic	ES2	Factory Patches -> C Hubertus Maass -> 037 Leads	011 ld Wheelsyncer HM	
Emagic	ES2	Factory Patches -> C Hubertus Maass -> 038 Motions	001 motn Avant Garde HM	
Emagic	ES2	Factory Patches -> C Hubertus Maass -> 038 Motions	002 motn BlackCPUSabbath1HM	
Emagic	ES2	Factory Patches -> C Hubertus Maass -> 038 Motions	003 motn BlackCPUSabbath2HM	
Emagic	ES2	Factory Patches -> C Hubertus Maass -> 038 Motions	004 motn BlackCPUSabbath3HM	
Emagic	ES2	Factory Patches -> C Hubertus Maass -> 038 Motions	005 motn Entropy Score 2 HM	
Emagic	ES2	Factory Patches -> C Hubertus Maass -> 038 Motions	006 motn FractalChurchOrgHM	
Emagic	ES2	Factory Patches -> C Hubertus Maass -> 038 Motions	007 motn Mean Chords HM	
Emagic	ES2	Factory Patches -> C Hubertus Maass -> 038 Motions	008 motn Schrapp HM	
Emagic	ES2	Factory Patches -> C Hubertus Maass -> 038 Motions	009 motn Tabletrance 1 HM	
Emagic	ES2	Factory Patches -> C Hubertus Maass -> 038 Motions	010 motn Techno Madness 1HM	
Emagic	ES2	Factory Patches -> C Hubertus Maass -> 038 Motions	011 motn Techno Madness 2HM	
Emagic	ES2	Factory Patches -> C Hubertus Maass -> 038 Motions	012 motn Tja HM	
Emagic	ES2	Factory Patches -> C Hubertus Maass -> 038 Motions	013 motn Vector Echo HM	
Emagic	ES2	Factory Patches -> C Hubertus Maass -> 038 Motions	014 motn Vector Groove 1 HM	
Emagic	ES2	Factory Patches -> C Hubertus Maass -> 038 Motions	015 motn Vector Groove 2 HM	
Emagic	ES2	Factory Patches -> C Hubertus Maass -> 038 Motions	016 motn Vector Groove 3 HM	
Emagic	ES2	Factory Patches -> C Hubertus Maass -> 038 Motions	017 motn Vector Groove 4 HM	
Emagic	ES2	Factory Patches -> C Hubertus Maass -> 038 Motions	018 motn Vector Groove 5 HM	
Emagic	ES2	Factory Patches -> C Hubertus Maass -> 038 Motions	019 motn Vector Groove 6 HM	
Emagic	ES2	Factory Patches -> C Hubertus Maass -> 039 Organs	001 org Brathahn HM	
Emagic	ES2	Factory Patches -> C Hubertus Maass -> 039 Organs	002 org Drivebox HM	
Emagic	ES2	Factory Patches -> C Hubertus Maass -> 039 Organs	003 org Hammin´ on Eggs HM	
Emagic	ES2	Factory Patches -> C Hubertus Maass -> 039 Organs	004 org Klick Model 1 HM	
Emagic	ES2	Factory Patches -> C Hubertus Maass -> 039 Organs	005 org Klick Model 2 HM	
Emagic	ES2	Factory Patches -> C Hubertus Maass -> 039 Organs	006 org Sacral Register 1HM	
Emagic	ES2	Factory Patches -> C Hubertus Maass -> 039 Organs	007 org Sacral Register 2HM	
Emagic	ES2	Factory Patches -> C Hubertus Maass -> 039 Organs	008OrgSacralRegister2parlHM	
Emagic	ES2	Factory Patches -> C Hubertus Maass -> 039 Organs	009 org Shadeofpale HM	
Emagic	ES2	Factory Patches -> C Hubertus Maass -> 039 Organs	010 org Wheelrocker HM	
Emagic	ES2	Factory Patches -> C Hubertus Maass -> 040 Pads	001 pdAmericanIntervalPadHM	
Emagic	ES2	Factory Patches -> C Hubertus Maass -> 040 Pads	002 pd Brass Swell Pad HM	
Emagic	ES2	Factory Patches -> C Hubertus Maass -> 040 Pads	003 pd Choir 1 HM	
Emagic	ES2	Factory Patches -> C Hubertus Maass -> 040 Pads	004 pd Choirpad 1 HM	
Emagic	ES2	Factory Patches -> C Hubertus Maass -> 040 Pads	005 pd Choirpad 2 HM	
Emagic	ES2	Factory Patches -> C Hubertus Maass -> 040 Pads	006 pd Choirpad 3 HM	
Emagic	ES2	Factory Patches -> C Hubertus Maass -> 040 Pads	007 pd Choirpad 4 HM	
Emagic	ES2	Factory Patches -> C Hubertus Maass -> 040 Pads	008 pd Choirpad 5 HM	
Emagic	ES2	Factory Patches -> C Hubertus Maass -> 040 Pads	009 pd Cumulus 1 HM	
Emagic	ES2	Factory Patches -> C Hubertus Maass -> 040 Pads	010 pd Cumulus 2 HM	
Emagic	ES2	Factory Patches -> C Hubertus Maass -> 040 Pads	011 pd Distant Jericho 1 HM	
Emagic	ES2	Factory Patches -> C Hubertus Maass -> 040 Pads	012 pd Distant Jericho 2 HM	
Emagic	ES2	Factory Patches -> C Hubertus Maass -> 040 Pads	013 pd Dyno Rhodes Pad HM	
Emagic	ES2	Factory Patches -> C Hubertus Maass -> 040 Pads	014 pd Filter Passages 1 HM	
Emagic	ES2	Factory Patches -> C Hubertus Maass -> 040 Pads	015 pd Filter Passages 2 HM	
Emagic	ES2	Factory Patches -> C Hubertus Maass -> 040 Pads	016 pd Gold Rush HM	
Emagic	ES2	Factory Patches -> C Hubertus Maass -> 040 Pads	017 pd Guts & Females HM	
Emagic	ES2	Factory Patches -> C Hubertus Maass -> 040 Pads	018 pd Male Choir HM	
Emagic	ES2	Factory Patches -> C Hubertus Maass -> 040 Pads	019 pd MW-Pad-Creator 1 HM	
Emagic	ES2	Factory Patches -> C Hubertus Maass -> 040 Pads	020 pd MW-Pad-Creator 2 HM	
Emagic	ES2	Factory Patches -> C Hubertus Maass -> 040 Pads	021 pd MW-Pad-Creator 3 HM	
Emagic	ES2	Factory Patches -> C Hubertus Maass -> 040 Pads	022 pd Scary Night HM	
Emagic	ES2	Factory Patches -> C Hubertus Maass -> 040 Pads	023 pd Schmirgl HM	
Emagic	ES2	Factory Patches -> C Hubertus Maass -> 040 Pads	024 pd Sonic Station HM	
Emagic	ES2	Factory Patches -> C Hubertus Maass -> 040 Pads	025 pd Wheelpad HM	
Emagic	ES2	Factory Patches -> C Hubertus Maass -> 041 Perc	001 perc Agogo Bells 1 HM	
Emagic	ES2	Factory Patches -> C Hubertus Maass -> 041 Perc	002 perc Agogo Bells 2 HM	
Emagic	ES2	Factory Patches -> C Hubertus Maass -> 041 Perc	003 perc Celeste HM	
Emagic	ES2	Factory Patches -> C Hubertus Maass -> 041 Perc	004 perc Chimes HM	
Emagic	ES2	Factory Patches -> C Hubertus Maass -> 041 Perc	005 perc Chorussed Bells HM	
Emagic	ES2	Factory Patches -> C Hubertus Maass -> 041 Perc	006 perc Claps 1 HM	
Emagic	ES2	Factory Patches -> C Hubertus Maass -> 041 Perc	007 perc Claps 2 HM	
Emagic	ES2	Factory Patches -> C Hubertus Maass -> 041 Perc	008 perc Conga 1 HM	
Emagic	ES2	Factory Patches -> C Hubertus Maass -> 041 Perc	009 perc Conga 2 HM	
Emagic	ES2	Factory Patches -> C Hubertus Maass -> 041 Perc	010 perc Conga 3 HM	
Emagic	ES2	Factory Patches -> C Hubertus Maass -> 041 Perc	011 perc Conga 4 HM	
Emagic	ES2	Factory Patches -> C Hubertus Maass -> 041 Perc	012 perc Conga 5 HM	
Emagic	ES2	Factory Patches -> C Hubertus Maass -> 041 Perc	013 perc Conga Slap HM	
Emagic	ES2	Factory Patches -> C Hubertus Maass -> 041 Perc	014 perc Cowbell 1 HM	
Emagic	ES2	Factory Patches -> C Hubertus Maass -> 041 Perc	015 perc Cowbell 2 HM	
Emagic	ES2	Factory Patches -> C Hubertus Maass -> 041 Perc	016 perc Eleccent HM	
Emagic	ES2	Factory Patches -> C Hubertus Maass -> 041 Perc	017 perc FM Bells HM	
Emagic	ES2	Factory Patches -> C Hubertus Maass -> 041 Perc	018 perc Guica HM	
Emagic	ES2	Factory Patches -> C Hubertus Maass -> 041 Perc	019 perc Kalimba HM	
Emagic	ES2	Factory Patches -> C Hubertus Maass -> 041 Perc	020 perc Linn Toms HM	
Emagic	ES2	Factory Patches -> C Hubertus Maass -> 041 Perc	021 perc Little Big Ben HM	
Emagic	ES2	Factory Patches -> C Hubertus Maass -> 041 Perc	022 perc Mallet 1 HM	
Emagic	ES2	Factory Patches -> C Hubertus Maass -> 041 Perc	023 perc Marimba HM	
Emagic	ES2	Factory Patches -> C Hubertus Maass -> 041 Perc	024 perc PPG Vibes HM	
Emagic	ES2	Factory Patches -> C Hubertus Maass -> 041 Perc	025 perc Self Resonator HM	
Emagic	ES2	Factory Patches -> C Hubertus Maass -> 041 Perc	026 perc Simmons Toms HM	
Emagic	ES2	Factory Patches -> C Hubertus Maass -> 041 Perc	027 perc Steeldrums 1 HM	
Emagic	ES2	Factory Patches -> C Hubertus Maass -> 041 Perc	028 perc Steeldrums 2 HM	
Emagic	ES2	Factory Patches -> C Hubertus Maass -> 041 Perc	029 perc Steeldrums 3 HM	
Emagic	ES2	Factory Patches -> C Hubertus Maass -> 041 Perc	030 perc Steeldrums 4 HM	
Emagic	ES2	Factory Patches -> C Hubertus Maass -> 041 Perc	031 perc Timbali 1 HM	
Emagic	ES2	Factory Patches -> C Hubertus Maass -> 041 Perc	032 perc Timbali 2 HM	
Emagic	ES2	Factory Patches -> C Hubertus Maass -> 041 Perc	033 perc TR 808-Cowbell 1HM	
Emagic	ES2	Factory Patches -> C Hubertus Maass -> 041 Perc	034 perc TR 808-Cowbell 2HM	
Emagic	ES2	Factory Patches -> C Hubertus Maass -> 041 Perc	035 perc Tubular Bells 1 HM	
Emagic	ES2	Factory Patches -> C Hubertus Maass -> 041 Perc	036 perc Tubular Bells 2 HM	
Emagic	ES2	Factory Patches -> C Hubertus Maass -> 041 Perc	037 perc Vibes HM	
Emagic	ES2	Factory Patches -> C Hubertus Maass -> 042 Poly Stuff	001 pol DX7-Harp HM	
Emagic	ES2	Factory Patches -> C Hubertus Maass -> 042 Poly Stuff	002 pol Honky Pad HM	
Emagic	ES2	Factory Patches -> C Hubertus Maass -> 042 Poly Stuff	003 pol Monsieur BaguetteHM	
Emagic	ES2	Factory Patches -> C Hubertus Maass -> 042 Poly Stuff	004 pol Prophet VS Clavi HM	
Emagic	ES2	Factory Patches -> C Hubertus Maass -> 042 Poly Stuff	005 pol Route 808 HM	
Emagic	ES2	Factory Patches -> C Hubertus Maass -> 042 Poly Stuff	006 pol Sick in Japan HM	
Emagic	ES2	Factory Patches -> C Hubertus Maass -> 042 Poly Stuff	007 pol Strato 1 Pad HM	
Emagic	ES2	Factory Patches -> C Hubertus Maass -> 042 Poly Stuff	008 pol Strato 2 Pad HM	
Emagic	ES2	Factory Patches -> C Hubertus Maass -> 042 Poly Stuff	009 pol Strato 3 Pad HM	
Emagic	ES2	Factory Patches -> C Hubertus Maass -> 042 Poly Stuff	010 pol Sweeping Bag HM	
Emagic	ES2	Factory Patches -> C Hubertus Maass -> 043 Strings	001 strg Bowed Strings 1 HM	
Emagic	ES2	Factory Patches -> C Hubertus Maass -> 043 Strings	002 strg Bowed Strings 2 HM	
Emagic	ES2	Factory Patches -> C Hubertus Maass -> 043 Strings	003 strg Bowed Strings 3 HM	
Emagic	ES2	Factory Patches -> C Hubertus Maass -> 043 Strings	004 strg Chamber 1 HM	
Emagic	ES2	Factory Patches -> C Hubertus Maass -> 043 Strings	005 strg Cyber-Gut HM	
Emagic	ES2	Factory Patches -> C Hubertus Maass -> 043 Strings	006 strg Easy Bowing HM	
Emagic	ES2	Factory Patches -> C Hubertus Maass -> 043 Strings	007 strg Notch Strings 1 HM	
Emagic	ES2	Factory Patches -> C Hubertus Maass -> 043 Strings	008 strg Notch Strings 2 HM	
Emagic	ES2	Factory Patches -> C Hubertus Maass -> 043 Strings	009 strg Pitch Strings HM	
Emagic	ES2	Factory Patches -> C Hubertus Maass -> 043 Strings	010 strg ReversedStrings1HM	
Emagic	ES2	Factory Patches -> C Hubertus Maass -> 043 Strings	011 strg ReversedStrings2HM	
Emagic	ES2	Factory Patches -> C Hubertus Maass -> 043 Strings	012 strg SgnirtsS´reficulHM	
Emagic	ES2	Factory Patches -> C Hubertus Maass -> 043 Strings	013 strg WE Hiss StringerHM	
Emagic	ES2	Factory Patches -> C Hubertus Maass -> 043 Strings	014 strg WE Narrow TimbreHM	
Emagic	ES2	Factory Patches -> C Hubertus Maass -> 043 Strings	015 strg WE Phase StringsHM	
Emagic	ES2	Factory Patches -> C Hubertus Maass -> 043 Strings	016 strg WE String Rush HM	
Emagic	ES2	Factory Patches -> C Hubertus Maass -> 043 Strings	017 strg WE Synthony HM	
Emagic	ES2	Factory Patches -> C Hubertus Maass -> 043 Strings	018 strg WEWideSynStringsHM	
Emagic	ES2	Factory Patches -> C Hubertus Maass -> 043 Strings	019 strg WM Air Cello HM	
Emagic	ES2	Factory Patches -> C Hubertus Maass -> 043 Strings	020 strg WM Big Schrubb HM	
Emagic	ES2	Factory Patches -> C Hubertus Maass -> 043 Strings	021 strg WMJupiterStringsHM	
Emagic	ES2	Factory Patches -> C Hubertus Maass -> 043 Strings	022 strg WM Mod Strings HM	
Emagic	ES2	Factory Patches -> C Hubertus Maass -> 043 Strings	023 strg WMOrchestralBowsHM	
Emagic	ES2	Factory Patches -> C Hubertus Maass -> 043 Strings	024 strg WM PhillyStringsHM	
Emagic	ES2	Factory Patches -> C Hubertus Maass -> 043 Strings	025 strg WM Rhapsody HM	
Emagic	ES2	Factory Patches -> C Hubertus Maass -> 043 Strings	026 strgWMWheel-ColorStrgHM	
Emagic	ES2	Factory Patches -> C Hubertus Maass -> 044 Best of HM	001 brs Brass Section HM	
Emagic	ES2	Factory Patches -> C Hubertus Maass -> 044 Best of HM	002 brs Crescendo Brass HM	
Emagic	ES2	Factory Patches -> C Hubertus Maass -> 044 Best of HM	003 brs Olympic HM	
Emagic	ES2	Factory Patches -> C Hubertus Maass -> 044 Best of HM	004 brs Stab Brass 2 HM	
Emagic	ES2	Factory Patches -> C Hubertus Maass -> 044 Best of HM	005 brs Synthbrass HM	
Emagic	ES2	Factory Patches -> C Hubertus Maass -> 044 Best of HM	006 bs Acid Bass HM	
Emagic	ES2	Factory Patches -> C Hubertus Maass -> 044 Best of HM	007 bs Analogue 1 HM	
Emagic	ES2	Factory Patches -> C Hubertus Maass -> 044 Best of HM	008 bs Fretless Type HM	
Emagic	ES2	Factory Patches -> C Hubertus Maass -> 044 Best of HM	009 bs Housebass HM	
Emagic	ES2	Factory Patches -> C Hubertus Maass -> 044 Best of HM	010 bs Slappenter HM	
Emagic	ES2	Factory Patches -> C Hubertus Maass -> 044 Best of HM	011 bs Woodke 1 HM	
Emagic	ES2	Factory Patches -> C Hubertus Maass -> 044 Best of HM	012 frt Blues Guitar 2 HM	
Emagic	ES2	Factory Patches -> C Hubertus Maass -> 044 Best of HM	013 frt ChrsdDreadnaught2HM	
Emagic	ES2	Factory Patches -> C Hubertus Maass -> 044 Best of HM	014 frt CleanDreadnaught1HM	
Emagic	ES2	Factory Patches -> C Hubertus Maass -> 044 Best of HM	015 frt Cyber-Spainard 1 HM	
Emagic	ES2	Factory Patches -> C Hubertus Maass -> 044 Best of HM	016 frt Sitar 1 HM	
Emagic	ES2	Factory Patches -> C Hubertus Maass -> 044 Best of HM	017 frt Slapped Strat HM	
Emagic	ES2	Factory Patches -> C Hubertus Maass -> 044 Best of HM	018 frt Strat Pad 1 HM	
Emagic	ES2	Factory Patches -> C Hubertus Maass -> 044 Best of HM	019 kb Condenser Rhodes HM	
Emagic	ES2	Factory Patches -> C Hubertus Maass -> 044 Best of HM	020 kb Flange Clavinet HM	
Emagic	ES2	Factory Patches -> C Hubertus Maass -> 044 Best of HM	021 kb GS Model FM HM	
Emagic	ES2	Factory Patches -> C Hubertus Maass -> 044 Best of HM	022 kb Hamsterkla4 HM	
Emagic	ES2	Factory Patches -> C Hubertus Maass -> 044 Best of HM	023 kb My old Uprite HM	
Emagic	ES2	Factory Patches -> C Hubertus Maass -> 044 Best of HM	024 kb Phase Clavi HM	
Emagic	ES2	Factory Patches -> C Hubertus Maass -> 044 Best of HM	025 kb Tremolo Wurlitzer3HM	
Emagic	ES2	Factory Patches -> C Hubertus Maass -> 044 Best of HM	026 kb Wahwah Piano 2 HM	
Emagic	ES2	Factory Patches -> C Hubertus Maass -> 044 Best of HM	027 ld ES Melodies HM	
Emagic	ES2	Factory Patches -> C Hubertus Maass -> 044 Best of HM	028 ld Leadhorn HM	
Emagic	ES2	Factory Patches -> C Hubertus Maass -> 044 Best of HM	029 ld Ping Lead HM	
Emagic	ES2	Factory Patches -> C Hubertus Maass -> 044 Best of HM	030 ld Simple Saw SweeperHM	
Emagic	ES2	Factory Patches -> C Hubertus Maass -> 044 Best of HM	031 ld Wheelsyncer HM	
Emagic	ES2	Factory Patches -> C Hubertus Maass -> 044 Best of HM	032 motn BlackCPUSabbath1HM	
Emagic	ES2	Factory Patches -> C Hubertus Maass -> 044 Best of HM	033 motn Entropy Score 2 HM	
Emagic	ES2	Factory Patches -> C Hubertus Maass -> 044 Best of HM	034 motn FractalChurchOrgHM	
Emagic	ES2	Factory Patches -> C Hubertus Maass -> 044 Best of HM	035 motn Tabletrance 1 HM	
Emagic	ES2	Factory Patches -> C Hubertus Maass -> 044 Best of HM	036 motn Vector Groove 1 HM	
Emagic	ES2	Factory Patches -> C Hubertus Maass -> 044 Best of HM	037 motn Vector Groove 4 HM	
Emagic	ES2	Factory Patches -> C Hubertus Maass -> 044 Best of HM	038 org Brathahn HM	
Emagic	ES2	Factory Patches -> C Hubertus Maass -> 044 Best of HM	039 org Sacral Register 1HM	
Emagic	ES2	Factory Patches -> C Hubertus Maass -> 044 Best of HM	040 org Shadeofpale HM	
Emagic	ES2	Factory Patches -> C Hubertus Maass -> 044 Best of HM	041 org Wheelrocker HM	
Emagic	ES2	Factory Patches -> C Hubertus Maass -> 044 Best of HM	042 pdAmericanIntervalPadHM	
Emagic	ES2	Factory Patches -> C Hubertus Maass -> 044 Best of HM	043 pd Choir 1 HM	
Emagic	ES2	Factory Patches -> C Hubertus Maass -> 044 Best of HM	044 pd Choirpad 3 HM	
Emagic	ES2	Factory Patches -> C Hubertus Maass -> 044 Best of HM	045 pd Cumulus 2 HM	
Emagic	ES2	Factory Patches -> C Hubertus Maass -> 044 Best of HM	046 pd Distant Jericho 1 HM	
Emagic	ES2	Factory Patches -> C Hubertus Maass -> 044 Best of HM	047 pd Dyno Rhodes Pad HM	
Emagic	ES2	Factory Patches -> C Hubertus Maass -> 044 Best of HM	048 pd Filter Passages 2 HM	
Emagic	ES2	Factory Patches -> C Hubertus Maass -> 044 Best of HM	049 pd Gold Rush HM	
Emagic	ES2	Factory Patches -> C Hubertus Maass -> 044 Best of HM	050 pd MW-Pad-Creator 3 HM	
Emagic	ES2	Factory Patches -> C Hubertus Maass -> 044 Best of HM	051 perc Celeste HM	
Emagic	ES2	Factory Patches -> C Hubertus Maass -> 044 Best of HM	052 perc Chorussed Bells HM	
Emagic	ES2	Factory Patches -> C Hubertus Maass -> 044 Best of HM	053 perc Conga 4 HM	
Emagic	ES2	Factory Patches -> C Hubertus Maass -> 044 Best of HM	054 perc Cowbell 2 HM	
Emagic	ES2	Factory Patches -> C Hubertus Maass -> 044 Best of HM	055 perc Little Big Ben HM	
Emagic	ES2	Factory Patches -> C Hubertus Maass -> 044 Best of HM	056 perc Marimba HM	
Emagic	ES2	Factory Patches -> C Hubertus Maass -> 044 Best of HM	057 perc Self Resonator HM	
Emagic	ES2	Factory Patches -> C Hubertus Maass -> 044 Best of HM	058 perc Simmons Toms HM	
Emagic	ES2	Factory Patches -> C Hubertus Maass -> 044 Best of HM	059 perc Steeldrums 1 HM	
Emagic	ES2	Factory Patches -> C Hubertus Maass -> 044 Best of HM	060 perc Timbali 1 HM	
Emagic	ES2	Factory Patches -> C Hubertus Maass -> 044 Best of HM	061 perc TR 808-Cowbell 1HM	
Emagic	ES2	Factory Patches -> C Hubertus Maass -> 044 Best of HM	062 perc Vibes HM	
Emagic	ES2	Factory Patches -> C Hubertus Maass -> 044 Best of HM	063 pol Honky Pad HM	
Emagic	ES2	Factory Patches -> C Hubertus Maass -> 044 Best of HM	064 pol Prophet VS Clavi HM	
Emagic	ES2	Factory Patches -> C Hubertus Maass -> 044 Best of HM	065 pol Sick in Japan HM	
Emagic	ES2	Factory Patches -> C Hubertus Maass -> 044 Best of HM	066 pol Strato 1 Pad HM	
Emagic	ES2	Factory Patches -> C Hubertus Maass -> 044 Best of HM	067 strg SgnirtsS´reficulHM	
Emagic	ES2	Factory Patches -> C Hubertus Maass -> 044 Best of HM	068 strg WM Big Schrubb HM	
Emagic	ES2	Factory Patches -> C Hubertus Maass -> 044 Best of HM	069 strg WMJupiterStringsHM	
Emagic	ES2	Factory Patches -> C Hubertus Maass -> 044 Best of HM	070 strg WMOrchestralBowsHM	
Emagic	ES2	Factory Patches -> C Hubertus Maass -> 044 Best of HM	071 strg WM PhillyStringsHM	
Emagic	ES2	Factory Patches -> C Hubertus Maass -> 044 Best of HM	072 strg WM Rhapsody HM	
Emagic	ES2	Factory Patches -> C Hubertus Maass -> 045 Programming Tour	001 brs Crescendo Brass HM	
Emagic	ES2	Factory Patches -> C Hubertus Maass -> 045 Programming Tour	002 frt Slapped Strat HM	
Emagic	ES2	Factory Patches -> C Hubertus Maass -> 045 Programming Tour	003 ld Wheelsyncer HM	
Emagic	ES2	Factory Patches -> C Hubertus Maass -> 045 Programming Tour	004 org Wheelrocker HM	
Emagic	ES2	Factory Patches -> C Hubertus Maass -> 045 Programming Tour	005 pd MW-Pad-Creator 3 HM	
Emagic	ES2	User Patches -> 064 Basses	001 A Badd Ass Bass_DF	
Emagic	ES2	User Patches -> 064 Basses	002 Bass-BassMan_RyB	
Emagic	ES2	User Patches -> 064 Basses	003 Bass-Elektro3_RyB	
Emagic	ES2	User Patches -> 064 Basses	004 Bass-HDBass_RyB	
Emagic	ES2	User Patches -> 064 Basses	005 Bass-UltraSubbAss_RyB	
Emagic	ES2	User Patches -> 064 Basses	006 BassDist_ZF	
Emagic	ES2	User Patches -> 064 Basses	007 Bendthebass_CSA	
Emagic	ES2	User Patches -> 064 Basses	008 Chaoticbass_CSA	
Emagic	ES2	User Patches -> 064 Basses	009 Deep Bass_FMR	
Emagic	ES2	User Patches -> 064 Basses	010 DigginBass_ZF	
Emagic	ES2	User Patches -> 064 Basses	011 DigitalBass_ZF	
Emagic	ES2	User Patches -> 064 Basses	012 DistBass01_ZF	
Emagic	ES2	User Patches -> 064 Basses	013 DistBass02_ZF	
Emagic	ES2	User Patches -> 064 Basses	014 EBass_ZF	
Emagic	ES2	User Patches -> 064 Basses	015 EthnoBass_ZF	
Emagic	ES2	User Patches -> 064 Basses	016 Euphoricbass_CSA	
Emagic	ES2	User Patches -> 064 Basses	017 FleckBass01_ZF	
Emagic	ES2	User Patches -> 064 Basses	018 FleckBass02_ZF	
Emagic	ES2	User Patches -> 064 Basses	019 FleckBass03_ZF	
Emagic	ES2	User Patches -> 064 Basses	020 FM Perc Snd 2_FMR	
Emagic	ES2	User Patches -> 064 Basses	021 FM Perc Snd 3_FMR	
Emagic	ES2	User Patches -> 064 Basses	022 FMBass-DX_RyB	
Emagic	ES2	User Patches -> 064 Basses	023 FMBass2_RyB	
Emagic	ES2	User Patches -> 064 Basses	024 FMBass3_RyB	
Emagic	ES2	User Patches -> 064 Basses	025 FMBass_ZF	
Emagic	ES2	User Patches -> 064 Basses	026 FoggyMondayBass_03_MI	
Emagic	ES2	User Patches -> 064 Basses	027 FoggyMondayBass_03b_MI	
Emagic	ES2	User Patches -> 064 Basses	028 GoSynthBass_ZF	
Emagic	ES2	User Patches -> 064 Basses	029 HardBass1_RyB	
Emagic	ES2	User Patches -> 064 Basses	030 HighEnergyLegtBass1_ZF	
Emagic	ES2	User Patches -> 064 Basses	031 HighEnergyLegtBass2_ZF	
Emagic	ES2	User Patches -> 064 Basses	032 Jerry'sBass_RyB	
Emagic	ES2	User Patches -> 064 Basses	033 JunoTriBass_ZF	
Emagic	ES2	User Patches -> 064 Basses	034 LittleTB_JV	
Emagic	ES2	User Patches -> 064 Basses	035 Long Bass_FMR	
Emagic	ES2	User Patches -> 064 Basses	036 LooseFM_JV	
Emagic	ES2	User Patches -> 064 Basses	037 MasonBass_ZF	
Emagic	ES2	User Patches -> 064 Basses	038 MatrixBass01_ZF	
Emagic	ES2	User Patches -> 064 Basses	039 MatrixBass02_ZF	
Emagic	ES2	User Patches -> 064 Basses	040 MWHarmPluckBass01_MI	
Emagic	ES2	User Patches -> 064 Basses	041 NeedleBass_RyB	
Emagic	ES2	User Patches -> 064 Basses	042 NuttyBass_ZF	
Emagic	ES2	User Patches -> 064 Basses	043 Octopus 8 Bass_MJ	
Emagic	ES2	User Patches -> 064 Basses	044 Octopus 16 Bass_MJ	
Emagic	ES2	User Patches -> 064 Basses	045 Overdrive El_Guitar_FMR	
Emagic	ES2	User Patches -> 064 Basses	046 Overweightbass_CSA	
Emagic	ES2	User Patches -> 064 Basses	047 PulseSubBass_JV	
Emagic	ES2	User Patches -> 064 Basses	048 Raspbass_CSA	
Emagic	ES2	User Patches -> 064 Basses	049 Re-RewindPulseBass_JV	
Emagic	ES2	User Patches -> 064 Basses	050 Simple Synth Bass_FMR	
Emagic	ES2	User Patches -> 064 Basses	051 SimplePulse_JV	
Emagic	ES2	User Patches -> 064 Basses	052 SimpleSaw_JV	
Emagic	ES2	User Patches -> 064 Basses	053 SmoothSub_JV	
Emagic	ES2	User Patches -> 064 Basses	054 SoftPulse_JV	
Emagic	ES2	User Patches -> 064 Basses	055 SoftSawBass_JV	
Emagic	ES2	User Patches -> 064 Basses	056 SquareBass_RyB	
Emagic	ES2	User Patches -> 064 Basses	057 SubSawBass_JV	
Emagic	ES2	User Patches -> 064 Basses	058 Synth Bass 0_FMR	
Emagic	ES2	User Patches -> 064 Basses	059 Synth Bass 1_FMR	
Emagic	ES2	User Patches -> 064 Basses	060 Synth Bass 2_FMR	
Emagic	ES2	User Patches -> 064 Basses	061 Synth Bass 3_FMR	
Emagic	ES2	User Patches -> 064 Basses	062 Synth Bass 4_FMR	
Emagic	ES2	User Patches -> 064 Basses	063 Synth Bass 5_FMR	
Emagic	ES2	User Patches -> 064 Basses	064 Synth Res Bass_FMR	
Emagic	ES2	User Patches -> 064 Basses	065 TeBeikBass01_ZF	
Emagic	ES2	User Patches -> 064 Basses	066 Tequer_ MJ	
Emagic	ES2	User Patches -> 064 Basses	067 TimpBass_01b_MI	
Emagic	ES2	User Patches -> 064 Basses	068 TouchBass_JV	
Emagic	ES2	User Patches -> 064 Basses	069 WakoSynthBass_ZF	
Emagic	ES2	User Patches -> 064 Basses	070 Woodblocker_ALW	
Emagic	ES2	User Patches -> 065 Bells	001 Bell_FMR	
Emagic	ES2	User Patches -> 065 Bells	002 Carillon_AGZ	
Emagic	ES2	User Patches -> 065 Bells	003 Chariots8th_EXS	
Emagic	ES2	User Patches -> 065 Bells	004 Chimes_MW	
Emagic	ES2	User Patches -> 065 Bells	005 CrystalBells_AGZ	
Emagic	ES2	User Patches -> 065 Bells	006 Digital Japan_MJ	
Emagic	ES2	User Patches -> 065 Bells	007 DigitalHarp_AGZ	
Emagic	ES2	User Patches -> 065 Bells	008 Es Harp_MJ	
Emagic	ES2	User Patches -> 065 Bells	009 EsBellas_AGZ	
Emagic	ES2	User Patches -> 065 Bells	010 ESpression_AGZ	
Emagic	ES2	User Patches -> 065 Bells	011 FM Crystal Bells_FMR	
Emagic	ES2	User Patches -> 065 Bells	012 FM Ice Bells_FMR	
Emagic	ES2	User Patches -> 065 Bells	013 FM Tubular Bells_FMR	
Emagic	ES2	User Patches -> 065 Bells	014 Glocken Vibes 1_FMR	
Emagic	ES2	User Patches -> 065 Bells	015 Glocken Vibes 2_FMR	
Emagic	ES2	User Patches -> 065 Bells	016 Glockenplay_MJ	
Emagic	ES2	User Patches -> 065 Bells	017 MoreBells01_ZF	
Emagic	ES2	User Patches -> 065 Bells	018 MoreBells02_ZF	
Emagic	ES2	User Patches -> 065 Bells	019 OldAndSad_AGZ	
Emagic	ES2	User Patches -> 065 Bells	020 PluckedString_ZF	
Emagic	ES2	User Patches -> 065 Bells	021 Release me_MW	
Emagic	ES2	User Patches -> 065 Bells	022 ShortSimpleBells_ZF	
Emagic	ES2	User Patches -> 065 Bells	023 Soft Vibra-Rodhes_MW	
Emagic	ES2	User Patches -> 065 Bells	024 SoftSine_RyB	
Emagic	ES2	User Patches -> 065 Bells	025 TrueTouch_AGZ	
Emagic	ES2	User Patches -> 065 Bells	026 Ultra Glass_FMR	
Emagic	ES2	User Patches -> 065 Bells	027 UnderwaterSun_AGZ	
Emagic	ES2	User Patches -> 065 Bells	028 Wineglass_MJ	
Emagic	ES2	User Patches -> 066 FX and Noise	001 ADU-EFX_ViaVel	
Emagic	ES2	User Patches -> 066 FX and Noise	002 ADU-Synchrosound	
Emagic	ES2	User Patches -> 066 FX and Noise	003 Aged_MJ	
Emagic	ES2	User Patches -> 066 FX and Noise	004 Bell Play_MJ	
Emagic	ES2	User Patches -> 066 FX and Noise	005 Bubbles_FMR	
Emagic	ES2	User Patches -> 066 FX and Noise	006 ChariotsNoise_AGZ	
Emagic	ES2	User Patches -> 066 FX and Noise	007 Computer Games_FMR	
Emagic	ES2	User Patches -> 066 FX and Noise	008 Crop Duster_MJ	
Emagic	ES2	User Patches -> 066 FX and Noise	009 Demonizz_RyB	
Emagic	ES2	User Patches -> 066 FX and Noise	010 Digital Overfat2_RyB	
Emagic	ES2	User Patches -> 066 FX and Noise	011 Emba_MJ	
Emagic	ES2	User Patches -> 066 FX and Noise	012 Fadecutter_ALW	
Emagic	ES2	User Patches -> 066 FX and Noise	013 Fed Back_RyB	
Emagic	ES2	User Patches -> 066 FX and Noise	014 Floater1_RyB	
Emagic	ES2	User Patches -> 066 FX and Noise	015 FloodWheel_AGZ	
Emagic	ES2	User Patches -> 066 FX and Noise	016 FM crazyness_FMR	
Emagic	ES2	User Patches -> 066 FX and Noise	017 FM Perc Snd 1_FMR	
Emagic	ES2	User Patches -> 066 FX and Noise	018 FX_HighVoltage_ZF	
Emagic	ES2	User Patches -> 066 FX and Noise	019 FX_PiouwResoDist_ZF	
Emagic	ES2	User Patches -> 066 FX and Noise	020 FX_RadioTuner_ZF	
Emagic	ES2	User Patches -> 066 FX and Noise	021 GhostInDaMachin_ALW	
Emagic	ES2	User Patches -> 066 FX and Noise	022 Goasts_RyB	
Emagic	ES2	User Patches -> 066 FX and Noise	023 Heat_ MJ	
Emagic	ES2	User Patches -> 066 FX and Noise	024 I'M NOT SHOUTING_MJ	
Emagic	ES2	User Patches -> 066 FX and Noise	025 Kylie's Brain_MJ	
Emagic	ES2	User Patches -> 066 FX and Noise	026 Liftoff_CSA	
Emagic	ES2	User Patches -> 066 FX and Noise	027 MacOS XI Startup_RyB	
Emagic	ES2	User Patches -> 066 FX and Noise	028 Metaloid2_RyB	
Emagic	ES2	User Patches -> 066 FX and Noise	029 Metaloid3_RyB	
Emagic	ES2	User Patches -> 066 FX and Noise	030 Metaloid_RyB	
Emagic	ES2	User Patches -> 066 FX and Noise	031 Mind & Space_RyB	
Emagic	ES2	User Patches -> 066 FX and Noise	032 NoiseTimpani_AGZ	
Emagic	ES2	User Patches -> 066 FX and Noise	033 Pacman Lives!_MJ	
Emagic	ES2	User Patches -> 066 FX and Noise	034 Pacman Lives_MJ	
Emagic	ES2	User Patches -> 066 FX and Noise	035 Paranoia Machine_ALW	
Emagic	ES2	User Patches -> 066 FX and Noise	036 Pfrink_MJ	
Emagic	ES2	User Patches -> 066 FX and Noise	037 Pressure Alarm_ALW	
Emagic	ES2	User Patches -> 066 FX and Noise	038 Psycho_RyB	
Emagic	ES2	User Patches -> 066 FX and Noise	039 RandomMelo_RyB	
Emagic	ES2	User Patches -> 066 FX and Noise	040 Sci Five_MJ	
Emagic	ES2	User Patches -> 066 FX and Noise	041 She's breaking up!_MJ	
Emagic	ES2	User Patches -> 066 FX and Noise	042 Shimmer_RyB	
Emagic	ES2	User Patches -> 066 FX and Noise	043 Single Prop Plane_DB	
Emagic	ES2	User Patches -> 066 FX and Noise	044 SlowDown_JV	
Emagic	ES2	User Patches -> 066 FX and Noise	045 SoftSinePsycho_RyB	
Emagic	ES2	User Patches -> 066 FX and Noise	046 Sonar_AGZ	
Emagic	ES2	User Patches -> 066 FX and Noise	047 Sonar_RyB	
Emagic	ES2	User Patches -> 066 FX and Noise	048 TunedBreath_AGZ	
Emagic	ES2	User Patches -> 066 FX and Noise	049 Vapourwave_MJ	
Emagic	ES2	User Patches -> 067 Keyboards	001 AnyKey_ZF	
Emagic	ES2	User Patches -> 067 Keyboards	002 Clavichord_MW	
Emagic	ES2	User Patches -> 067 Keyboards	003 Dirty clav_MW	
Emagic	ES2	User Patches -> 067 Keyboards	004 Dirtyhammond_CSA	
Emagic	ES2	User Patches -> 067 Keyboards	005 EP sound 1_FMR	
Emagic	ES2	User Patches -> 067 Keyboards	006 EP sound 3_FMR	
Emagic	ES2	User Patches -> 067 Keyboards	007 EP Sound 4_FMR	
Emagic	ES2	User Patches -> 067 Keyboards	008 FM flanged Keys_FMR	
Emagic	ES2	User Patches -> 067 Keyboards	009 Phased SynthCelesta_FMR	
Emagic	ES2	User Patches -> 067 Keyboards	010 Phased Synthiano_FMR	
Emagic	ES2	User Patches -> 067 Keyboards	011 Pinpoints_CSA	
Emagic	ES2	User Patches -> 067 Keyboards	012 Popchords_CSA	
Emagic	ES2	User Patches -> 067 Keyboards	013 Resoclav_CSA	
Emagic	ES2	User Patches -> 067 Keyboards	014 Snatchone_CSA	
Emagic	ES2	User Patches -> 067 Keyboards	015 Snatchtwo_CSA	
Emagic	ES2	User Patches -> 067 Keyboards	016 Soft Vibra-Rodhes_MW	
Emagic	ES2	User Patches -> 067 Keyboards	017 Synth Clavinet_FMR	
Emagic	ES2	User Patches -> 067 Keyboards	018 Synth Piano 1_FMR	
Emagic	ES2	User Patches -> 067 Keyboards	019 Synth Piano 2_FMR	
Emagic	ES2	User Patches -> 067 Keyboards	020 Synth Piano 3_FMR	
Emagic	ES2	User Patches -> 067 Keyboards	021 Teds Funk	
Emagic	ES2	User Patches -> 067 Keyboards	022 Threateners_CSA	
Emagic	ES2	User Patches -> 067 Keyboards	023 Steel  Synth_MW	
Emagic	ES2	User Patches -> 068 Leads	001 AttackSynth_ZF	
Emagic	ES2	User Patches -> 068 Leads	002 BelleString_JV	
Emagic	ES2	User Patches -> 068 Leads	003 Big Dynamic Brass 2_FMR	
Emagic	ES2	User Patches -> 068 Leads	004 Big Dynamic Brass 3_FMR	
Emagic	ES2	User Patches -> 068 Leads	005 Big Lead 2_FMR	
Emagic	ES2	User Patches -> 068 Leads	006 Big Lead_FMR	
Emagic	ES2	User Patches -> 068 Leads	007 Brass 2_FMR	
Emagic	ES2	User Patches -> 068 Leads	008 Cheeseylead_CSA	
Emagic	ES2	User Patches -> 068 Leads	009 ChinaLead_AGZ	
Emagic	ES2	User Patches -> 068 Leads	010 Clarinet_FMR	
Emagic	ES2	User Patches -> 068 Leads	011 Colossus Basss_MJ	
Emagic	ES2	User Patches -> 068 Leads	012 CrystalPad_ALW	
Emagic	ES2	User Patches -> 068 Leads	013 DetunedNoiseRelease_ZF	
Emagic	ES2	User Patches -> 068 Leads	014 DetunedSynth_ZF	
Emagic	ES2	User Patches -> 068 Leads	015 Dragon Pipe Breath_ALW	
Emagic	ES2	User Patches -> 068 Leads	016 DriveIntoDistortion2_JV	
Emagic	ES2	User Patches -> 068 Leads	017 DriveIntoDistortion_JV	
Emagic	ES2	User Patches -> 068 Leads	018 Easternflute_CSA	
Emagic	ES2	User Patches -> 068 Leads	019 Evangelica_AGZ	
Emagic	ES2	User Patches -> 068 Leads	020 Flute_FMR	
Emagic	ES2	User Patches -> 068 Leads	021 HammerLead_AGZ	
Emagic	ES2	User Patches -> 068 Leads	022 HarmoLead_AGZ	
Emagic	ES2	User Patches -> 068 Leads	023 Lead Sweep_FMR	
Emagic	ES2	User Patches -> 068 Leads	024 Lead-Breezy_RyB	
Emagic	ES2	User Patches -> 068 Leads	025 Lead-EuroSynth_RyB	
Emagic	ES2	User Patches -> 068 Leads	026 Lead-FatLead_RyB	
Emagic	ES2	User Patches -> 068 Leads	027 Lead-Lead_MW	
Emagic	ES2	User Patches -> 068 Leads	028 Lead-Minor Chord2_RyB	
Emagic	ES2	User Patches -> 068 Leads	029 Lead-Minor Chord_RyB	
Emagic	ES2	User Patches -> 068 Leads	030 LegatoSynth_ZF	
Emagic	ES2	User Patches -> 068 Leads	031 LePhaseur_JV	
Emagic	ES2	User Patches -> 068 Leads	032 LimboTrance_JV	
Emagic	ES2	User Patches -> 068 Leads	033 MW Fuzzy Guitar_MW	
Emagic	ES2	User Patches -> 068 Leads	034 mQ-Imitate_RyB	
Emagic	ES2	User Patches -> 068 Leads	035 Nasalreed_CSA	
Emagic	ES2	User Patches -> 068 Leads	036 NoisyDrive_JV	
Emagic	ES2	User Patches -> 068 Leads	037 Oscar_DB	
Emagic	ES2	User Patches -> 068 Leads	038 Pedal n Bass_DB	
Emagic	ES2	User Patches -> 068 Leads	039 Ruffitup_CSA	
Emagic	ES2	User Patches -> 068 Leads	040 Saw Lead 1_FMR	
Emagic	ES2	User Patches -> 068 Leads	041 Saw Lead 2_FMR	
Emagic	ES2	User Patches -> 068 Leads	042 Sequ-3Saws_RyB	
Emagic	ES2	User Patches -> 068 Leads	043 Square Lead 1_FMR	
Emagic	ES2	User Patches -> 068 Leads	044 Square Lead 2_FMR	
Emagic	ES2	User Patches -> 068 Leads	045 Squawk Synth_FMR	
Emagic	ES2	User Patches -> 068 Leads	046 Synth-Mandala1_RyB	
Emagic	ES2	User Patches -> 068 Leads	047 SynthDist_ZF	
Emagic	ES2	User Patches -> 068 Leads	048 Teds Dirty Lead Solo_TP	
Emagic	ES2	User Patches -> 068 Leads	049 ThemePad_RyB	
Emagic	ES2	User Patches -> 068 Leads	050 Tuba_MW	
Emagic	ES2	User Patches -> 068 Leads	051 vangelis_DB	
Emagic	ES2	User Patches -> 068 Leads	052 VoiceGlideEcho_MW	
Emagic	ES2	User Patches -> 068 Leads	053 Wah Synth_FMR	
Emagic	ES2	User Patches -> 068 Leads	054 WhirlyTube_elec02d_MI	
Emagic	ES2	User Patches -> 068 Leads	055 Yazoo Bass & Brass_DB	
Emagic	ES2	User Patches -> 069 Motions	001 Agressio_ALW	
Emagic	ES2	User Patches -> 069 Motions	002 Bigsky_CSA	
Emagic	ES2	User Patches -> 069 Motions	003 Carpenterbasspad_CSA	
Emagic	ES2	User Patches -> 069 Motions	004 Circle Pad-MW	
Emagic	ES2	User Patches -> 069 Motions	005 DigerElectricity_RyB	
Emagic	ES2	User Patches -> 069 Motions	006 Digi-Redo_05_MI	
Emagic	ES2	User Patches -> 069 Motions	007 Excalibur_AGZ	
Emagic	ES2	User Patches -> 069 Motions	008 Farscapes_AGZ	
Emagic	ES2	User Patches -> 069 Motions	009 Glass Sphere_ALW	
Emagic	ES2	User Patches -> 069 Motions	010 Jittery Punch_ALW	
Emagic	ES2	User Patches -> 069 Motions	011 Journey to the Waves 1	
Emagic	ES2	User Patches -> 069 Motions	012 Journey to the Waves 2	
Emagic	ES2	User Patches -> 069 Motions	013 L-7_ALW	
Emagic	ES2	User Patches -> 069 Motions	014 Majestic Rhythm_MW	
Emagic	ES2	User Patches -> 069 Motions	015 PadLFO01_ZF	
Emagic	ES2	User Patches -> 069 Motions	016 PadLFO02_ZF	
Emagic	ES2	User Patches -> 069 Motions	017 Shimoma 8_MJ	
Emagic	ES2	User Patches -> 069 Motions	018 Shimoma 16_MJ	
Emagic	ES2	User Patches -> 069 Motions	019 Stammer_AW	
Emagic	ES2	User Patches -> 069 Motions	020 Surround Pad Vector_MW	
Emagic	ES2	User Patches -> 069 Motions	021 Tribal Bass (long)_MW	
Emagic	ES2	User Patches -> 069 Motions	022 Vector Bass_MW	
Emagic	ES2	User Patches -> 069 Motions	023 Vector Pad 1_FMR	
Emagic	ES2	User Patches -> 069 Motions	024 Vector Pad 2_FMR	
Emagic	ES2	User Patches -> 069 Motions	025 VectorPad01_ZF	
Emagic	ES2	User Patches -> 069 Motions	026 VectorPad02Mountains_ZF	
Emagic	ES2	User Patches -> 069 Motions	027 VectorPad03Boat_ZF	
Emagic	ES2	User Patches -> 069 Motions	028 vectorseven_CSA	
Emagic	ES2	User Patches -> 069 Motions	029 VSequ-8th Ambiente_RyB	
Emagic	ES2	User Patches -> 069 Motions	030 VSequ-16thSequenc_RyB	
Emagic	ES2	User Patches -> 069 Motions	031 VSequ-dotted8th-2_RyB	
Emagic	ES2	User Patches -> 069 Motions	032 VSequ-dotted8th_RyB	
Emagic	ES2	User Patches -> 069 Motions	033 VSequ-Filtermover-1_RyB	
Emagic	ES2	User Patches -> 069 Motions	034 VSequ-Filtermover-2_RyB	
Emagic	ES2	User Patches -> 069 Motions	035 VSequ-Infected_RyB	
Emagic	ES2	User Patches -> 069 Motions	036 VSequ-Theme01_RyB	
Emagic	ES2	User Patches -> 069 Motions	037 VSequ-TrioAlcoholic_RyB	
Emagic	ES2	User Patches -> 069 Motions	038 VSequVoco-mod&wet_RyB	
Emagic	ES2	User Patches -> 069 Motions	039 VSequVoco-mod_RyB	
Emagic	ES2	User Patches -> 069 Motions	040 VSequVoco-straight_RyB	
Emagic	ES2	User Patches -> 069 Motions	041 Voco Rythm_MW	
Emagic	ES2	User Patches -> 070 Organs	001 Church Organ_FMR	
Emagic	ES2	User Patches -> 070 Organs	002 Deep Purple_FMR	
Emagic	ES2	User Patches -> 070 Organs	003 FriendlyOrgan_ZF	
Emagic	ES2	User Patches -> 070 Organs	004 Hammondesque_FMR	
Emagic	ES2	User Patches -> 070 Organs	005 MWHarmPercOrgan1_MI	
Emagic	ES2	User Patches -> 070 Organs	006 Organ 1_FMR	
Emagic	ES2	User Patches -> 070 Organs	007 Organ 2_FMR	
Emagic	ES2	User Patches -> 070 Organs	008 OrganFromHell_AGZ	
Emagic	ES2	User Patches -> 070 Organs	009 OrganFromPurgatory_AGZ	
Emagic	ES2	User Patches -> 070 Organs	010 Organica_AGZ	
Emagic	ES2	User Patches -> 070 Organs	011 Pipe Organ 1_FMR	
Emagic	ES2	User Patches -> 070 Organs	012 Pipe Organ 2_FMR	
Emagic	ES2	User Patches -> 070 Organs	013 RoughOrganMW01_MI	
Emagic	ES2	User Patches -> 070 Organs	014 RoughOrganMWsync_02_MI	
Emagic	ES2	User Patches -> 070 Organs	015 RoughOrganMWsync_03_MI	
Emagic	ES2	User Patches -> 071 Pads	001 5thPadStraight_RyB	
Emagic	ES2	User Patches -> 071 Pads	002 Aliasing Pad_RyB	
Emagic	ES2	User Patches -> 071 Pads	003 AtTheEdge_AGZ	
Emagic	ES2	User Patches -> 071 Pads	004 BeaconWatcherVel_AGZ	
Emagic	ES2	User Patches -> 071 Pads	005 Bell FM Pad_MW	
Emagic	ES2	User Patches -> 071 Pads	006 BerlinPad_ZF	
Emagic	ES2	User Patches -> 071 Pads	007 BPPad_FilterFM01_ZF	
Emagic	ES2	User Patches -> 071 Pads	008 BPPad_FilterFM02_ZF	
Emagic	ES2	User Patches -> 071 Pads	009 Celestial_Pad_MW	
Emagic	ES2	User Patches -> 071 Pads	010 DigiTapis_JV	
Emagic	ES2	User Patches -> 071 Pads	011 FilterMeOpen_JV	
Emagic	ES2	User Patches -> 071 Pads	012 FM Icing Pad 2_FMR	
Emagic	ES2	User Patches -> 071 Pads	013 FM Icing Pad 3_FMR	
Emagic	ES2	User Patches -> 071 Pads	014 FM Icing Pad 4_FMR	
Emagic	ES2	User Patches -> 071 Pads	015 FM Icing Pad 5_FMR	
Emagic	ES2	User Patches -> 071 Pads	016 FM Metal Pad_FMR	
Emagic	ES2	User Patches -> 071 Pads	017 FM Sweep_FMR	
Emagic	ES2	User Patches -> 071 Pads	018 GlassPad1_RyB	
Emagic	ES2	User Patches -> 071 Pads	019 GlassPad2_RyB	
Emagic	ES2	User Patches -> 071 Pads	020 Harmonics sweep_MW	
Emagic	ES2	User Patches -> 071 Pads	021 High Pad_FMR	
Emagic	ES2	User Patches -> 071 Pads	022 High Strings_FMR	
Emagic	ES2	User Patches -> 071 Pads	023 HouseOfHorror_JV	
Emagic	ES2	User Patches -> 071 Pads	024 IFeelItPad_ZF	
Emagic	ES2	User Patches -> 071 Pads	025 Justswell_CSA	
Emagic	ES2	User Patches -> 071 Pads	026 Kitaro Flute_FMR	
Emagic	ES2	User Patches -> 071 Pads	027 KrankesPad_ZF	
Emagic	ES2	User Patches -> 071 Pads	028 Kumatchki_MJ	
Emagic	ES2	User Patches -> 071 Pads	029 Lastpost_CSA	
Emagic	ES2	User Patches -> 071 Pads	030 LittleShinyStarts_AGZ	
Emagic	ES2	User Patches -> 071 Pads	031 Lust Pad 0_FMR	
Emagic	ES2	User Patches -> 071 Pads	032 Lust Pad 1_FMR	
Emagic	ES2	User Patches -> 071 Pads	033 Lust Pad 2_FMR	
Emagic	ES2	User Patches -> 071 Pads	034 Lust Pad 3_FMR	
Emagic	ES2	User Patches -> 071 Pads	035 Majestic Pad_MW	
Emagic	ES2	User Patches -> 071 Pads	036 MatrixPad01_ZF	
Emagic	ES2	User Patches -> 071 Pads	037 MatrixPad02_ZF	
Emagic	ES2	User Patches -> 071 Pads	038 MC Smoothie_JV	
Emagic	ES2	User Patches -> 071 Pads	039 Metalogy_MJ	
Emagic	ES2	User Patches -> 071 Pads	040 MisteryCrystal_AGZ	
Emagic	ES2	User Patches -> 071 Pads	041 MistyPad_JV	
Emagic	ES2	User Patches -> 071 Pads	042 MW Sweep Pad_MW	
Emagic	ES2	User Patches -> 071 Pads	043 Oboesque_ALW	
Emagic	ES2	User Patches -> 071 Pads	044 Pad#FM Organic_FMR	
Emagic	ES2	User Patches -> 071 Pads	045 Pad#Synth Organ_FMR	
Emagic	ES2	User Patches -> 071 Pads	046 Pad-SlowString_RyB	
Emagic	ES2	User Patches -> 071 Pads	047 Pad-Voxy_RyB	
Emagic	ES2	User Patches -> 071 Pads	048 PadFactory_AGZ	
Emagic	ES2	User Patches -> 071 Pads	049 Pan Pad 1_FMR	
Emagic	ES2	User Patches -> 071 Pads	050 Phased Synth Pad_FMR	
Emagic	ES2	User Patches -> 071 Pads	051 PhatPad_JV	
Emagic	ES2	User Patches -> 071 Pads	052 PinnebergPadBP_ZF	
Emagic	ES2	User Patches -> 071 Pads	053 Polysynth Pad 1_FMR	
Emagic	ES2	User Patches -> 071 Pads	054 Polysynth Pad 2_FMR	
Emagic	ES2	User Patches -> 071 Pads	055 Purity_AGZ	
Emagic	ES2	User Patches -> 071 Pads	056 PWM Strings 1_FMR	
Emagic	ES2	User Patches -> 071 Pads	057 Reso HPF Pad_FMR	
Emagic	ES2	User Patches -> 071 Pads	058 Resting_CSA	
Emagic	ES2	User Patches -> 071 Pads	059 RichSaw_AGZ	
Emagic	ES2	User Patches -> 071 Pads	060 RoofPad_ZF	
Emagic	ES2	User Patches -> 071 Pads	061 Sawpad_RyB	
Emagic	ES2	User Patches -> 071 Pads	062 SensibleSquares_AGZ	
Emagic	ES2	User Patches -> 071 Pads	063 Simply Strings_FMR	
Emagic	ES2	User Patches -> 071 Pads	064 sinebells_CSA	
Emagic	ES2	User Patches -> 071 Pads	065 SoftCarpet_JV	
Emagic	ES2	User Patches -> 071 Pads	066 SpookyGlassPad_ZF	
Emagic	ES2	User Patches -> 071 Pads	067 Stillingpad_CSA	
Emagic	ES2	User Patches -> 071 Pads	068 Strng Pad&Wavetable_FMR	
Emagic	ES2	User Patches -> 071 Pads	069 Strings Digital 1_FMR	
Emagic	ES2	User Patches -> 071 Pads	070 Strings Digital 2_FMR	
Emagic	ES2	User Patches -> 071 Pads	071 SunnyPad_JV	
Emagic	ES2	User Patches -> 071 Pads	072 Suspended_AGZ	
Emagic	ES2	User Patches -> 071 Pads	073 SwanePad_ZF	
Emagic	ES2	User Patches -> 071 Pads	074 Sweep Pad 2_FMR	
Emagic	ES2	User Patches -> 071 Pads	075 Sweep_Pad_MW	
Emagic	ES2	User Patches -> 071 Pads	076 Sweeper_ALW	
Emagic	ES2	User Patches -> 071 Pads	077 Sweeper_FMR	
Emagic	ES2	User Patches -> 071 Pads	078 TapisPlein_JV	
Emagic	ES2	User Patches -> 071 Pads	079 TensionPad_ZF	
Emagic	ES2	User Patches -> 071 Pads	080 Theremimic_ALW	
Emagic	ES2	User Patches -> 071 Pads	081 TheRoaringSilence_RyB	
Emagic	ES2	User Patches -> 071 Pads	082 TreePad_ZF	
Emagic	ES2	User Patches -> 071 Pads	083 Trembling Pad_RyB	
Emagic	ES2	User Patches -> 071 Pads	084 VectorPad_AGZ	
Emagic	ES2	User Patches -> 071 Pads	085 VeloAttackPad_MW	
Emagic	ES2	User Patches -> 071 Pads	086 VeloPrehistLandscape_MW	
Emagic	ES2	User Patches -> 071 Pads	087 WarmPad_RyB	
Emagic	ES2	User Patches -> 071 Pads	088 Warszawa_DB	
Emagic	ES2	User Patches -> 071 Pads	089 Zellweger_MJ	
Emagic	ES2	User Patches -> 071 Pads	090 Zen Pool Bubbles_ALW	
Emagic	ES2	User Patches -> 071 Pads	091 Zen Pool_ALW	
Emagic	ES2	User Patches -> 071 Pads	092 ZoomPad_RyB	
Emagic	ES2	User Patches -> 072 Pads Lead	001 Big Synth Pad 1_FMR	
Emagic	ES2	User Patches -> 072 Pads Lead	002 Big Synth Pad 2_FMR	
Emagic	ES2	User Patches -> 072 Pads Lead	003 Digital Strings 0_FMR	
Emagic	ES2	User Patches -> 072 Pads Lead	004 Digital Strings 1_FMR	
Emagic	ES2	User Patches -> 072 Pads Lead	005 Digital Strings 2_FMR	
Emagic	ES2	User Patches -> 072 Pads Lead	006 Epichant_AGZ	
Emagic	ES2	User Patches -> 072 Pads Lead	007 FM Distortion Pad_FMR	
Emagic	ES2	User Patches -> 072 Pads Lead	008 FM Resonance Pad_FMR	
Emagic	ES2	User Patches -> 072 Pads Lead	009 PWM & Resonance_FMR	
Emagic	ES2	User Patches -> 072 Pads Lead	010 Saw Strings 1_FMR	
Emagic	ES2	User Patches -> 072 Pads Lead	011 Saw Strings 2_FMR	
Emagic	ES2	User Patches -> 072 Pads Lead	012 Soft Choir Pad 1_FMR	
Emagic	ES2	User Patches -> 072 Pads Lead	013 Soft Choir Pad 2_FMR	
Emagic	ES2	User Patches -> 072 Pads Lead	014 String Ensemble 1_FMR	
Emagic	ES2	User Patches -> 072 Pads Lead	015 String Ensemble 2_FMR	
Emagic	ES2	User Patches -> 072 Pads Lead	016 Synth Orgues_MW	
Emagic	ES2	User Patches -> 072 Pads Lead	017 Synth Pad_MW	
Emagic	ES2	User Patches -> 073 Percussion	001 Analog Bd_MJ	
Emagic	ES2	User Patches -> 073 Percussion	002 Analog Rim_MJ	
Emagic	ES2	User Patches -> 073 Percussion	003 Analog Soft Tom_MJ	
Emagic	ES2	User Patches -> 073 Percussion	004 Analog Tom_MJ	
Emagic	ES2	User Patches -> 073 Percussion	005 Bd Klik_MJ	
Emagic	ES2	User Patches -> 073 Percussion	006 Bd Max_MJ	
Emagic	ES2	User Patches -> 073 Percussion	007 Bd Sor_MJ	
Emagic	ES2	User Patches -> 073 Percussion	008 BD(C3)_RyB	
Emagic	ES2	User Patches -> 073 Percussion	009 BD-distorted(C3)_RyB	
Emagic	ES2	User Patches -> 073 Percussion	010 BDDance01_ZF	
Emagic	ES2	User Patches -> 073 Percussion	011 BDDance02_ZF	
Emagic	ES2	User Patches -> 073 Percussion	012 BigSteps_02_MI	
Emagic	ES2	User Patches -> 073 Percussion	013 Cliker_MJ	
Emagic	ES2	User Patches -> 073 Percussion	014 Closedhat1_CSA	
Emagic	ES2	User Patches -> 073 Percussion	015 Closedhat2_CSA	
Emagic	ES2	User Patches -> 073 Percussion	016 Disco Stu_MJ	
Emagic	ES2	User Patches -> 073 Percussion	017 eCastanet_MJ	
Emagic	ES2	User Patches -> 073 Percussion	018 Fidjiclock_ZF	
Emagic	ES2	User Patches -> 073 Percussion	019 Gamelan_FMR	
Emagic	ES2	User Patches -> 073 Percussion	020 Logdrums_CSA	
Emagic	ES2	User Patches -> 073 Percussion	021 Pitched ElectroToms_FMR	
Emagic	ES2	User Patches -> 073 Percussion	022 Reno_MJ	
Emagic	ES2	User Patches -> 073 Percussion	023 Roundkick_CSA	
Emagic	ES2	User Patches -> 073 Percussion	024 Simplesnare_CSA	
Emagic	ES2	User Patches -> 073 Percussion	025 Tom Feedback_MJ	
Emagic	ES2	User Patches -> 073 Percussion	026 Wa-rong_MJ	
Emagic	ES2	User Patches -> 073 Percussion	027 Wooden Wire_MJ	
Emagic	ES2	User Patches -> 074 Sequencer	001 ALOrigine_JV	
Emagic	ES2	User Patches -> 074 Sequencer	002 AnotherSynth_ZF	
Emagic	ES2	User Patches -> 074 Sequencer	003 ArpDetSynth_ZF	
Emagic	ES2	User Patches -> 074 Sequencer	004 ArpSynth1_AGZ	
Emagic	ES2	User Patches -> 074 Sequencer	005 bassiator_CSA	
Emagic	ES2	User Patches -> 074 Sequencer	006 Blastor_MJ	
Emagic	ES2	User Patches -> 074 Sequencer	007 DanceSynth01_ZF	
Emagic	ES2	User Patches -> 074 Sequencer	008 DanceSynth02_ZF	
Emagic	ES2	User Patches -> 074 Sequencer	009 DreamQuenzer1_JV	
Emagic	ES2	User Patches -> 074 Sequencer	010 DreamQuenzer2_JV	
Emagic	ES2	User Patches -> 074 Sequencer	011 DreamQuenzer3_JV	
Emagic	ES2	User Patches -> 074 Sequencer	012 Elaston_MJ	
Emagic	ES2	User Patches -> 074 Sequencer	013 FM Short_FMR	
Emagic	ES2	User Patches -> 074 Sequencer	014 LockerSynth_ZF	
Emagic	ES2	User Patches -> 074 Sequencer	015 LofiNoiseSynth_ZF	
Emagic	ES2	User Patches -> 074 Sequencer	016 MelodySynth(sqm)_ZF	
Emagic	ES2	User Patches -> 074 Sequencer	017 PatternSynthBass_ZF	
Emagic	ES2	User Patches -> 074 Sequencer	018 Poison_ MJ	
Emagic	ES2	User Patches -> 074 Sequencer	019 SeqSynthUnison_ZF	
Emagic	ES2	User Patches -> 074 Sequencer	020 Sequ-RoarSeq_RyB	
Emagic	ES2	User Patches -> 074 Sequencer	021 SequBig_RyB	
Emagic	ES2	User Patches -> 074 Sequencer	022 SequDirt_RyB	
Emagic	ES2	User Patches -> 074 Sequencer	023 SequFAT_RyB	
Emagic	ES2	User Patches -> 074 Sequencer	024 SequFMisch_RyB	
Emagic	ES2	User Patches -> 074 Sequencer	025 SequMighty_RyB	
Emagic	ES2	User Patches -> 074 Sequencer	026 ShortTrigger_JV	
Emagic	ES2	User Patches -> 074 Sequencer	027 SimpleSaw_ZF	
Emagic	ES2	User Patches -> 074 Sequencer	028 SimpleStepSynth_ZF	
Emagic	ES2	User Patches -> 074 Sequencer	029 Steel Drum & Tails_FMR	
Emagic	ES2	User Patches -> 074 Sequencer	030 Synthbassy01_ZF	
Emagic	ES2	User Patches -> 074 Sequencer	031 Synthbassy02_ZF	
Emagic	ES2	User Patches -> 074 Sequencer	032 Synthbassy03_ZF	
Emagic	ES2	User Patches -> 074 Sequencer	033 Synthbassy04_ZF	
Emagic	ES2	User Patches -> 074 Sequencer	034 Synthbassy05_ZF	
Emagic	ES2	User Patches -> 074 Sequencer	035 Tab_MJ	
Emagic	ES2	User Patches -> 074 Sequencer	036 That Blue Bear_MJ	
Emagic	ES2	User Patches -> 074 Sequencer	037 VeloEthnoSeq_MW	
Emagic	ES2	User Patches -> 074 Sequencer	038 Wooden Short_FMR	
Emagic	ES2	User Patches -> 074 Sequencer	039 Zellweger Stab_MJ	